Review ID,Username,Rating,Review Text,Date
e2a5603e-7048-4e1d-a5ef-994475ba74e4,dwi raynsa,5,"ada perbaikan dari versi sebelumnya, baguss.",2025-09-09 21:22:44
184e0d0a-b27a-4c70-8fdc-482c80b91701,Yoga,5,aman dan mantab,2025-09-09 21:20:27
e5040f4d-bc5a-4269-97cc-fbcc82e98704,Dea Novita,5,bagiku untuk transaksinya gampang yahhh,2025-09-09 21:19:43
3c51acf1-308c-408f-8ff0-c460fa2a3427,Siti Arina,5,Update mulu bang,2025-09-09 12:31:40
b708c250-a441-4a01-bf46-405302753ff1,Najla Fariha,1,buat apk ini dan tim.apk ini gak membantu sama sekali bahkan saya rugi dan merasa dibebani buat login doang dan cek rekening saya. saya masih pelajar tapi rasanya kalo pake aplikasi ini kayak udah bayar pajak buat negara. Masa login minta kode verfik aja bayar pulsa 2.100? udah gitu saya login yg pertama gagal dong. padahal saya cuma matiin hp bentaran. login ke 2 kena biaya pulsa lagi yg sama dan saya pas login udah punya rekening malah ga bisa tolong dong bank DKI mikir dikit ☺️☺️🙏👎,2025-09-09 11:34:37
2cbc9a35-f8b6-43d3-9738-054e5af78439,Navy Patria Nagara,2,mau ganti nomor telepon aja ribet dan susah banget,2025-09-09 11:23:54
b47ed2ab-e050-4b45-a31a-ae06ab896a1a,FIKI ROMANSYAH,1,eror baen,2025-09-09 08:52:45
a9ed9f12-1dae-4720-98c5-5df0624f98a7,ORYZA SATIVA PUTRI,5,aplikasi mudah digunakan. pembukaan rekening cepat dan mudah. bayar bayar apapun jd bisa dimana aja dan kapanpun.,2025-09-09 01:43:23
e9b0970d-02cf-4cd6-a32d-ac10e6a6594e,FOB,5,"mudah banget cara transaksinya, so far simpel dan tidak membingungkan",2025-09-09 00:49:06
1195eadb-74a0-4be9-80c2-9774754b9351,Anita CGM,5,"mantappp banget JakOne mobile selain bisa bikin rekening lwt online disini juga bisa banyak transaksi yang memudahkan kaya beli pulsa , bayar cicilan , byr listrik dll tanpa hambatan 👍",2025-09-08 23:18:49
277c04b2-fb4a-4a1c-86fc-d8ee73d32c63,Muhammad Faeyza,5,lagi daftar beasiswa trus harus buka rekening DKI aku pikir harus Dateng ke cabang dulu ternyata bisa langsung bikin rekening lewat aplikasi Jakone mobile sesimpel itu ❤️,2025-09-08 23:09:43
5b3a71ed-1819-4b1c-a5c8-b4c4d6ed7aed,Raihani Mufti Zamaya,5,"Baru coba daftar sendiri dan langsung berhasil, gampang banget. So far dipakai aman dan fiturnya udah cukup bagus",2025-09-08 18:37:56
89617224-733c-4c2f-92bc-2f3c2749d4ee,Nicholas Rio,5,"Awalnya bingung harus mulai dari mana, tapi akhirnya coba aplikasi JakOne Mobile. Ternyata prosesnya simpel banget, cukup daftar lewat aplikasi, aku langsung bisa dapat QRIS dengan mudah. Sekarang setiap kali ada pelanggan bayar pakai QR, aku tinggal scan aja. Nggak perlu ribet lagi urus pembayaran tunai, semuanya jadi praktis dan cepat.",2025-09-08 16:27:51
87c1076c-e16e-4834-97f7-5fb2927470bf,Mardiana,5,"mantap bank nya jakarta, warga jakarta wajib coba sih",2025-09-08 15:58:05
b92eb8ce-efa3-4dbd-bd6f-3d932d2919d9,Mar Maryanti,5,"Saya mencoba aktivasi di aplikasi JakOne dan ternyata prosesnya sangat mudah. Pendaftaran rekening berlangsung cepat dan aplikasi ini mendukung berbagai jenis transaksi seperti pulsa, kuota, dan listrik. Fitur-fiturnya lengkap dan keamanan aplikasi sangat terjamin. Sangat layak untuk diunduh dan digunakan.",2025-09-08 10:07:35
54b05b99-e910-4ccd-bff1-f7d51b577c5c,Usman _MM,5,mantap,2025-09-08 05:55:54
117267ce-7222-4174-bf39-ef647a354a21,Nadhif ramdan,5,Transaksi jadi lebih cepat dan mudah di Jakone mobile,2025-09-07 14:42:30
0fddfe5b-9b91-4677-a4eb-53efd52904ec,IVAN PRASETYO,5,"Registrasi app Jakone mobile mudah,dan Tampilan aplikasinya modern",2025-09-07 14:21:44
1b5839e7-d101-419b-839a-36e82afec4b7,ErzhaFa,5,"untuk tampilannya modern bisa dipahami, registrasi nya juga gampang ga pake ribet, sama fitur didalam aplikasi jakone mobile bisa dibilang lengkap, semakin berkembang buat Jakone mobile",2025-09-07 13:52:32
b0d93e39-b29b-4039-b69f-7f1aeabf4718,Aditya Randy,5,"registrasi JakOne mobile sangat mudah dan cepat, memudahkan untuk bertransaksi",2025-09-07 13:51:51
10797a85-28bb-429f-a75b-68c150d0c497,Darren Isaac Manalu,5,"Tampilan aplikasi modern jadi menarik untuk di unduh bisa dicoba fitur"" nya recomend banget!!!",2025-09-07 13:32:01
47d645d7-ba10-46a4-9279-886a8b51d01e,Nuraida Fauzi,5,"Transfer online emang instant sih, tapi sayang biaya adminnya :') tolong adain lagi fitur transfer BI FAST doooong",2025-09-07 10:19:11
d8b7112c-3781-44b1-8f28-fcb823423eeb,Haikal Fathian,5,aplikasinya mudah dan gampang dimengerti.. pokoknyaa rekomended bangett lahh....,2025-09-07 03:46:10
b1ad0e4e-14aa-4305-b7d2-32ace68eaa7a,Chusnul mine,5,baru pertama kali pakek dan ternyata okee bangett,2025-09-07 03:32:03
394e89d7-4be3-4ce4-baa8-5024e8c34b4c,Dea Fahmi Reza,5,"aplikasinya bagus sih, tampilannya sederhana dan mudah dipakai, cocok buat aku yang mager pengen bayar ini itu dengan mudah",2025-09-07 03:22:17
e4d8fe13-efbe-4ad4-9dfd-2fd6ea38d13b,Febian Messi vanfaoky,5,"transaksi cepat dan aman, fitur lengkap bagus dan modern mudah digunakan juga, kalo gak mau ribet mending pakai aplikasi ini aja",2025-09-07 02:04:27
15cdc306-2285-4fda-a07f-4f29c0e4d2f3,Yeti Cabi,5,"bagus registrasi jakone mobile mudah bgt, tampilan simple mudah digunakan fitur2nya mudah dipahami gk ngelag, jg transaksi apa aja pasti aman dijakone mobile",2025-09-07 00:46:04
f4080712-05ea-4d1e-a031-208b1761d4f8,rita,5,"gokil registrasi ny super duper mudah, terus juga nyaman, aman, dan sangat mempermudah si yang pasti, fitur fitur ny lengkap, dan yang pasti proses ny cepet si ga ngelag sama sekali, pokonya rekomen banget dehh😍🙌🏻",2025-09-06 18:21:17
4ee6d224-043c-4520-b57c-a600cac06c33,Enggar Purbandari,5,Membantu banget buat proses transaksi. Tampilannya juga mudah dimengerti👍,2025-09-06 15:40:54
3d11c08a-8ccb-4ebb-a562-b5c6c567d83f,rin ririn,5,"aplikasinya bagus dan berguna banget, karena selain untuk mobile cash, bisa juga buat berbagai pembayaran misalnya saya bisa bayar tagihan listrik disini dengan mudah",2025-09-06 15:23:02
a814900d-c87f-46ea-a802-5c869a25b937,Ahmad Ghazali,5,tampilan aplikasi modern,2025-09-06 13:53:06
7e9a5a90-42bf-4725-9536-0834622e1488,Lily Girl,5,"baru punya rekening dan coba aktivasi + registrasi sendiri dengan lancar dan fiturnya juga user friendly, menurut saya oke² aja sih",2025-09-06 13:42:01
f20ea1f9-f44c-4c4d-82f8-aa6e5f6e6aa9,Wulan Ramadhanti,5,"Transaksi sekarang lebih mudah buat saya, nggak ribet sama sekali.",2025-09-06 12:14:53
beb6105b-673d-4436-9309-ec309b9d9470,Syifa Warahma,5,"ih sumpahh, registrasi nya mudah banget simple. trus juga penjelasan sebelum regist nya ngga berbobot banget, singkat tapi jelas gitu, aku nyoba transaksi kann gila sat set buangeeet. fitur utama nya juga lengkap parahh",2025-09-06 11:55:46
dd96646e-4be7-4901-86a0-3830e54b82bf,Khilma Rohman,5,transaksi menggunakan jakone mobil sangat mudah dan aman,2025-09-06 10:45:19
f1653bfc-4a40-4a70-a103-d9cbc8603de9,Widi Pratama,1,ini bagaimana solusinya sy tf ke dana dua kali yg satu berhasil yg satu tk berhasil tapi uang sy berkurang,2025-09-06 10:42:31
f076adbf-4a9c-431e-ac9d-fa5027c7914b,Muhammad Zulfikar,2,"kenapa saya sudah mempunyai rekening terdaftar malah disuruh memasukan data diri lagi, tolong kenapa susah sekali untuk mendaftar jakone mobile?",2025-09-06 10:00:45
fa8661c9-5a98-4f02-bc1a-90a319532776,dian pangestu,5,"Saya coba registrasi JakOne Mobile dan ternyata sangat mudah serta cepat, proses aktivasi akun JakOne juga lancar tanpa hambatan. Aplikasi ini punya tampilan modern dengan menu yang jelas. Fitur utama mobile banking lengkap, mulai dari bayar tagihan hingga isi pulsa.",2025-09-06 09:37:52
10cfcda2-1053-41da-be40-6544bd2c1d2a,Sindu realme,5,"Baru nyoba aplikasi ini mudah banget ternyata buat transaksi bank,bayar pajak,kuota,listrik,pulsa dll lancar banget",2025-09-06 09:22:03
7497996d-6faa-496c-bd96-f69f8b37c16f,Ashiilah Tsabita Izza,5,"tampilannya mudah dimengerti, baguss bgtt. transaksinya jugaa cepet dan mudah banget",2025-09-06 08:45:20
dba83296-ec4f-4912-8eaf-678744a09c7e,Zainfannan Amsyar,1,bener bener aplikasi gak berguna cuma Jak one. pulsa gw Ampe abis buat SMS otp masuk ikutin langkah. sudah punya rekening . ujung ujungnya disuruh ke bank. gak danta jir aplikasinya potongan doang gede. gak sesuai. coba lagi Ampe kiamat KLO kalian belum perbaiki aplikasinya percuma. kalo balas pakai otak juga lah.. orang keluhan. bukan diperbaiki malah suruh coba. abis lagi kan pulsa gw,2025-09-06 08:41:42
48a46fb8-68f3-4a22-bab1-059e57af6367,Muhammad Haidar,5,"cepet buat registrasi nya, sejauh ini aman sih bagus",2025-09-06 08:14:20
3e00fc46-6ec6-4027-9bc2-e236e8e1b55c,Ashabul Kahfi,2,saya transfer ke dana uda 48 jam masih proses aja belum juga berhasil.. tolong penjelasannya bank dki.. jangan sampai duit saya tidak balik atau ke transfer ke tujuan,2025-09-06 05:16:40
966d6d31-d5f6-48ab-ade8-b4b06cee9a15,Luna Tasya Kamila 27,5,sangat suka karena mudah sekali untuk melakukan transaksi,2025-09-05 15:26:12
5114b16b-5f43-49c7-8550-b679595a344c,Engkol Sanak,5,aplikasi nya bagus banget pastinya bakal langganan diaplikasi ini,2025-09-05 14:33:15
8ace043c-26fa-45e3-ac0b-03249ca7783f,Aliya 2008 Zakir,5,"abis make aplikasi JakOne Mobile, dan menurut ku puas sih trus dpet pengalaman yg worth it lah ya, Proses registrasi juga gampang, cepet deh. bisa langsung aktivasi akun trus ga ada kendala. klo kliatan aplikasinya si modern/user-friendly, nggak bikin bingung pas pertama kali nyoba.",2025-09-05 14:24:09
580c0896-58ac-4566-93e7-54ca47e2c8d1,Lubnaaa 19,1,login sangat sulit,2025-09-05 13:54:54
5a13308b-5390-4536-bbfd-239206e22e4a,Fawwaz,5,"Registrasi JakOne sangat mudah dan fleksibel, Tampilan aplikasi modern dan keren, dan fitur nya juga lengkap",2025-09-05 12:46:39
3815c0ef-4d5d-437e-873e-950fce45248c,Devira Amelia,5,"rekomend banget karna transaksi disini aman dan praktis aku udah langganan banget kalo transaksi selalu pake apk JakONE, mobile banking praktis sehari hari",2025-09-05 12:45:06
5bbbfd2a-5dac-4023-a82b-e0088a00a06a,kirana,5,"Registrasi JakOne Mobile mudah, aktivasi akun cepat berhasil, dan tampilannya modern. Fitur lengkap mulai dari transfer BI-Fast, QRIS mudah digunakan, hingga Pembayaran Penerimaan Negara (MPN). Transaksi dijamin aman, cara transaksi gampang dan praktis, serta bisa bayar tagihan langsung dari mobile banking. Secara keseluruhan, Bank Jakarta bagus dan aplikasinya oke untuk kebutuhan sehari-hari.",2025-09-05 12:40:09
49197442-2033-48b7-a6a9-1fb69c60d4d4,Farr Farah,5,"Cara transaksinya mudah dipahami, terutama bagi saya sebagai pengguna baru",2025-09-05 08:59:18
72ef46f4-4446-4902-9fc7-d4fa46393cb0,Yunita Ambarwati,5,"Andalan banget, bukan hanya untuk transaksi keuangan atau transfer aja tapi bisa buat keperluan bayar tagihan, atau beli pulsa tinggal klik aja, mudah banget, dan sejauh ini aman",2025-09-05 08:23:35
69e1a1b0-06a7-43dd-93ec-cfdb46242c97,channelnya ndess,5,sangat memudahkan utk para penggunanya .. terimakasih,2025-09-05 08:15:29
5a479fa9-119e-4784-96a6-38f0f86876df,Apriliya Juwita,5,"beli pulsa dan bayar tagihan disini mudah banget dan g pakai ribet ternyata, cukup membantu.",2025-09-05 08:03:30
4b756e5d-04e5-42af-8b53-f61b8797f391,Fadillah Audry,5,awalnya bingung mau download apk apa tetapi setelah di recommended teman coba aplikasi ini ternyata sangat mudah biaya transfer murah bagus menurut saya oke selama pemakaian ini so far aman sih recommend banget,2025-09-05 07:52:06
62bd6359-c797-4ae8-ba07-68a7cadb93fd,Rafka Abkari,1,"Pengalaman terburuk terkait keamanan transaksi nasabah, uang hilang dan mutasi tidak terdeteksi. padahal sebelumnya mutasi ada tapi berapa jam setelahnya mutasi tiba-tiba hilang dan saldo tidak kembali. Teruntuk Gubernur DKI dan Direktur Bank DKI Tolong Audit Internal agar keresahan kami sebagai nasabah menemukan jawaban. Sangat Kurang sekali komitmen keamanan transaksi nasabah. Terimakasih. Tgl Kejadian 04-09-2025 Pukul 19:57:47",2025-09-04 16:49:44
7eeeed87-ce24-43c8-8db1-45503b4583d9,eycuan 888,5,"sbg warga jakarta, coba pakai bank jakarta. atm nya jg sdh byk dmn2, aplikasinya jg keren. goodjob",2025-09-04 13:25:19
3f86c632-7f91-4da8-be23-afa5d7827599,akbar,5,Aplikasi mobile banking yang sangat oke dan sangat memudahkan untuk transaksi sehari hari saya,2025-09-04 13:10:55
151a98a0-4b06-47fb-8d4d-2d7c68275d6e,Alif Alamsyah,1,saya udah ada kartu rekening cuma mau bikin di aplikasi masa gabisa sihh gajelas bngt aplikasinya disuruh bikin password udh bener malah gabisa -77,2025-09-04 12:59:37
4168fa5a-3e6d-447d-97b4-e4c05376a911,Nadia Nursanti,5,Qris JakOne mudah daftar dan mudah digunakan kapan saja dan dimana saja,2025-09-04 12:57:19
b2adb90d-eb77-4af4-92d5-e8f7ef902fe5,Rizal,4,tolong di perbaiki kembali aplikasi ini terutama jika di tgl 1 dan ketika antara 20-25 hanya muter2 saja...,2025-09-04 12:54:09
a1894da4-2400-471f-ab3c-c600361a42c5,Ayu Arnes,5,"aku coba buat transaksi qriss ternyata mudah, cepet juga. fitur nya lumayan lengkat",2025-09-04 12:37:15
d41c2a14-f9d6-4081-9b9b-4e7983bcf71e,nanaola,5,"jujur aku baru coba jakone mobile, karena biasanya di mbanking lain sering ada kendala, buat daftarnya gampang dan cepet banget, banyak fiturnya yang lengkap, bisa transfer bi-fast, bayar tagihan, dan selama aku pake sih aman dan lancar ajaa",2025-09-04 12:31:20
7a64dffe-9626-4725-b9d3-723d936ada12,Rosilawati Natareja,5,Mudah digunakan 👍🏻,2025-09-04 12:30:23
64fa55f5-314f-4b8a-95d8-f646b6148cd1,Anisa Nurfitriani,5,"Sangat membantu untuk pembayaran dan transfer. Semua fitur bisa diakses dengan mudah, tampilannya juga lebih modern. Puas banget pakai aplikasi ini.",2025-09-04 12:20:09
15d17182-3ede-4c64-b281-4b158af6e5b9,Laila Asri,5,"aplikasi bank dengan fitur lengkap, cara daftar nya cepat, praktis dan gampang banget buat transaksi, aman pastinya",2025-09-04 12:18:57
52e74059-57cd-4516-8625-d944f7f9d475,Tasya Tasya,5,"Registrasi gampang banget, aktivasi akun JakOne berhasil tanpa kendala. Tampilan aplikasi modern, fiturnya lengkap untuk kebutuhan sehari-hari. Transaksi aman JakOne Mobile, sudah coba transfer BI-Fast dan prosesnya cepat. Bisa juga buat bayar tagihan dan pembayaran penerimaan negara (MPN) langsung dari aplikasi. QRIS JakOne mudah daftar dan praktis dipakai di banyak tempat. Overall, aplikasi mobile banking oke dari Bank Jakarta bagus.",2025-09-04 12:10:58
46d3e997-822b-4f22-8325-70b8d111de0b,Tazkiyah Azzahra,5,"mudah dipahami cara buka rekeningnya, semoga amaan tanpa kendalA",2025-09-04 12:08:41
617a085d-7c0b-430b-9f49-ebfc959fa320,Nisa Riski,5,"ini buat daftar qris gampang ya, cepet bgt jadinya gak ruwet👌",2025-09-04 12:05:29
8a6607a5-d76f-40d3-8aa4-4489c56743ce,galih muharam,5,sangat mudah untuk registrasi sendiri best banget bank jakarta,2025-09-04 12:03:31
d65316dd-ac89-4072-a2fc-028346e9ce12,Ajeng Khoerunnisa,5,keren sih bisa bayar air listrik via jakone mobile sat set ga ribet,2025-09-04 11:56:00
d91bfde4-f078-4676-b298-12dfdafb9c8d,Lizar Hikmatul,1,aplikasi perbankan tapi kegunaan buat cek saldo doang.,2025-09-04 06:28:50
416bbf89-1e24-4c14-89dc-9a874974e753,Abdur Rosid,1,mbanking aneh buffering terus kocak,2025-09-04 05:55:46
bfca10b8-d661-4b85-8101-6943b9baa656,Nur 26ihsan,1,"top up D*n* gamasuk , duitnya nyangkut parah , dicek mutasi ga ada transaksi nya , gmna ini uang saya... parah sistem nya",2025-09-03 16:43:32
041f16e0-1f70-48e9-83c4-b2442bbf1da8,Koyuki Kodachi,5,Registrasi nya cukup mudah dan setelah Aktivasi akun berhasil baru nyoba aplikasi JakOne Mobile hari ini. Aplikasi nya cukup simple dan penggunaan cara transaksi gampang dan praktis. Menurut saya pribadi app JakOne Mobile tergolong Aplikasi mobile banking yang cukup oke dengan tampilan aplikasi yang cukup modern dan sudah support QRIS juga. Transaksi aman dan transfer antar bank juga cepat.,2025-09-03 11:37:44
3f5425e8-304a-49be-82db-0b345bccab59,F4UZI NUR,1,bank tertolol anj lagi perlu malah ga bisa transfer,2025-09-03 10:36:58
8210e48d-f31f-4b5e-a556-325c979c22f9,agus scuneder,1,"makin kesini makin aneh banget JakOne, sinyal sudah bagus tapi tidak bisa transaksi, sekali transaksi gagal saldo tapi kepotong, perbaiki sistem nya biar banyak pengguna nya yg gak kecewa",2025-09-03 10:03:33
a6e5f28a-1312-4689-9cc1-6c8f02a07d30,rifki mantali,5,"Dengan JakOne, saya dapat melakukan transaksi keuangan kapan saja dan di mana saja, tanpa harus pergi ke bank atau ATM. Ia juga dapat memantau saldo rekeningnya secara real-time dan menerima notifikasi ketika transaksi berhasil.",2025-09-03 09:42:11
e6f8156c-afa8-4ae5-bd93-cf94d47dc7ec,Samuel Aditya,5,"aplikasi nya memiliki fitur yang modern dan bagus secara visual, daftar rekening cepat tidak ribet. memiliki fitur bi fast yang dimana bisa tranfer antar bank secara geratis, aplikasinya sesuai dengan harapan.. the best",2025-09-03 09:32:53
c1fc941c-cadf-4de4-9783-4c1bd89a3a44,Aby yoga m,5,"Transaksi di JakOne Mobile sangat mudah dan praktis, fitur fitur nya juga lengkap 100% aman pokoknya , the best aplikasi JakOne Mobile",2025-09-03 09:27:11
2100bbb4-c4b9-40d1-95ef-8bda68245660,Sigit Akhbar,5,"Tampilan aplikasi JakOne Mobile modern, registrasinya mudah dan aktivasi akunnya lebih cepat berhasil",2025-09-03 09:16:49
e250ebca-654f-419d-95e9-913dab165fff,Nia Kania,5,"Aplikasi mobile bank yang fiturnya lengkap dan mudah dipahami, sangat membantu dalam bertransaksi sehari-hari",2025-09-03 09:11:52
7c14814e-88e6-435b-9bf0-27fad7aa3059,Eve DarNg,5,"aplikasi mudah digunakan, user friendly pokoknya. Bisa untuk berbagai macam transaksi. Dan lagi, aman.",2025-09-03 09:00:48
c625ee53-731e-4d12-a7f0-f94999c33424,alin nabila,5,aplikasinya bagus aplikasi bank dengan fitur yang lengkap terus mudah buat daftar QRIS di JakOne Mobile dan transaksi nya gampang praktis ga ribet,2025-09-03 08:34:54
dbe16007-b502-45ff-8186-8068f090d4ab,Elza Oktavia,5,"transaksi satset, daftar qris juga mudah, smuanya bagus & aman",2025-09-03 04:47:56
11cc7d35-e4c7-4fbc-bb03-6821edd8f452,Ginanjar Dwi Maulana,5,"Untuk membuka rekening online sangat mudah dan cepat, transfer ke dana, ovo, gopay dan lain lain sangat cepat prosesnya, data aman dan nyaman banget. Mantap",2025-09-03 04:28:51
74199161-b283-447c-8e3e-40e41f5ddbe7,Andi Fajri Sri Agustianingsih,5,baru nyoba pake aplikasi ini sih. Buat pemula sih fiturnya cukup mudah dimengerti. Tampilannya oke tapi lebih bagus kalau bisa ngikutin aplikasi perbankan pada umumnya,2025-09-03 04:25:48
2de9904f-5d6d-4e74-84fb-728e41ec1175,Oklinadewi Restiyani,5,aplikasinya bermanfaat mudah juga cara transaksinya,2025-09-03 04:25:36
86db38ed-8af8-4743-9a94-c01748c14f5f,Indra Saputra,2,parah saya login gabisa bisa,2025-09-03 03:36:57
7f66e744-932b-4199-9421-063b1ecce195,Almira Nugroho,1,"parahhh udh berbulan² gak bisa pindahin mbanking'a ke hp lain ,udh ke CS Bank DKI,yg ada apa suruh nunggu 1x24jam tp sampai detik ini gk ada yg menghubungi sy dr bank DKI,konfirmasi atas ketidaknyamanan'a ini malah cuek dah gtu bantu membenarkan malah berani bgt liat² hp sy scrol² hp sy,attitude CS'a gk ada,gk respect jdny maless mu ngurusin lg",2025-09-03 03:29:56
df350710-067a-4a15-bfe5-4d53def9566f,Kinur TV,1,kacau saya top-up dana yang pertama gagal dan yang 2 berhasil. sedangkan yang gagal malah terpotong.. mana tanggungjawab anda! balikin uang saya secepatnya yang transaksi gagal tersebut,2025-09-03 01:54:54
ceea2be1-3318-4d50-8e2a-d9852719508c,Kurni Yati,5,baik,2025-09-02 15:08:41
45262d3c-bf05-4a58-ab33-045170c5983b,Rinaldi Anwar,1,"Beneran ya ini bank super lelet. kendala dari sebelum idul fitri sampai hari ini gak ada progressnya. BI Fast kemana sih, udah berapa bulan gak ada progress. udah ganti nama, masih aja lelet. Perbaiki dong, udah berapa bulan ini gak beres itu masalah, mau sampai berapa tahun, mau berapa ganti gubernur, mau berapa kali ganti nama buat beresin sistem?????",2025-09-02 10:57:14
8bb8f51a-6e07-49cc-900b-45b7e5348ab5,Greta Atkins,5,"Aplikasinya mudah dipake, tampilannya juga modern dan gak jadul kok.",2025-09-02 10:56:27
62d7e698-7c32-44cc-ace6-04a30f1e69c9,Sukistari Kis,1,Aplikasinya lagi error gak bisa dibuka,2025-09-02 10:48:35
a1db81aa-9dea-4f24-a8d3-99147a7dc20a,Perjak Riman,5,"Aplikasi JakOne Mobile sangat bermanfaat untuk kebutuhan transaksi sehari-hari. Fitur-fiturnya lengkap, mulai dari transfer, bayar tagihan, hingga top up e-wallet. Prosesnya cepat, aman, dan praktis. Desain aplikasinya juga sederhana sehingga mudah digunakan. Cocok banget untuk memudahkan urusan keuangan digital.",2025-09-02 08:20:59
2b835dbd-1433-489d-b495-88466a6fb10f,Iqbal Muhammad Septian,5,"Fitur QRIS sangat membantu: Belanja di warung atau toko kecil yang sudah support QRIS jadi lebih mudah. Tinggal scan, konfirmasi, selesai!",2025-09-02 08:12:52
b7171bd4-2748-40c9-a96a-b092d1b8e89c,Allizaa 22,5,"awalnya sih saya cuma mau coba aja aktifasi di aplikasi JakOne, ternyata semudah itu dongg. pendaftaran rekeningnya cepet, bisa untuk bayar berbagai macam transaksi (pulsa, kuota, PLN, dll.) sangat mempermudah saya sih ini. tenang gais aplikasi JakOne aman banget, fiturnya lengkapp. Rekomended untuk didownload!!! 😊",2025-09-02 08:05:54
f251acf6-7c45-4e61-ac46-ee15c2aaf741,Rainy,5,"mobile banking paling bagus yang pernah saya pakai, registrasinya gk ribet dan sangat cepat, serta fitur yang sangat banyak.",2025-09-02 07:44:37
9bbde9da-dffc-42fe-8612-6c5c8f0950f2,City Zen,5,"Design Tampilannya Menarik dan mudah dimengerti, tombol tombolnya juga gampang dicari. worth it sih buat jaman modern sekarang",2025-09-02 04:01:24
6157091b-330b-45cf-ab09-20947ff903c6,Lims Edward,5,"so far sejauh ini aman sih, gaada kendala sama sekali pas gunain fitur-fiturnya",2025-09-02 03:41:43
3c1e3355-4038-427e-b921-8005e0473ceb,Adib Gembol,5,penjelasan aplikasinya sngt detail dan bgus serta cocok untuk pemula smoga sukses trus,2025-09-02 03:31:54
c5fd87f4-8944-4439-ac59-5fb97ac27aaf,pertamanan ciracas,1,"Saya topuo shoppe pay belum masuk masih dalam proses saja, saldo rek sudah kepotong malahan",2025-09-02 03:04:22
9920b509-9744-44f6-9f2c-202cf286f6cd,zainul arifin,5,"Registrasinya gampang , tampilan bagus, fitur lengkap dong , mantap",2025-09-02 00:28:58
35b1e621-fd3f-4017-90d2-3f4960834ad8,Alen,5,"aktivasi akun JakOne cepet dan mudah, tampilannya modern dan fitur lengkap membantu banget buat banyak transaksi.",2025-09-01 22:15:50
a99f99a7-ad5e-439b-b961-01de45d3136f,Cumi Cumi,5,"tampilannya modern,fiturnya lengkap dan mudah untuk transaksi.keren...",2025-09-01 19:01:27
06056264-d375-4ab7-966d-18488fb4bcd6,Saputra,5,registrasi di aplikasi JakOne Mobile gampang banget terus tampilan UI nya juga modern banget,2025-09-01 17:33:35
982d86b5-a2f1-4cc7-a8db-425111b2fdd0,Miftahul Alam,1,"kenapa dengan mobile jackone, ko error gak bisa dibuka ??? per tgl 1 September 2025?? ko pelayanan bank Pemda seperti ini???",2025-09-01 16:53:57
bac410e9-5a6d-4fdf-87cc-bc996c8fc299,Ochi,5,"Pertama kali coba, proses registrasi terasa gampang banget. Hanya butuh beberapa langkah saja akun langsung aktif. Interface aplikasinya menurut saya bersih, responsif, dan gampang dipahami. Fitur-fiturnya juga lengkap, mulai dari cek saldo, bayar tagihan, sampai top up e-wallet. Yang paling saya suka, transfer BI-Fast bisa dilakukan dengan cepat dan biaya lebih hemat. Sangat membantu untuk kebutuhan transaksi harian.",2025-09-01 16:32:00
ae60b865-0625-4ba1-b2ab-ce441082277e,masrin masrin,2,aplikasinya sering error,2025-09-01 15:44:40
d854891d-6bc0-4e7a-8d92-76dce1ef8fb2,cabest354 cabest354,2,"untuk tim maintenance tolong segera di fix, banyak bug, teruma akun yang tiba tiba loh out/sesi habis, internet lambat padahal lancar sinyal saya, mohon segera di fix, biar saya transfer atau pembayaran bisa mudah aksesnya, terimakasih, tolong segera di fix ya 🙏🙏🙏",2025-09-01 15:22:09
a24adb32-3d18-40d4-8645-82909c090254,Dante Axel,1,"Aplikasi banking paling parah menurut saya. Kebanyakan error dibandingkan dengan kegunaannya. Nasabah disaat butuh untuk transaksi via banking, yang ada malah kendala trus. Hallo BANK DKI...ga bisa apa ini bebenah sedikit aja untuk urusan jakone. Masa orang mau transaksi uangnya sendiri aja harus nyari2 mesin ATM sih, sudah tahun 2025 loh ini...!!!",2025-09-01 15:18:03
e668f66e-8c45-4ecd-974c-bf7d59871d89,Proses Pengembalian,5,knp ga bisa masuk,2025-09-01 15:15:29
c08503bf-7db6-4f78-9e4d-3c06f96070aa,Mohamad Sodikin,1,ko eror sie ni aplikasi dari pagi sampai malam kenapa sie.klo mau bayar tagihan klo sering eror kena denda dong gimana sie.admi. jangan sering eror dong perbaiki dengan. baik dong min,2025-09-01 15:11:39
526458fc-cefe-4edc-8080-e33001b21ba9,Ayung Muhammad Al Ghazali,1,ngapa gabisa dibuka dah tulisannya periksa kembali jaringan anda? kocak wifi data gw kenceng begini,2025-09-01 14:59:22
6bce12d1-412d-4dcb-a697-b0652fa898a6,Masgigih Official,1,"Kalo nggak niat bikin aplikasi mending gak usah bikin, lemot banget, kalo malem susah dipakenya.",2025-09-01 14:55:21
272e80b6-77a4-48b7-aad7-5a582facd022,Tia Anastasia,5,aplikasinya bagus banget sih untuk registrasi di aplikasi jak onemobile mudah banget dan ga bikin para pengguna bingung sama fitur fitur yang ada di aplikasi jak one mobile,2025-09-01 14:53:42
daefcceb-4bef-430e-8840-907f41afe28e,Muhammad maulana,1,idiottt. aplikasi ga guna. nge bug terus. pake wifi gk bisa login.,2025-09-01 14:51:43
5f1aec4e-f8d0-442e-97e7-ac5328f93ed3,Azzy Gavriel,1,GABISA DIBUKA TULISAN NYA PERIKSA KEMBALI INTERNET. PADAHAL SINYAL KENCENG PARAH!,2025-09-01 14:46:56
588a0b45-4d43-489d-a560-38bca5f8cef9,togel,5,amat membantu dan praktis,2025-09-01 14:40:39
e76bb9ad-4117-429c-9d8d-e6842e0e52d0,Iwan Sumantri,5,"transaksi mudah,cepat,dan aman",2025-09-01 14:36:43
7dd0b340-a1dc-446f-8d5c-9f61bf802906,Daniel Silaban,5,"Sangat membantu sekali bisa buka rekening online lewat aplikasi tanpa perlu ke kantor cabang,""",2025-09-01 14:26:27
ab9d1a61-c493-464c-9287-28ba196c1ddf,Rismalia puspita12,1,"apk jakone knpa yh skrg kurang bagus gk sprti biasa nya lancar,saya mau buka mbanking jakone gk bisa ke buka,saya klik tertera koneksi jaringan tp saya cek buka apk lain aman2 aja kok jaringan saya hadehh mgkn jaringan jakone x yg lg eror,,coba tolong di tingkat kan lg min untuk jakone nya",2025-09-01 14:25:22
911d8809-ce3a-4b14-9e3f-f09687b0fe9d,Septian Eka Nugroho,1,PARAH! setiap awal bulan selalu offline dan gangguan. gak kek bank daerah lainnya. tolong secepatnya di benerin dong. gak bisa terus²an begini.,2025-09-01 14:23:34
f8e89b26-32be-40e3-902f-cc2e57c6bb1a,alif syariffudin,1,"kenapa sih setiap awal bulan APK nya selalu bermasalah terus, masalah koneksi padahal pakai wifi, tolong lah di perbaiki",2025-09-01 14:23:12
8e4a6a45-98c8-462d-8bdc-6473aaba7a22,Rully Ramdaniawan,1,maonya apa ini aplikasi? apa2 ga bs..,2025-09-01 14:19:22
d49be625-0d8d-49fc-9f9a-c143fb16ff03,Niko widyanto official,1,mau transfer lewat m banking aja eror terus...mau cek dan ambil duit lewat ATM pake kartu aja eror trus gagal trus..makin ksni makin ksni ni bank...ga jelas...stiap awal bulan pasti bgtu.. service eror...sinyal bagus...semua bagus...mang aplikasi aja ga jelas .,2025-09-01 14:19:05
78e465ef-2885-4087-bb76-5fd0222454a3,Budi sukiyanto,3,"aplikasi sering mogok, ngadat...",2025-09-01 14:18:20
fc14b939-9c78-4d2c-8e2c-dd4d370133c0,Ryand Achmad Dumyati,1,kebanyakan di itu tuhh,2025-09-01 14:14:24
50ff3603-f12e-408b-8d83-a5e44b24f175,Ahmad Sururi,1,apk tai,2025-09-01 14:10:39
8ddd99b4-4689-4912-a63b-8a8db0fcf9e2,Damayanti Damayanti,3,kenapa JakOne Mobile e-baking saya tidak bisa tolong dibantu Terima kasih,2025-09-01 14:08:27
10e77aa8-1372-4abd-aa06-74f4c0801650,Karung Gonni,1,erorr mulu ini aplikasi aplgi pas tgl 1 nympe seharian eroorr.. idihh amit¹⁰,2025-09-01 14:07:38
26eefb0e-564d-42a6-9df9-c33b32252377,Rizki Fajar,1,Ngelaaaag bgt ya Allah,2025-09-01 14:03:34
b0872580-2622-4c0c-b88a-2cfc435d2c0a,TATA NURJAMAN,5,"Baru pertama kali coba registrasi sendiri dan ternyata prosesnya gampang banget, nggak ribet sama sekali. Setelah aktif, dipakai buat transaksi juga aman sejauh ini.",2025-09-01 13:44:20
e577c531-e6eb-4ca9-b5f4-5a0ac0348ba1,Azma Syerry,5,"Rekening berhasil saya aktivasi tanpa kendala, tampilannya cukup jelas jadi mudah dimengerti. Transaksi sehari-hari juga terasa lancar, jadi cukup nyaman dipakai.",2025-09-01 13:41:01
e7506564-4b5a-4c80-b2fa-25098127551d,rizpan,5,fitur dan tampilannya sudah modern dan sangat lengkap dan juga transaksi disini mudah dan tentunya aman yaa guyss👍,2025-09-01 13:40:55
5298aa89-e79c-47c2-8764-a93b599a49d3,Mazham Mazham,5,lemot parah.. paling buruk ini doang aplikasi parah.. busuk parah,2025-09-01 13:32:28
2b1af45b-850f-4604-a018-107ea4f1f8d3,Dyah Prastiwi Jati Murni,1,"sekarang JakOne Mobile parah, sering offline, sering gangguan dan belum bisa BI Fast",2025-09-01 13:28:57
81f012ef-d871-40f4-9c2b-febd466900b4,Aisyah Nur sabillah,1,kebanyakan gangguan mnding kaga usah ada dari pada gangguan mulu sekali Bae kaga usah bikin jakone kalau bermasalah Mulu,2025-09-01 13:15:37
20f05c35-da90-4270-ac2a-4f043f6398f7,Yusuf Sabani,1,tgl 01/09/2025 jam 15.00 aplikasi ga bisa di buka keseringan eror aplikasinya min ga malu sama aplikasi sebelah apah ya 😄,2025-09-01 13:14:39
afefce3d-5f24-40d8-baa0-ea20ef93e272,Adnan Akbar,5,"suka deh pake aplikasi ini , fitur nya lengkap , registrasi nya mudah , pkonya aman deh transaksi nya .. apalagi tampilan nya udh sangat2 modern cocok buat kita2 nih yg kalangan anak muda ..",2025-09-01 13:13:16
22632a2f-4afc-4d20-9e08-e9d3ff42d7d4,elviz carz02,2,"makin parah jakone mobile.. bukan di tingkatkan terus tapi malah makin merosot, sama ja kaya kinerja DPR.. malu jadi andelan DKI",2025-09-01 13:12:59
83372baf-defe-428c-b0bc-c0fe39997605,Konde Aje,1,bank ibukota begini ..setiap ada gaji yg keluar selalu eror..parah pelayanannya,2025-09-01 13:10:39
412a1090-90bd-4cd3-b4bc-e51122399db5,Ali Alfatir,1,"Akhir Akhir ini jakOne sering bnget gangguan,,,,ga sperti app bank lain,,,,",2025-09-01 13:09:41
e55147ea-d852-4637-a35a-578f4eeb5883,Muhamad ikhlas,1,aplikasi sampah error mulu,2025-09-01 13:08:11
db436e56-9d9c-4bb5-95b2-00d08b5c841d,Egha Setiono,1,parah sering error GK jelas,2025-09-01 13:02:33
0389eea1-211b-4b5a-9f51-4571f4510d53,Prasetyo Wibowo,1,"Aplikasi yg sangat sering error! Runyamnya, banyak pembayaran hanya bisa pakai Bank ini. dikelola seperti Amatir.",2025-09-01 13:01:50
45c476ed-4976-4fe3-bd8d-4e91acc74dd7,Comtu As,1,error mulu,2025-09-01 13:01:50
fede36ab-a31f-46be-a704-8e39ed6d8f5f,Dika Aji Waskito,1,APLIKASI MBANGKING TERBURUK!!,2025-09-01 12:57:41
85e3ecf1-2f73-43a9-951a-d448808fa697,Raka Agustian,1,bank galayak. malah di pake buat tempat gaji. kebanyakan error,2025-09-01 12:54:00
c89dfe9c-77e5-49a5-b004-b7427fbeac51,Batuah Sutan,1,ngeselin offline mulu kalau kita mau Terima gaji.,2025-09-01 12:51:07
37f4faf1-5a99-4c4e-9d6b-212d0d1c12f1,gina Anjani,1,"gangguan kenapa di tanggal muda,,,,,gangguan lama bener,,,,,sinyal banyak tapi katanya ga ada sinyal,,,,,,ga bisa di buka sama sekali. parah udh ini aplikasi",2025-09-01 12:49:41
f880c251-6122-4bb7-9aa6-b7bb2c7f2cce,prima mbon,1,pemeliharaan ga kelar kelar,2025-09-01 12:48:22
9c768500-c5a2-4d14-922e-f87a3aa06c8b,Kartini Halief,2,"Sering gangguaaaaannnn Sejak bulan puasa transfer g bisa BI-Fast, skrg lagi butuh banget buat isi e-wallet. Malah gangguan dari siang, padahal mau pesan ojol uang cast juga habis 😭😭😭",2025-09-01 12:47:43
7c3a11bb-bf84-4817-ad47-e47800960e1c,Jojo Nub,1,burikkkk,2025-09-01 12:46:11
0ef61ebf-5608-4acd-afb6-351dd92b532d,khanza nova,1,apk asu,2025-09-01 12:39:09
f9af43ba-09aa-4fec-b1b7-c0ca73525703,irvan luddin zidni,1,kebanyakan meintens disaat situasi dibutuhkan,2025-09-01 12:37:42
6339ad04-0c23-4862-a62c-537e67e7670c,ZiPW Ziya PurWa,1,"Terulang lagi tidak ada notif tiba"" Down. Ini aplikasi sebenernya niat gk siih? Tiap bulan kena potong bgtu juga akhir bulan kena potongan. Kn astaga aaah",2025-09-01 12:36:32
cfca6875-11ea-4cfb-8435-2984dbb6ac62,Anson Lawson “Caro”,5,bagus tapi suka error,2025-09-01 12:36:17
680677ea-40eb-4c14-a2bd-079101752bfb,Elisa Wahyuni,5,"JakOne keren! Aplikasi ini memudahkan transaksi keuangan dan pembayaran dengan proses yang cepat dan mudah. Fiturnya lengkap, user-friendly, dan sangat membantu dalam mengelola keuangan sehari-hari. JakOne sangat recommended!",2025-09-01 12:33:27
869dc302-7d7d-4abe-95ed-43f790eeb316,azril rafizqy,1,apakah eror lagi??,2025-09-01 12:29:14
ccc9ff05-b192-404c-9ffd-7d2d6963b060,siriayudhara,1,"Suka eror disaat dibutuhkan, di masa idul fitri gangguan selama satu bulan penuh. Setelah itu layanan mobile apps tidak kunjung membaik. Lemot. Transfer sering gagal. Banyak banyak sabar yang jadi pegawai jakarta pemerintahan",2025-09-01 12:25:53
591c49fd-6b87-4f5c-baa7-9799e02a00ff,Arisha Ramadhani,2,"kenapa di tanggal gajian,sistem jackone malah eror. mana bikin kartu ATM online udah 3hari belum di sampai. kan jadi susah buat ngambil duit..",2025-09-01 12:22:15
62969c1b-3241-444c-bd6d-f271f42da2e6,Rudi Hart,5,"Aplikasinya sangat membantu untuk kebutuhan harian. Semua fitur seperti transfer, pembayaran, dan top up e-wallet berjalan lancar. Desainnya juga user friendly, jadi nyaman dipakai kapan aja.",2025-09-01 12:21:40
921306a1-6f09-4ddb-9033-cf9e45566ad1,hanni hk2023,2,"suka eror, gak bisa transaksi",2025-09-01 12:21:17
8a67f188-7cf4-4e5b-81c5-441a504ff138,Yasin Star,5,"tolong tingkat lagi,, jangan setiap awal bulan pasti eror jakone mobile",2025-09-01 12:20:25
50e5b7ec-2f3d-4e7b-a379-f81b46666104,firdaus husna,1,sering offline,2025-09-01 12:17:30
24f87453-72ff-4b0b-a7dd-89f7220f150b,JHONY HUTAPEA,5,cepat dan,2025-09-01 12:17:19
b94ebcd1-8f40-4b7b-a76b-1b3085eda586,safiraa,5,Registrasi di jakOne gampang bangett terus juga fitur fitur nya lengkap gampang di fahami transaksi disini juga aman deh,2025-09-01 12:16:12
1c36d39d-8b70-4b5e-9df9-2edd7f2a7a39,Chairina Nabila,5,"tampilannya ga ribet, jadi mudahh dipahami sama pengguna baru 🫶🏻",2025-09-01 12:15:40
6b157997-da18-4b3a-b168-59e08480b6d3,ada ada aja,1,"mohon maaf atas ketidaknyamanannya, saat ini sedang ada peningkatan jaringan pada aplikasi JakOne Mobile sehingga sementara waktu tidak bisa diakses. Kami sampaikan mohon maaf atas ketidaknyamanannya dan mohon dicoba kembali beberapa waktu kedepan. SARAN AJA NI BUAT BANK JAKARTA KALO MAU MAINTENANCE JANGAN JAM JAM ORG YG MAU TRANSFER JAM SIBUK KALO MAU MALEMAN, DI PIKIRIN LAGI KEDEPAN NYA KAN BISA MIKIR",2025-09-01 12:15:35
776ece3b-3eee-4a8b-aa89-79bd7d4e65eb,Mr arf,1,"setiap payment pasti error... internet wifi kenceng, tapi notif Internet tidak stabil🙄🙄🙄",2025-09-01 12:15:01
fbd72b23-f919-4ed9-88a5-267174d8b4bc,Jody Pradipta,1,"aplikasi tolol, sering trouble",2025-09-01 12:14:32
cea414e6-4c1b-4c6f-97ed-8f92808da473,ade wibowo,3,"kenapa sih jakone sering error, ketika lgi urgent mau tf malah error terus.",2025-09-01 12:14:04
ec30ea26-7ffd-4bcd-b4f6-2749770e7691,Husen MCFC,1,"GAK USAH BIKIN MBANKING , KALO GAK NIAT , BUBARIN AJA BANK DKI , BANK GAK GUNA",2025-09-01 12:11:08
21ab7846-99cb-456b-8381-25ed3e79024d,Ibrahim Raysid latif,1,"kanapa sih pas gajian pasti error, gak kaya sebalh",2025-09-01 12:06:20
f6da18c5-3e99-4f6e-90a9-dad588b68c6c,Nur Syaifullah,1,gk pernah jelas nih aplikasi... sangat jauh berbeda sama bca...,2025-09-01 12:04:36
9fbcd3a2-c8bb-471c-8890-35a0e07a15f4,Amirudin,1,sangat mengecewakan,2025-09-01 12:04:12
cfa38b65-ada0-4f47-91eb-c824e121b559,City Mullia,3,tolong bank DKI ... jakone dari sore ga bisa kebuka ...,2025-09-01 12:03:24
8e171f12-5a5d-45b7-bc7f-04bc2af77a3e,cahyono mamas,1,"berbenah lagi dong, sering eror teruss, masa kalah sama bank lain, setiap tanggal muda pasti erorrrr terusss",2025-09-01 12:00:30
568977fe-96e8-4170-bba7-c0653f98a3a4,Fawaz Wildhani JiwaTama,1,mbanking terburuk sepanjang masa,2025-09-01 11:57:56
a6e9a4bb-9bbc-4482-a5ff-55261a6a5017,MauP290 Maup,1,aplikasi gak berguna..,2025-09-01 11:56:41
a1ff1d2d-2884-4e29-9032-8818bb3f2daa,Rizky Boy,1,lemottttttttttttty,2025-09-01 11:52:56
156b61e8-3bb0-40fe-95dc-b593e684695a,Muhammad Dias,1,"ini kenapa ya kok ga bisa masuk ke aplikasi padahal sudah menggunakan wifi, tolong di perbaiki",2025-09-01 11:50:51
5c3017b3-5e64-4bb8-bd64-22daf7c1dee4,sunaryak arya,1,ga semuak ini. beberapa kalau dana nyangkut. lemot saat mau login. coba login di apk bang sebelah lancar jaya. giliran apk ini alasannya periksajaringan. dan sampai dititik muak ini saya rat ⭐1,2025-09-01 11:46:58
94ef9367-1a83-4e74-9e50-3f0020db0c41,Andi Aksara,1,"Lu kalau di kritik berbenah,Jan cuma minta maap terus,lu kira lebaran?",2025-09-01 11:43:28
5aa67108-e9e9-4925-aef3-fc388b595252,Badboyz378,1,"Lemot, maintenance selalu di jam sibuk!",2025-09-01 11:41:38
75fd8d02-9963-49e0-b59e-723645e18e47,jarott veoce,1,jelek suka eror setiap awal bulan,2025-09-01 11:41:30
6e89eb4e-5f29-430f-bf15-703083d2a5df,Fachri Septian,1,satu satu nya bank yang gangguan terus menerus,2025-09-01 11:39:29
6ee03014-eab7-4678-b99d-2e697ca44cc1,Cfdd Ass,1,"gimana si,waktu gajian pasti nggak bisa dikases",2025-09-01 11:38:25
b002805c-d820-4340-b589-75f8a0103bcb,M Isak,1,"Perbaiki sistem, masa hari kerja pake maintenance kocak , nanti saya kasih bintang 🌟🌟🌟🌟🌟 kalo secepatnya di perbaiki",2025-09-01 11:32:22
931e13c1-aeb9-4a95-b572-c6a4f4f9360c,Iqbal Alhanif,1,"sistem bobrok, asal gaji turun error.",2025-09-01 11:28:44
6f7ee87a-d703-4157-86cc-852d5c501e35,Putra Saputra putri purwanti,1,"ada aja gebrakanya,eror lagi eror lagi",2025-09-01 11:26:37
ace571ac-657c-4399-b45d-5e2f7dec09dd,Rutiah 21,1,jelek banget apk busuk,2025-09-01 11:25:48
735b1fd7-94f4-4d1d-b351-ceb37f71b844,Agung Rizqi,1,"Aplikasi sering sekali masalah, tidak pernah belajar dari kesalahan",2025-09-01 11:24:57
3e0e5f01-2358-457e-a6c0-03f0fd8babbd,Asman Oke,1,"apaan sih ni aplikasi lama"" makin ke. sana makin kesini makin gak jelas aja kebanyakan offline nya tolong lah min benerin",2025-09-01 11:23:51
ec5a59f7-86d2-42a6-b615-32de30000eac,Dvva Zfrh,1,error lagi kah aplikasi pemerintah ini?,2025-09-01 11:22:30
927540a9-7ace-4586-ba6d-8e486f99aad4,Agus Mulyadi,1,"hari ini mau digunakan ga bisa ,aplikasi suka ngehang padahal internet stabil.disaat bank lain meningkatkan pelayanannya ,bank ini jalan di tempat.apa Krn sdh pny nasabah tetap y 😂🤔",2025-09-01 11:21:42
a0edf4f2-7170-47e3-9caf-9ec26dfe0b3b,Diady Faeyza,1,Semakin parah nih aplikasi,2025-09-01 11:15:56
cbca904f-8e7e-4da0-a2c9-cbcc3537f12a,Dimas Dirgantara,1,Makin Hari Makin Kacau Ini Aplikasi... Ga ada Niatan Mau Memperbaiki kaya M Banking Lain Apa!!! sruh belajar IT nya sama IT bank sebelah biar ngga gangguan mulu,2025-09-01 11:15:37
a5b0035b-13b2-4772-b8e4-6cbf425e4290,Mputrafadilah,1,"aplikasi tidak bisa di buka ,padahal jaringan bagus",2025-09-01 11:14:48
ffebe477-93b4-4143-923b-63a200fabc47,Seftian Ferdiansyah,1,"sering eror ,ngga bisa masuk. kadang fitur fitur juga hilang",2025-09-01 11:11:54
4479b7da-aa08-4fa0-9fef-89066e4514af,Sandy Irawan,2,"kLo bukan karna gaji masuk rekening DKI,,mngkin udh gue apus nih aplikasi....aplikasi gembeL..Payah...",2025-09-01 11:10:43
438060f9-2bb6-4eb3-b971-f217c3aa0e1e,Dedi Supriadi,1,ngelag mulu... yang di salahin koneksi jaringan kita. padahal dari dianya yang bermasalah,2025-09-01 11:10:11
d3668171-559c-4f7b-9989-e7319033b443,Gigin_ Permana16,1,terkadang selalu error mesti di benahi aplikasi nya biar ga error terus servers nya perbaiki ga semua ATM nya ada kadang lagi pulang kampung susah ngambil kalo servers nya susah gini,2025-09-01 10:59:02
ea597cd7-2271-435c-beb9-567f0e8addad,Enda AdiPutra,1,"Mau bagaimana maju ini aplikasi, di saat lagi di butuhkan untuk transaksi... si JakOne Mobile eror, sy pikir jaringan internet di hp eror, ternyata dr aplikasi JakOne nya yg eror... hadeh... jadi males simpen dana di bank DKI,, apalagi saat di butukan transaksi via M-banking",2025-09-01 10:58:10
94facd9c-3ddd-4f7e-b727-c32903469904,Robi Lewafik,1,klw pas awal bln slalu offline,2025-09-01 10:56:07
7d6d6af7-de13-4280-a15e-0178f4905824,Eudwardlano Ezha,1,sadis lemot nya kalau tanggal 1 ngecek gaji,2025-09-01 10:53:18
d235cf0c-4ac5-4b02-acbd-c96dafc775ad,Sumayah Jesna,1,"Apk parah,,,, duit nyangkut mulu udh gitu offline Mulu... kalo bukan Karna Gaji kaga Bakalan Pake ini dah",2025-09-01 10:51:22
67b71582-5eb5-4360-b192-006cdd514084,Yusnur Afizah,1,kenapa setiap tgl gajian pasti error bikin menghambat alur keuangan org lain,2025-09-01 10:49:44
56530674-4f13-4324-8eac-71998f3c6b85,Mamas Anggi Channel,1,setiap pas gajian selalu eror taheeekk,2025-09-01 10:42:18
89bf80ed-896a-4374-b3ed-5ef60fe0b12a,Wahyu Ari S,1,aplikasi terbobrok yang pernah ada !!!!,2025-09-01 10:39:32
78a5b727-11c0-4a38-bee3-4ac3adb6840d,Panca Susilo,1,gangguan Mulu taekkkk .. petinggi it nya copot aja,2025-09-01 10:30:18
0e3b5230-23e0-44b2-8c91-606fb5cb94d8,Kenzie 5868,1,ini kenapa m banking nya kga bisa dibuka aneh mau TF jdi susah RIBET,2025-09-01 10:29:12
bcb0152a-7382-4b58-8f6f-026b780ccc4d,Aa Xia,1,Tolong tutup aja banknya.. Tiap awal Bulan Error mulu aplikasinya.. kalah sama bank laen lebih Profesional,2025-09-01 10:27:48
6977d83b-8b0b-40b4-a4f8-40722f585605,Natasya Tiara Alika,5,Aman banget ini apk nya👏,2025-09-01 10:15:23
e9107e4e-1517-4c68-ab89-d2d56e006aaf,Muhammad Naufal,1,"udah gajian mw transfer transfer dari mbanking biar mudah jakone nya malah offline, mantappp offline nya pas banget gajian turun",2025-09-01 10:12:30
f8f415e9-122e-477f-92cb-d22e562c6058,vicky ardilan s,2,ini kenapa offline bank DKI ? sampe kapan,2025-09-01 10:11:32
4fbd5acd-9ea2-4f21-b8a6-6e8a1f39b941,Elik Suroso,3,kebiasaan klo ada duit keluar pasti aplikasi ny eror..gak profesional amat si bank DKI,2025-09-01 10:09:30
8f6444d3-2dde-492e-b275-2e7c8cbd8ec0,Ahmad Romlih,1,"offline, Apa Karena Gara-gara Demo Jadinya Aplikasi Jakone Mobile Gk Bisa Di Akses.",2025-09-01 10:07:20
77e18d97-76c5-4dcd-8508-6e2961069d2a,ADI PRB,1,"klo bukan gaji masuk kesini ,najis bgt gw pake jakone",2025-09-01 10:06:33
2aae12c2-d60e-4b9a-8b76-d8a071029853,Dhika Julian,1,"APLIKASI KAGAK JELAS !!! MUTER DOANG DARI DULU KAGAK PERNAH DIPERBAIKI, GILA GILA JAKONE BEGINI TERUS GAK PUNYA SOLUSI APA GIMANA INI TEAM BANK DKI",2025-09-01 10:06:27
59ef6c65-776c-4731-b1fb-c4ffb846817a,Aldi Pratama,1,"gajelas kocak, tiap mau transaksi aja kendala nya, ntah sistem eror lahh, ntah aplikasi nya eror lah, tolong dong bebenah, kalian ini bank jakarta loh buat pegawai jakarta susah aja tiap gajian ada aja kendala nya, tiap mau transfer ada aja kendala anehh !!!",2025-09-01 10:05:47
b2d98ecc-5f57-4cd1-8b24-8c1cf508c778,tomy Bro,1,cacat njiir,2025-09-01 10:04:46
3f2d7173-d341-434e-a328-e5aa9fec3a9d,Burhanudin Maarif,1,"buat Dirut bang DKI, kerja kalian ke orang bego stiap awal bulan kenapa JakOne selalu eror, tolong perbaiki lagi sistem eror ny",2025-09-01 10:04:35
4bb2ef43-0a1f-4485-926c-f704ac62ef13,Anom Pratama Putra,1,APLIKASI ERROR TERUUUSSS HADEUHH!!,2025-09-01 10:03:56
2cd2508f-064a-43a7-9aa7-39fb4a314385,MUHAMMAD SUNANDAR,1,kebiasaan banget dah setiap gajian selalu aja ini aplikasi selalu offline,2025-09-01 10:03:55
97ee1bd8-2c6c-4ea3-9e05-dd2b38015a41,Riyadi fitar arlis Fitar,3,jaringan nya bermasalah mulu,2025-09-01 09:56:10
86706560-0da1-46dd-9138-8a5767124a75,DR RECORD,1,tiap gajian server error.🥴🥴🥴,2025-09-01 09:53:37
ef506e91-63e5-40c4-8ce3-b922f9bd4a7d,Agung Sudrajat,1,Eror mulu...,2025-09-01 09:45:19
5276a7ce-8941-466a-9854-1c11034fdff5,Khaeru Zavier,1,"parah bikin nyusahin orang lg butuh. Ya Allah,tolong dong jangan nyusahin",2025-09-01 09:42:43
64943f2e-4cf2-4874-9448-95c46961be50,rafi faturrohman,1,"kocak kebanyakan trouble, IT nya bebel,. masih ga ada perubahan mau login aja ga bisa diproses, mending ganti apk lu jadi game cacing min,blom becus ngurus sistem sekelas bank. login apk aja kaga bisa,. busuk. UDAH GANTI DIREKTUR SAMA IT MASIH BUSUK JUGA",2025-09-01 09:36:20
d61403cd-ecc9-4775-a32b-34904f21b55f,Rudi Nurtanto Triadi,1,SAMPAH.. GAK GUNA LOE BUKA BANK,2025-09-01 09:33:03
d5f853f3-8a09-4b6f-a8c6-c20305fc8e14,Ateng Bhodoh,1,kebanyakan gangguan ntah kenapa makin kesini makin banyak gangguan,2025-09-01 09:25:07
57df580a-e1f7-408c-8ac4-0ee8cd65fc92,Syarief tulloh,1,kebanyakan errorny gmn si,2025-09-01 09:24:11
2582ae3b-e9ab-4479-9f49-1a760e09594d,INDO DESTRO,1,"PARAH BANGET GAK BISA DI BUKA APPS NYA, SEDANGKAN YANG LAEN BISA, KETERANGAN OFFLINE DAN JARINGAN BERMASALAH, APAAN KALO BERMASALAH SEMUA APPS GAK BISA DI PAKE LAH INI APPS JAK ONE DOANK YANG GAK BISA",2025-09-01 09:23:51
94d48508-75a6-4e52-ba11-9680ffb301d1,Rizky Prasetyo Adi,3,sering bgt error😫,2025-09-01 09:22:34
0f9f711e-2de3-46cf-9dd0-af426b2c3cf8,Sisi Jalan Channel,1,kok gangguan sih? apa mbanking udah gak bisa?,2025-09-01 09:19:25
37782c05-5ea6-4c3a-b556-f3b539e71f7c,Arief Rahman,5,ok,2025-09-01 09:18:32
c62e678d-9756-4c3f-876d-495b28f26ece,Irwan Sopian,1,"aplikasi mbanking terparah tiap hari gangguan mulu,lemot,fitur minim",2025-09-01 09:15:54
4deffb1c-9bb3-4235-a998-d9e07eb66158,Prihand Koko,1,"aplikasi E Banking paling buruk se-Indonesia, yg kategorinya punya BUMD Ibu Kota Negara.. tp kualitas nya sangat memperihatinkan, saking karena tuntutan kerja pake Bank ini.. kalau tidak udah saya uninstall !!",2025-09-01 09:15:33
1b6c8507-ec8c-415d-bf77-a3e68e8b185b,prayoga dwi,1,kebiasaan tiap awal bulan pasti error,2025-09-01 09:12:49
7419e8d2-2fcc-4f66-b42b-9d34b17945a2,abc,1,error terus susah bgt masuk aplikasi,2025-09-01 09:09:56
9fdca58c-2b5b-4828-8ff2-c118d134d408,dedi laksono25,1,kebiasaan jakone tuu asal mau kayak gini gangguan Mulu aplikasi nya aneh banget,2025-09-01 08:51:21
be1b08bb-0d2f-44cc-96a3-546e0b48d003,NAMLESS CHYT,1,ini gimana si gangguan mulu ... potongan admin gede tiap bulan tapi kualitas aplikasi jelek bgt mending uang potongan itu dimaksimalkan untuk maintenance aplikasi biar ga gangguan terus,2025-09-01 08:50:58
682ed9b6-7aba-4569-bb4d-82c04b6648a6,Reza Esa Putra,1,apk tolol,2025-09-01 08:44:37
9989cbdf-3e20-443a-bd93-608c8df6452c,anggi kusumah,2,parah setiap tanggal 1 s.d 5 down terus server,2025-09-01 08:41:03
0125b21c-9dc5-48c0-8db7-839af7a07b4e,Aji Tube,1,"sangat buruk, buka aplikasinya aja muter2 terus padahal jaringan bagus, mau login aja susahnya ampun dah",2025-09-01 08:27:25
1408bca6-8147-451c-991d-09845d130248,Syukron Hidayat 01,1,"kenapa jakone mobile ini kalo di awal bulan selalu banyak kendala.. dan susah aksesnya pasti setiap awal bulan, ditambah tidak ada perubahan yg sangat signifikan dalam sistem nya mau itu fiturnya dll.. tolong segera diperbaiki sistem jakone nya",2025-09-01 08:26:07
b17aa069-1015-43b9-8e87-662f038381e3,Riawansadega Sadega,1,pas mau masuk selalu lemot bikin kecewa,2025-09-01 08:07:02
eb74f17c-0f13-469c-a277-67a2e5f00b43,Riki Ariesta,1,parah sih ini setiap tanggal 1 di waktu orang gajian..selalu aja eror aplikasinya... tolonglah pemprov dki ini diganti saja untuk penerimaan gaji yang berkerja di dki pakai bank lain saja..,2025-09-01 07:22:22
ed2a8f7c-989a-40b3-973c-6fff81cace62,retno sundari,5,"sangat mudah sekali melakukan transaksi di aplikasi jakone ini, tanpa ribet dan tanpa tunggu lama. bisa dilakukan dimana aja dan kapan pun. semua lengkap dari mulai pembelian pulsa, kuota dll bisa juga untuk melakukan pembayaran tagihan seperti listik. air dll.",2025-09-01 02:03:25
9e7798f7-03cb-4570-9ae6-7dc248fbf238,Restanti Julisa,5,"Bener bener gooddsss bangett sih apk ini, mau bertransaksi pun jadi praktis karena kita pake aplikasi nyaa, jadi lebih mempermudah kami yang suka bertransaksi menggunakan qris, sangat sangat friendly untuk kalangan umur dongg, goodss jobb jak one❤️",2025-09-01 01:58:25
12e636cb-0de4-4542-81a2-2b495a71349a,Retno sundari,5,"aplikasi yg memundahkan dalam urusan bayar"" dan pembelian seperti pulsa dan kuota sangat amat mudah. terutama memudahkan dalam membayar seperti tagihan air, listrik dll. tanpa ribet dan tentunya satset sekali",2025-09-01 01:55:15
c2c4d856-919d-4a35-b086-4fa35ce9c826,Efendi Belitung,5,registrasi muda aktifitas akun berhasil tampilan sangat modern fitur utama mbaking lengkap transaksi aman jakOne mobile,2025-08-31 19:54:51
6618a74b-e87e-43bb-ace1-57878b459c2c,Laila Hafizah,5,registrasi jakOne Mobile sangat cepat mobile banking aman digunakan bisa untuk bayar tagihan dan fitur nya sangat lengkap,2025-08-31 15:14:50
f15672de-581b-453e-a1ac-8be296e39163,Janelle Drake,5,"Suka banget soalnya registrasi di JakOne Mobile mudah terus daftar rekening online cepat, nggak ada drama.",2025-08-31 14:56:20
ad00e0c8-74c8-419e-ab92-aeea9115ac62,puma,5,"registrasinya gampang, prosesnya ngga ribet dan cepet. fitur lengkap dan transaksi aman buat sehari-hari",2025-08-31 14:54:02
f9a2a8ee-beda-489b-bfe3-42d4654f2666,nay,5,"Suka bgt sm aplikasi ini. registrasinya mudah, tampilannya jg bikin nyaman dipake, QRIS nya mudah dipake pokoknya transaksi aman dehh",2025-08-31 14:50:25
24051316-89a1-45dc-a506-3bd781013fed,Roslaini,5,"Regitrasi nya mudah dan cepet banget ga ribet lagi, terus mobile banking nya juga aman banyak fitur pula jadi gampang banget buat transkaksinya",2025-08-31 14:48:35
e2ecc875-b171-4549-9ec1-ff705f81c9f8,Khasani,5,"Tampilan apk nya kekinian banget desainnya ok, terus biasanya aku sering pake mobile banking nya buat sehari-hari lebih praktis dan aman tentunya",2025-08-31 14:40:37
a9ba5f6a-7071-45d7-9a21-81d12ba6566c,Sale Crispy,5,"JakOne keren banget! Aplikasi ini memudahkan transaksi keuangan dan pembayaran dengan proses yang cepat dan mudah. Fitur-fiturnya lengkap dan user-friendly, membuat pengalaman bertransaksi jadi lebih nyaman dan efisien. JakOne sangat recommended untuk kebutuhan sehari-hari!",2025-08-31 12:46:37
3c24f7b0-641a-44b2-ae79-2ab8bd4b19d7,Kaila Pujiana,5,"transaksi jadi lebih mudah, cepat,dan aman. JakOne Pay & QRIS sangat praktis,ngga ribet kalau mau bayar atau transfer",2025-08-31 12:45:49
1fbf231c-c010-4489-8840-cdd484facaea,Alvira Mustikasari,5,"Registrasi app ini dengan mudah & cepat, UI UX nya keren. Tampilan aplikasi nya ngga jadul dan canggih. Transfer antar bank aman banget.",2025-08-31 12:41:10
c7b8041d-8a2b-4cdc-b06b-b601320e6bb6,Linda Khoiriyah (Linda),5,"Fitur Aplikasi keren dan mudah di gunakan, selain itu untuk daftar dan prosesnya cepet dan mudah",2025-08-31 12:39:01
273a9371-b014-4983-b5d5-a3c49e647685,nayla bakery,5,"suka bgt pakai aplikasi ini, registrasi jakone mobile nya mudah, proses cepat praktis , aktivasi akun berhasil tanpa kendala.",2025-08-31 12:38:21
6fb3f1d9-7594-4f3a-90f7-508630f028cd,Mutiara Pujianti,5,"kebutuhan sehari-hari, mudah aman dan terpercaya,fitur utama mobile banking lengkap, dan transaksi amann",2025-08-31 12:36:21
73f1249e-36c3-4c52-8b27-78bb391222d4,Kurniawan,5,"Aplikasi JakOne Mobile sangat membantu saya dalam melakukan transaksi keuangan sehari-hari. Mudah digunakan dan fitur-fiturnya lengkap!"" ""Saya suka aplikasi ini karena transaksi saya selalu lancar dan tidak ada masalah. Terima kasih JakOne Mobile!""Fitur Lengkap ""Aplikasi JakOne Mobile memiliki fitur yang lengkap, termasuk mobile banking dan e-wallet. Saya sangat puas dengan layanan ini!""User Interface Menarik""Tampilan aplikasi JakOne Mobile sangat menarik dan mudah dipahami.",2025-08-31 12:33:33
e1b6d923-2b8c-4397-a6b9-ca966334f61b,Heru Apriliawan,1,sangat menyusahkan knp harus ad merchant di tokped kalo gak bisa langsung update saldonya bikin susah orang jakcad ini,2025-08-31 11:05:01
3c82ce30-6085-4541-a0a3-ad2ba3c0dce1,Asep Ridwanulloh,5,"Aplikasinya mantul banget sih 😍 semua transaksi jadi gampang, mau transfer, top up, sampe bayar² tagihan tinggal klik doang. UI nya juga simpel, gak ribet sama sekali. Jarang nge-lag, notif transaksi juga cepet masuk. Pokoknya recommended buat yang males ribet",2025-08-31 10:05:21
1177b4c7-054b-4155-bc6c-c6a3b05ed20c,Arazta Fy898,5,"aplikasi ini sangat baguss daftar rekening online cepat , registrasi lebih mudah dan tampilan nya juga sudah modern",2025-08-31 05:38:19
341da27b-38cf-46b2-bd9f-ac1736cb55b1,wisam 34,5,udah lama pake jakone salah satu bank jakarta yang bagus banget buat dipake sehari-hari dan cocok buat dipake transaksi apapun,2025-08-30 13:26:25
5e260f3b-43d1-4c88-82e4-0bf6f4a92dcb,Risda Nur,5,pake jakone mobil transaksi dijamin aman dan tanpa kendala serta prosesnya cepat dan mudah jadi bikin bikon puas,2025-08-30 12:55:10
5efccad7-69ea-4f6c-93fa-830ff2752646,RaiHart,1,kenapa ga bisa transfer dari BCA ke DKI?,2025-08-30 09:58:09
ecd43d97-96b7-4232-ae26-ccaf41206b82,Mama Risda34,5,"fitur utama mobilenya lengkap banget bisa transfer dana, isi ewalet dll, aplikasi nya juga lancar",2025-08-30 09:30:00
5935dbd8-13ec-40e5-9ae4-941c2e4681d6,Brandon Koh,5,"selama aku pake aplikasinya lancar dan ga berat, transaksinya gampang dan praktis",2025-08-30 07:31:24
2caa2a85-db86-49e2-b079-f7d8af034e10,Oktavia Fristian,5,"registrasi jakOne mobile mudah, tampillan aplikasi nya modern, daftar rekening cepat ,fitur nya lengkap",2025-08-30 07:25:29
7a40a9e6-084c-49e6-84e5-c9c79e98b12c,Nazan,5,"Aplikasi ini kepake banget buat aktivitas sehari-hari. Transfer bank gampang, QRIS tinggal scan langsung beres. Praktis banget buat yang sibuk, semua bisa selesai dalam hitungan menit.",2025-08-30 05:06:31
0fc6335d-fb05-4309-9835-11c21c8edbee,Eduar,5,jakOne membantu banget sih bisa buka rekening secara online bisa transaksi pake QRIS dengan E money JakOne pay bisa deposit online lagi,2025-08-30 05:01:06
228e6251-0262-47b6-8524-d26884cd8f6b,Namora Di HOLONG,1,pelayanan mbanking tidak memuaskan kirim uang ke accunt lainnya tapi uang tak terkirim tapi saldonya berkurang,2025-08-29 16:47:32
42fbf02d-7662-4e8b-b174-8291f64148ee,Tarique Simmons Tarique Simmons,2,"Knapa kode otp saya tidak dinkirimkn dan tidak muncul di SMS saya ,padahal saya sudah isi pulsa,DA pin saya padahal sudah benar tapi gagal terus salah terus maksdnya gimna",2025-08-29 14:56:42
3802f57a-590d-463f-a531-9e04624ead47,Dera Adriana,5,"Aplikasi JakOne Mobile cukup baik dan mudah digunakan. Fiturnya lengkap mulai dari transfer, pembayaran tagihan, hingga e-wallet. Tampilan user-friendly, proses registrasi cepat, dan transaksinya lancar. worth it buat yang ingin praktis mengatur keuangan via hp",2025-08-29 13:24:50
eaf11800-489b-4c91-a51b-bb1f8d4dec11,akun Diky,5,"Aplikasi ini tuh kayak “bestie” kalau lagi akhir bulan. Mau bayar ini itu tinggal buka JakOne aja, ga perlu mikir panjang. Fiturnya lengkap, tampilannya simpel, terus jarang nge-lag. Jadi tiap kali dipake tuh aman aja gitu, ga ada drama.",2025-08-29 03:06:18
a8a69e18-d435-4fe2-9b89-2eaee40d677c,Ahmad Dewi,5,"JakOne Mobile adalah aplikasi yang sangat berguna untuk melakukan transaksi perbankan secara online. Fitur-fiturnya lengkap dan mudah digunakan. Saya suka bahwa aplikasi ini memiliki fitur keamanan yang baik untuk melindungi data pengguna. Namun, ada beberapa fitur yang masih perlu ditingkatkan. Secara keseluruhan, saya memberikan rating 4/5 untuk aplikasi ini.",2025-08-28 11:42:16
d678603b-9ef3-4448-927f-4c09556f7df3,Olivian Arisita Maharani,5,"Registrasi di aplikasi jakone mobile ini sangat mudah, selain itu juga memudahkan saya untuk bertransaksi kebank lain karena sudah dilengkapi dengan fitur yang lengkap. terima kasih jakone mobile, aplikasinya sangat memuaskan",2025-08-28 09:13:17
8e0c832b-d36f-4141-87a8-ae3a1a51b9c1,Hafiza Khaira lubna,5,"fitur nya sangat bagus dan mudah di pahami. fitur tagihannya juga lengkap,bisa transaksi dimana saja. deposit bisa langsung di aplikasi dan penarikan juga lancar.",2025-08-28 06:30:32
b5b65021-e8c5-4b08-9714-f0f50014f156,Riska Atia,5,"Aplikasi JakOne Mobile sangat membantu untuk transaksi sehari-hari. Antarmukanya user-friendly dan fiturnya lengkap, mulai dari pembayaran tagihan, transfer, sampai top-up e-wallet.",2025-08-28 04:53:38
81bbca43-0397-4f0f-ad59-0a643990adb4,Distylia Adriani,5,"aplikasi user friendly menurut aku , karna fitur nyblengkap , tf ke sesama atau ke beda bank jg proses ny cepat n minim biaya admin , pembelian kuota atau pulsa jg prosesnya cepat dan pastinya jakone sudah di lengkapi fitur qris yg memudahkan kita utk transaksi 😍🫶",2025-08-28 04:21:13
84a78c7e-1531-4582-9a32-4bd759685b19,Prita Hapsari,5,"aku pake JakOne Mobile karena penasaran buka rekening online, ternyata proses registrasi cepet dan langsung berhasil. fitur2nya lengkap banget, dari transfer antar bank lewat BI Fast yang super cepet, sampe pembayaran pakai QRIS JakOne Pay yang praktis. tampilan aplikasinya juga user friendly, aman, dan nyaman dipakai sehari2",2025-08-28 04:20:36
ffa708d3-7808-4a31-a5b0-8f6455c810f9,Dandy Agres Vasha Pardamean Manurung,5,good,2025-08-28 03:51:25
1294525c-14f0-4910-a6d8-d8d64aa2c566,tubagus fauzan,5,sangat bermanfaat,2025-08-28 03:51:21
f856238d-3032-444f-b555-346628998daa,Laurentsie,5,"Mantap, performance nya bagus.",2025-08-28 03:51:17
75a0978c-95fd-4c39-a681-314c0c05702f,Wiyono Maulana Putera,5,bagus untuk mobile banking,2025-08-28 03:51:14
f9c916f5-79b4-44f9-969e-5ddea80e89b3,Muhammad Rajif,5,Bagus dan happy,2025-08-28 03:51:14
d726590d-ca25-4eda-ab57-7a2065b23054,Eky Permana,5,aplikasi mudah di gunakan,2025-08-28 03:51:13
ea3b68a5-ae68-4dcc-b63c-c56583d1072c,Devine Zakharia,5,bagus,2025-08-28 03:51:10
2d28e60d-1a93-41d6-b643-6fa82f23cf7c,Elvina Chanel,5,good,2025-08-28 03:51:09
73ad08f9-c6a9-46d7-9341-aa748b2dc721,Sayidi Ali,5,aplikasi mudah dipahami dan lancar,2025-08-28 03:51:07
e83b68ba-c203-4079-91a9-3997348432ca,Aries Sadega,5,Pelayanan nya terbaik,2025-08-28 03:51:03
a83b0cce-d3bc-4802-a5d2-6ad90fc7bfd7,Nurhayati,5,"Aplikasi bagus, memudahkan kita bertransaksi",2025-08-28 03:50:39
8b9139ec-9b78-419e-8bd3-b13241807857,Saadah Ibu,5,good,2025-08-28 03:50:36
f274b62e-5a1f-4e5b-9e34-fbf644107468,ridho ramadhan,5,good,2025-08-28 03:50:33
aa112789-727f-4f81-843c-44a43bc3df7a,S Ahkam,5,bagus secara visua,2025-08-28 03:12:03
881caf12-d01a-46ae-bd37-2288cb2bf9b8,Ambar yeppeun,5,"aku daftar di apk ini prosesnya mudah banget 5 menit ,dan disini aman banget buat nyimpen uang aku , kalau buat tf ke bank lain mudah simple pas aku lagi tidak di atm , dan sangat simple sekali",2025-08-28 03:05:12
5761e6da-fef0-4512-b325-542722e37e97,Orlinda Aphrodita,5,"Pakai QRIS JakOne Pay bener-bener memudahkan banget! Bayar-bayar jadi simpel, gak perlu ribet bawa uang cash. Tinggal scan aja langsung beres. Aplikasinya juga ringan, tampilannya gampang dimengerti. Cocok banget buat yang pengen transaksi cepat dan praktis sehari-hari. Mantap!",2025-08-28 02:24:25
19727fc6-8981-42c5-8884-dfb6b04cf3d2,Chennai,5,"Udah nyoba JakOne Mobile, dan ternyata ngebantu banget. Mau transfer, bayar ini-itu, sampe buka rekening juga gampang. Praktis banget sih",2025-08-28 02:13:59
78257666-3288-4049-85b9-a5ce337bd6c1,lukman aditama,5,"Fitur QRIS JakOne Pay di aplikasi ini benar-benar memudahkan pembayaran. Cukup dengan sekali scan, transaksi langsung selesai tanpa ribet. Prosesnya cepat, praktis, dan aman, sehingga tidak perlu lagi membawa uang tunai. Cocok banget untuk kebutuhan sehari-hari karena semua bisa dilakukan langsung lewat aplikasi mobile banking yang modern dan terpercaya.",2025-08-28 02:11:34
03634a0c-682d-4529-b003-e53c85ab27b1,Sofia Indah,5,"Daftarnya gampang 5 menit langsung jadi. Fiturnya lengkap, transaksi mudah, dan informasi keuangan yang akurat. Pokoknya aplikasi yang bikin hidup gue lebih praktis dan efisien",2025-08-28 02:00:27
0a6902a3-c8f8-4409-ba68-b2a5d796d67d,Daniii,5,"Tampilannya bagus elegan dan ringan, untuk pembukaan rekening nya juga gak ribet dan cepat juga, transaksi tanpa hambatan.",2025-08-28 01:43:18
4d50c57f-811f-4532-b8a2-73b436d38b17,Arya Nomin,5,"udah nyoba Aplikasi JakOne selama 1 bulan lebih dan hasilnya sangat2 memuaskan proses registrasi nya cepat, daftar cuma 5 menit langsung berhasil, saat menggunakan aplikasi JakOne ini, pembayaran jadi lebih cepat dan pembelian pulsa dan paket data pun lancar pokok nya top dehh👍",2025-08-28 01:35:46
ae021f7b-9dc5-4662-a2c8-51db4b19f29c,Badriyatul Laela,5,"pakai apk ini memudahkan saya dalam segala hal dari membayar air PAM, token listrik dan cicilan yg lainnya,",2025-08-28 01:34:47
b897ccbc-8a25-4058-949f-7bb71307ae23,oshin wijaya,5,"aplikasi ini cepet dan gampang, aktifin akunnya juga gak ribet, banyak fitur lengkap, bisa bayar tagihan, transaksi aman, pake qris juga bisa. pokoknya aplikasi ini praktis digunakan sehari-hari.",2025-08-28 01:09:20
b235ac13-a892-4dfc-a05c-6f17497a39ac,fhmi fhmi,5,"wajib banget sih aplikasi JakOne, fitur scane QRIS nya ngebantu parah 😎🔥 jadi kalo bayar tinggal scan doang, ga ribet-ribet lagi. Pokoknya mantap, wajib banget dipake buat transaksi sehari-hari!",2025-08-28 00:52:43
55c8fff0-b1e6-458f-adfe-32996f5ad2b8,Bima,5,aplikasi nya bagus biaya admin rendah dan punya fitur qris yang menarik dan banyak promo cashback,2025-08-28 00:41:19
560052ee-24bb-488d-8bdd-1e2f083747ff,Alexander Fly,1,"parah, sering error, mutasi rekening ngaco (gak bisa cek arus kas keluar masuk), tetap gak bisa terima transfer dari bank BCA walaupun ud pilih yg potonganya Rp6500, very bad, pecat IT nya",2025-08-27 16:20:33
ec03b3e5-203b-45ff-84c2-38fc3740959c,Rumario Putra,5,Pembayaran Jadi Lebih Cepat,2025-08-27 16:08:10
968e639c-d5a7-47f2-b377-44d5ae36320b,SIMANJUNTAK 2007,5,"mau jajan dimana aja praktis, pake scan qris g dehh ....",2025-08-27 13:24:27
2dd4598a-e878-4a86-a096-d2d9b8307e3f,vaneisya a,5,biasa pakai untuk transaksi karna mudah digunakan dan transfer antar bank atau melakukan pembayaran apapun jadi lebih cepat,2025-08-27 11:23:48
4656f27b-6d9f-4a9a-a34a-327d0f05f9c7,Robotic Account,5,"Sudah coba beberapa kali transaksi di JakOne Mobile dan hasilnya selalu lancar. Beli pulsa maupun paket data langsung berhasil dalam hitungan detik. Menu transfer juga jelas, jadi gak bingung kalau mau kirim uang, apalagi sekarang ada BI Fast yang bikin biaya lebih hemat dan prosesnya super cepat. Selain itu, saya suka dengan fitur deposito online yang praktis, cukup dari HP tanpa ribet. Dari sisi keamanan juga meyakinkan, login cepat dan data pengguna terlindungi dengan baik. Aplikasi ini bener",2025-08-27 10:33:44
b8ec742c-ca6e-45d1-bcb7-ddc51c7bcd78,rthha_,5,"Saya suka sekali menggunakan aplikasi ini. Mudah sekali untuk membuka rekening online disini. Saya gunakan transaksi juga sangat lancar, aman. Dan fiturnya sangat menarik👍🏻👍🏻",2025-08-27 10:23:14
7a15c395-f10f-4d7a-a9e3-11f5d97ceeb3,Reds langko,5,"Tampilan aplikasinya menarik untuk dilihat. Bagi yang kuatir akan keselamatan data, jangan kuatir. Data pengguna terenkripsi dengan baik. Aplikasi ini merupakan mobile banking modern. Mantab..",2025-08-27 09:40:28
ef6042ae-9e87-46ec-86a5-137e2a773b43,Doyle Hopkins,5,"Aplikasi JakOne Mobile sangat membantu aktivitas perbankan sehari-hari. Proses login cepat dan tampilan aplikasinya user-friendly, jadi mudah dipahami meskipun baru pertama kali pakai. Fitur pembayaran dan transfernya lengkap, bisa bayar tagihan listrik, internet, sampai belanja online dengan QRIS. Notifikasi transaksi juga real-time, jadi terasa aman dan transparan. Selama pemakaian tidak ada kendala berarti, aplikasinya stabil dan responsif.",2025-08-27 09:35:54
9b83cee7-0d8f-4862-a26e-f9a835b9b8d5,Chaika Tabrant,5,"transfer antar bank gampang, cepet juga. transaksi lancar, dan gapernah gagal",2025-08-27 09:25:14
cb2efbcb-9e20-4760-9629-a242647fb9e7,Somet Sompret,5,"Aplikasinya lancar pas digunakan, proses pembayaran cepat tidak ada kendala, menu dan fiturnya sangat membantu pengguna, apalagi ARIS JakOne sangat memudahkan pembayaran, transfer antar bank sangat fast cepat. tidak ada hambatan yang berarti.",2025-08-27 09:06:59
2b6bfdc0-0087-45d5-873c-248b693cd702,Eko Prasetyo,5,"Aplikasi mobile banking fitur berlimpah, Keamanan aplikasi juga terjamin tentunya, privasi pengguna aman, proses smua lancar jaya dan ngga ribet pas cocok buat siapapun.",2025-08-27 09:01:42
37c81f84-e6fa-4dbb-90e3-1d231ab89156,Reza Lufiays Smw,5,Aplikasi mobile banking ter okeeee Ter the besstt fiturnya update bgt paket komplit. Simpel dan sangat praktis d gunain recommended bet nih pokoknyaa Kalian wajib coba verifikasi nya jg gampang bisa qris lgi,2025-08-27 08:59:50
38dfacf4-4e57-438c-8459-05255f311c0c,Ashley Kelly,1,gak bisa login login,2025-08-27 08:49:24
6061f750-073c-476f-98b0-f7f752ddec32,Luvita Asmara,5,"Aplikasi mobile banking ini menurut saya cukup modern dan praktis. Banyak fitur tersedia mulai dari pembelian pulsa, paket data, sampai deposito online yang bisa dilakukan kapan saja. Keamanan aplikasinya juga terjamin karena login cepat, ada enkripsi data, dan privasi pengguna aman. Cocok dipakai sehari-hari",2025-08-27 08:46:48
6d7e1225-c436-4d36-83aa-8af639096c8c,Krispen Yulaikha,5,"Beli pulsa di sini gampang, prosesnya lancar terus. Enak dipake tiap hari.",2025-08-27 08:45:08
dc1c8304-6126-4c18-8bb4-c1d914ffc0c4,Bibil 31,5,Cara transaksi nya gampang dan praktis di JakOne mobile. Semuanya serba ada apalagi tampilan utamanya lengkap bgt desainnya kekinian jdi enak d liat,2025-08-27 07:56:26
c19dab8a-327a-4040-b7b6-2d92ea88984c,John Company,5,Tampilan aplikasi nya modern bgt kekinian gampang d pake sehari hari. Apalagi fiturnya sangat memadai ada fitur qris nya jg yg gampang d gunakan jdi sangat membantu deh buat aku,2025-08-27 07:39:29
41c586f4-1bfa-45e0-b834-81b59ff22ba7,Wahyu Crg,5,"Transfer BI-Fast JakOne Mobile enak bgt. Sangat fast dan udh terpercaya, cs responnya ramah kalo ada apa apa. Tampilannya enak UI nyaman enak bgt d pake. Fiturnya lengkap juga",2025-08-27 07:37:09
85e68a02-ab10-4d37-9000-bd297cc06565,caca caca,5,"JakOne Mobile bener-bener memudahkan! Daftar rekening online gampang banget, transfer antar bank via BI Fast langsung masuk, dan bayar pakai QRIS jadi super praktis. Tampilan aplikasinya juga user friendly dan lengkap fiturnya.",2025-08-27 05:57:54
3fe6b776-b057-42b3-815b-7ced79b12130,Samsul Arifin,5,"Aktivasi akun JakOne berhasil d aku, registrasi nya jga gampang ga d bikin ribet. Aplikasinya ga berat jdi penyimpan ga terlalu gede anti lagi. Cocok bgt d aku pokonya.hrs download deh",2025-08-27 05:40:29
734faccd-12f5-45df-a7a6-dcfaa303fbac,amel,5,"JakOne Mobile fiturnya lengkap, mudah dipakai dan praktis buat kebutuhan sehari-hari",2025-08-27 05:37:26
731020ce-dea3-445c-8b4a-f2a92268a449,hafidz mukti,5,"aplikasi nya keren banget, mempermudah bayar tagihan listrik,fitur nya juga banyak jadi bayar apapun jadi mudah, transaksi nya pun cepat dan mudah aplikasi nya pun ringan jadi tidak memakan banyak ruang di penyimpanan.top buat aplikasi JakOne mobile",2025-08-27 04:28:19
a1109ddd-3d29-48f9-a27e-1803c19cfe80,Need's Happy,5,simple & mudah digunakan,2025-08-27 04:18:10
d3a46705-ed73-4a74-9da1-b413f06ee686,Azhar Alfaryzy,5,"aplikasinya mudah digunakan,bisa transfer kesemua bank",2025-08-27 02:13:19
2b3e976c-d015-4058-8fb5-2f65fb4f13ff,nayy,5,"Jakone terbaik, udah ngga perlu datang ke bank DKI lagi, transaksi jadi simple.",2025-08-27 02:03:04
3fa0c19e-9b38-4a46-8978-4de925c43879,Seky Kiyojin,5,sekarang mau mengetahui segala tentang jakarta atau kepengurusan kepentingan makin mudah dengan apk jackone,2025-08-27 01:55:50
df52386e-ee2f-45fb-86c8-ac1e76adff27,Tobyy Mamaa,5,"mau deposito tak perlu datang kekantor layanan,disini aja secara online jadi ngak ribet",2025-08-27 01:05:54
cba06b34-65df-4746-90df-4928aaadaca3,yuta,5,"aplikasinya sudah bagus, sangat membantu sekali, fiturnya juga banyak pilihan untuk transaksi online",2025-08-27 00:48:21
701103fa-81ad-495c-a0ad-3ef98ab33f6a,cyraa,5,"aplikasinya sudah bagus, jadi gak jauh jauh ke bank dki buat transfer ke orang dikampung",2025-08-27 00:44:48
3904a9d4-45f2-495c-a35b-c6e533106893,Bang Sigit17,5,"aplikasi yang sangat bagus dan terjamin transaksi aman Jakmobile,tampilan aplikasi modern",2025-08-26 14:43:29
83a5819a-8e2a-4a7a-8200-547d56a9057e,W Sky,5,JakOne aplikasi keuangan dengan scan QRIS mudah dan deposit online aman!!!,2025-08-26 14:30:33
25b3e30d-1eec-4344-b196-fd7331c1672c,Dyah Hardiyanti,1,"mau daftarin mbanking malah buat acc rekening baru, padahal udh masuk pakai no yang terdaftar",2025-08-26 13:37:27
2cf9384c-0d61-4c23-883b-38f331b02d10,RISKA RIANA MECCA,5,JakOne Mobile bikin urusan perbankan lebih praktis. Fitur lengkap dan jarang error. Recommended!,2025-08-26 12:41:00
e297c02a-7fc9-4f8d-ae9c-8c73a101519f,Dimas Andaru,5,"memudahkan para nasabah untuk bergabung membuka rekening baru, fiturnya lengkap, banyak kemudahan yang diberikan jakone, bisa pakai qris juga untuk jajan dan belanja",2025-08-26 12:30:39
06450e10-a65d-408d-af19-923336cf5c6d,Nara Zahra,5,Bayar tagihan jadi mudah dan bisa dimana aja kapan aja bisa sejak ada JakOne mobile gak kepikiran lagi sekarang...,2025-08-26 09:40:13
2cf85379-e66d-42c8-918c-1957ec43a62c,Its me Nisa,5,nice cuma agak lemot aja mungkin jaringan ku kurang bagus 👍👍,2025-08-26 09:15:32
c9d9e3bc-424a-4d25-9203-e7c5d6b967c3,Viola A.,5,"JakOne Mobile tu aplikasi perbankan yang praktis dan user-friendly. proses pendaftarannya mudah dan cepet, sehingga ngga makan banyak waktu. Tampilan aplikasinya simpel namun modern, membuat navigasi jadi lebih nyaman bahkan untuk pengguna",2025-08-26 08:51:52
95a35f8d-097b-42fc-bfcc-f1806d14757d,Rei,5,"Sejak pakai JakOne Mobile, transaksi jadi jauh lebih gampang. Bayar tagihan, top up e-wallet, sampai transfer antarbank semuanya bisa dari satu aplikasi",2025-08-26 08:36:38
04386ed3-d3a5-45ef-a3e6-523373e11e5f,KounOo_,5,proses transaksi nya cepat bgt. gaada tuh yg nmanya pending2. gratis admin jg buat tf bbrpa bank. bner2 memuaskan bgt jakone mobile ini,2025-08-26 08:35:17
c41c5b58-6861-46e1-9435-6dcadb2a134f,Yudi Yulianto,5,"Pertama kali coba aplikasi ini, saya kaget karena pembukaan rekening online ternyata mudah banget. Proses registrasi cepat, cuma 5 menit sudah berhasil. Transaksi sehari-hari juga simpel, mulai dari transfer antar bank lewat BI Fast yang super cepat sampai pembelian pulsa dan paket data yang lancar. Belanja pun jadi praktis dengan scan QRIS JakOne Pay. Tampilan aplikasi menarik, user friendly, dan bikin pengalaman pengguna sangat baik.",2025-08-26 05:28:20
4fbdb1a7-69db-47d7-a9eb-454385e31ae8,Maurizka Nadiyah Nurrifqoh,5,scan qris sangat membantu buat belanja kebutuhan keluarga dan tidak perlu mengeluarkan uang,2025-08-26 04:12:17
67d71ef5-39e4-40e1-9064-b0004733ff6d,Lilis Siti,1,"tidak puas dowlod jekone loding terus,,susah ngambil photonya ...loding terus",2025-08-26 04:11:55
ec7502ae-a4d0-4804-88a1-b145949ae581,Rizwan Zeze,5,"Dengan proses registrasi yang cepat dan sederhana, pengalaman kamu jadi lebih nyaman dan tidak memakan waktu lama",2025-08-25 23:46:07
1660f1d1-fb94-4d1d-80ff-a7c1e4ab0749,Dody Handoko,5,"Aplikasi Mobile Banking yg sesuai untuk kebutuhan. Dengan fitur lengkap dan bisa melakukan pembukaan Rekening online, deposito online, transaksi scan QRIS menggunakan uang elektronik JakOne pay, serta banyaknya pilihan fitur pembelian dan pembayaran.. JakOne aplikasi mobile banking modern..",2025-08-25 17:10:21
3826bb9c-6aba-48f7-a618-cd700c296b4d,Zahra Zie,5,"di ksih tau temen apk ini.. pembukaan online mudah bnget,registrasinya juga mudah,daftarnya juga cpet. pmbayaran pkek qris juga mudah bnget.. tranfer k smua banx bisa smua.. mudah lagi.. markotop pkoknya dek..",2025-08-25 16:40:43
1922c631-2804-4977-b218-e0701907cfcc,relatekyy,5,"jujur awalnya aku kira ribet buka rekening online, tapi pas coba di jackone ternyata pembukaan rekening cepat dan mudah banget, literally cuma butuh beberapa menit udah kelar. terus aku sempet coba fitur deposito online praktis, enaknya bisa langsung dari hp tanpa harus ke bank. kalau soal transfer antar bank melalui bi fast cepat, beneran real time masuk, jadi nggak was-was nunggu. plus, aplikasi nyaman digunakan, tampilannya simple tapi lengkap. rasanya kayak punya bank pribadi di genggaman 👍",2025-08-25 16:27:52
69ce863d-dec1-40fd-a27a-37705d10dd3f,Azizah Hesti,5,"Aplikasi ini keren bingittt, menu transfernya jelas dan rapi, gampang banget nyariin apa yang dibutuhin. Transfer antar bank lewat BI Fast juga cepet banget, jadi gak perlu nunggu lama-lama. Pokoknya aplikasi ini bener-bener the besttt dehh🤗☺️",2025-08-25 16:13:08
a5a7da5a-754e-4d2f-875a-ba87ca145e64,kittyaza,5,"Baru saja saya melakukan pembelian pulsa dan paket data, dan prosesnya sangat lancar! Tidak ada hambatan sama sekali, dan saya bisa langsung melakukan transfer online dengan mudah. Fitur transfernya juga sangat user-friendly, membuat saya bisa melakukan transaksi dengan cepat dan tanpa ribet. Pokoknya, aplikasi ini sangat membantu saya dalam mengelola kebutuhan digital sehari-hari! Mantapp👍🏻",2025-08-25 16:08:43
532c2c09-6159-4a55-9d84-40e27a1c3ef0,agnisnadint foto,1,"Eh ini gimana sih?😭 masa top up ke dana gamasuk tpi dana di bank udh berkurang.. Udh gitu di email malah disuruh telfon lagi, klo ga bisa telfon malah suruh dateng ke kantor cabang😭 apa-apaan deh yg salah siapa yg ribet siapa, klo bukan krna kampus ogah bgt pake ini😭😭",2025-08-25 14:23:50
7b23fb07-97bd-4775-ad06-8b4dcdd4a8f8,Nadira Adinia,1,"signal bagus..tp masuk gk bisa,aplikasi kok begini",2025-08-25 11:31:17
538d2195-4b0d-4d47-82fd-812272c51d05,Hermin Siwiastuti,5,"Aplikasi jakOne memiliki fitur mbanking yang lengkap, proses transaksi aman, mudah dan praktis bahkannn bisa bayar all tagihan !",2025-08-25 11:19:34
66282fed-aa72-4308-8846-3f0f8e3082c1,Maulidar Yo,5,aplikasi ini memberi kemudahan bertransaksi dan mengaturkebutuhan keuangan kita dengan fitur mobile banking dan e wallet dalam satu aplikasi,2025-08-25 10:28:56
66bb81ef-ccde-4fdf-a720-2fc778ad0aa1,Feraa Dewi,5,"fiturnya lengkap, aktivasinya juga gampang, QRIS nya juga mudah di daftarrin jdi mempermudah transaksi",2025-08-25 09:51:42
b915ba9b-2d73-411f-9c53-07a7eeb7e58f,Yudi S,5,"Suka banget sama fitur-fitur di aplikasi ini. Transfer online-nya gampang dan jelas, apalagi sekarang ada BI Fast, transfer antar bank jadi makin cepat. Menu transfer juga ditata rapi, jadi gak bingung. Ditambah tampilan aplikasi yang menarik dan modern, bikin nyaman dipakai terus.",2025-08-25 04:51:11
f9076f7c-2e73-4e9e-8fb6-74caf81e3f66,Lukman Lukman,5,"registrasi nya cepat trus lagi pembukaan rekening mudah banget,rekomendasi banget sih",2025-08-25 04:44:54
f36fd20d-c342-4ad8-9f1c-c8f8a7ba24de,Ning Abqory,5,menu transfer lebih jelas dan rapi,2025-08-25 04:36:11
a65d5731-acb7-4c57-bc0c-c4ab2765ad73,Juan Krik,5,"Praktis banget! Semua transaksi mulai dari transfer, bayar tagihan, sampai top up bisa dilakukan dengan cepat. Aplikasinya mudah dipakai, tampilannya simple, dan banyak promo menarik. Sangat membantu untuk kebutuhan sehari-hari 👍",2025-08-25 04:29:05
0068f037-35e8-4068-96a6-a2a280848494,zoga rizky,5,"Suka sama fitur QRIS, tinggal scan aja langsung beres. Nggak perlu repot bawa uang cash. Ditambah sering ada promo cashback, lumayan banget buat hemat belanja.",2025-08-25 04:19:15
44a9136c-57c7-4da6-8ddc-3abba0654dce,Dianisa Suaidiy,5,"udah beberapa kali pake aplikasi ini. saudara juga udh aku tawarin make. mulai dari pembuatan rekening onlenya cepet. registrasi aman dan terpercaya, deposit online praktis banget! apalagi scan qrisnya membantu banget pas saya mau beli beli diluar pake uang onlen saya, tampilannya juga user friendly banget, dan membuat transaksi saya lancar tanpa hambatan",2025-08-25 04:18:05
1d55e9b5-e179-4aa3-86ac-601d6cc58b7e,Cantika Komariah,5,"Aplikasi ini bagus saya suka, fitur nya lengkap, buka rekening juga mudah proses nya cepat cuma 5 menit, transaksi nya lancar gak lemot, mantapp",2025-08-25 04:15:46
1918a914-602d-49f1-9aa0-b859335350c8,Leoo 00,5,"saat pembukaan rekening online sangat mudah,dan untuk tranfer juga sangat mudah",2025-08-25 04:15:11
71f6f512-f975-416f-a798-d7f198a5808f,Saya Siapa,5,"Buka rekening disini mudah banget, proses transaksinya termasuk cepat banget, praktis lagi, cocok digunakan untuk sehari-hari",2025-08-25 04:12:08
f5682722-04f2-4b68-aba0-c1c23678e9c9,Syamsul Bahri,1,tolong pihak dki di perbaikin masa karna ganti hp no tetap sama semua langka2nya di ikuti tetep tidak bisa cepet di perbaiki dong,2025-08-25 03:55:13
95c26c8e-591c-4d4d-a454-23dc74e72cfc,Zaki Farhan,5,keren,2025-08-25 03:48:43
26c3c7c9-ce9a-43fd-bb53-9c6d795fa426,Akbar Fauzi Laksono,5,banyak promo nya yang saya gunakan. Kemarin dapat cashback promo taksi bluebird. terima kasih,2025-08-25 03:26:13
02291c94-87d0-459b-8d78-c20898968cf4,mailisa Jay,5,"Untuk daftarnya cukup mudah dan cepat. Dan juga disini kita bisa scan QRIS, mengisi ulang pulsa dan kouta. Tanpa terhambat, pokoknya rekomen deh untuk apk JakOne.👍🤗",2025-08-25 03:05:17
d2fa3944-8cf7-4548-b233-6c34fab99702,Gilang Eka,5,aplikasi jakone sejauh ini masih aman lancar dan mempermudah transaksi untuk fitur-fiturnya mungkin lebih ditingkatkan lagi,2025-08-25 02:33:24
909e01a2-e5e8-4ee1-9e98-619524fb2139,era wati,5,"aplikasi nya cukup membantu, tpi klo bisa diperbaiki lagi.. biar lebih memudahkan pengguna nya",2025-08-25 02:25:58
a8aa7b14-8234-4b40-b3be-529be27b28d3,Alana Xavier,5,"deposit Qris yang sangat membantu, di saat lagi adu debat dengan pihak Bank karena Karto dan saldo d Bank d blokir lebih baik berahli ke Qris. Qris bisa mencangkup semua transaksi",2025-08-25 02:24:51
2914e72c-2f37-495d-8c72-88de819e57bb,Te,1,Apk nya ga bagus. Kalo sudah pindah device untuk aktivasi nya LG selalu mengalami kendala dan selalu tidak mAsuk menu.,2025-08-24 19:29:38
bb2c4418-9601-4915-ba88-d875211f6b58,Kania Endah Sari,1,error mulu. capek,2025-08-24 15:34:16
274df0ec-06f2-4332-a152-5f1579c1e8fd,Novita Akria Putri,5,"terimakasih bank dki, smg terus di upgrade dan security systemnya terus ditingkatkan",2025-08-24 12:29:16
bb5a86d4-2901-4974-b73f-e0bdc61c458a,sukma ayu,5,"Desain aplikasi yang intuitif memudahkan pengguna baru untuk beradaptasi sehingga gak terkecoh dalam membuka tabungan serta banyak fitur yang lengkap dan salah satunya menyediakan berbagai layanan perbankan dalam satu aplikasi, termasuk deposito online",2025-08-24 07:19:39
c734bac1-b237-4b26-a647-4733c27fe6a4,Pipit Dewi,5,"Saya daftar rekening online cepat dan berhasil. QRIS JakOne mudah daftar dan langsung bisa dipakai buat pembayaran. Mobile banking praktis sehari-hari, bisa bayar tagihan dan juga pembayaran penerimaan negara (MPN) lewat JakOne. Mantap!",2025-08-24 07:16:42
0fa36b7f-f6d4-4252-8705-fcbfb89895d7,Anita Suherman,5,Banyak banget fitur yang salah satunya memudahkan pengguna untuk membuka rekening tanpa harus datang ke bank ditambah ada fitur JakErte yang membantu Ketua RT dan warganya dalam mengelola tagihan iuran dan interaksi di lingkungan.,2025-08-24 07:15:25
1c5ce2fd-be62-4956-b4bf-d5322c0feb02,Ben Nash,5,"Pake JakOne Mobile beneran simpel banget, transaksi jadi gampang dan praktis. Udah support QRIS juga jadi makin sat set bayarnya. Fiturnya lengkap, tampilannya modern, bikin betah banget pake aplikasi ini",2025-08-24 07:10:37
d199af6c-98d1-4ed1-9c52-b49106707ee9,sinta nisa,5,"enak banget pakai apk jakone ini qris nya udaa terdaftar jadii bisa langsung qris klo bayar apa apa, registrasi jugaa mudah, apalagi tampilan apk yang modern sangat bagus, transaksi dijamin aman dehh baguss mantaaapp",2025-08-24 07:08:21
9f3d1221-cb62-491e-946f-1a9600e7ce29,Ald Khai2931,5,"aku udah coba registrasi JakOne Mobile dan ternyata prosesnya gampang banget. Aktivasi akunnya juga langsung berhasil tanpa ribet. Terus juga kemarin aku sempat coba transaksi pakai QRIS dan prosesnya lancar banget, nggak bikin ribet.",2025-08-24 07:02:35
10f1afac-0bd6-447f-9717-1aeb66855eed,Dimas Priatama,1,"Sejak Menjelang Idul Fitri 2025 hingga saat Ini 24/08/2025 Ada saja Kendalanya.. - Tidak bisa Transfer ke Lain Bank - Transfer dengan BiFast Hilang - Transfer Gagal, tp saldo Terpotong - Membuka Mbanking Tidak bisa menggunakan Jaringan WIFI, harus Jaringan Seluler. Apa lagi Alasan² yg dikeluarkan Untuk Permasalahan² ini???",2025-08-24 06:16:12
5858ba2a-5b8b-4b1b-a2e8-f615d63131ad,Sri Muningar,5,registrasi jakone mobile mudah banget ya ternyata trs waktu aktivasi akun juga langsung berhasil ga ribet,2025-08-24 02:56:15
a77489bf-2815-4721-81bb-f0fce9cf2a72,alfi rihadatul aisy,5,"Udah pakai beberapa minggu, mudah banget pakenya. Aktivasi akun JakOne nya gampang ga ribet, ada tutornya. Banyak banget fitur yang kepakai, kaya Pembayaran Penerimaan Negara (MPN) dan ada top up e-wallet jugaaa. Menurutku ini salah satu aplikasi mobile banking yg paling oke sii, apalagi bisa transfer BI-Fast dengan biaya murah praktis banget buat kebutuhan sehari-hari.",2025-08-23 13:19:17
794ad07b-2352-4ec8-b300-13b0694ca77c,olivia emma,5,"Suka banget registrasinya mudah nggak ribet. Mobile banking-nya juga aman, jadi nggak was-was pas transfer atau bayar-bayar 👍🏻😉",2025-08-23 12:48:32
2664f77c-73b7-4e9c-900f-5cc83e30e08e,hanifah herawati,5,"Registrasi di JakOne Mobile mudah, aplikasi bank dgn fitur lengkap serta tagihan praktis untuk sehari2",2025-08-23 12:24:58
1498ccda-a793-4c3a-8716-1bf2b74665a6,Erick Troyudan,3,APLIKASI AWALNYA BAGUS+LANCAR+RESPONASIF.TIBA2 PASSWORD TDK BS OPEN.TROUBLE SHOOTING MSH PROBLEM.PADAHAL SY REGIST PAKE GPS APLIKASI.PPPAAYYAAHH.,2025-08-23 10:54:27
aa4f5ead-7365-474d-a170-e8addd25f806,Sutejo Djaiman,1,"Biaya admin nya mahal masa 30rb skli potong parah, dah gitu mau login di perangkat baru gk bisa, malah di arahin bikin akun baru Parah emang... Rugi bnyak kenapa saldo saya setiap bulan kepotong 40rb 2x tarik awal dan pertengahan bulan..",2025-08-23 10:29:59
de6c1d4d-f375-4fd4-86d3-d861533158ce,RYAANN,5,sangat transparan semua transaksi bisa kita liat dengan jelas fitur fitur mudah di pahami juga kalau ada kendala bisa langsung lapor ke tim dan langsung akan di tanggapin,2025-08-23 09:24:50
ae147c70-d9ac-49ca-8ffe-6478edf1fc8c,Abigail Intan,5,transaksi dengan JackOne bener bener gampang banget! daftar qris juga gampang,2025-08-23 08:08:08
9cc18207-370d-43b8-b7d0-3da7f447dba7,Dimas#77,1,tidak bisa masuk ke aplikasi,2025-08-23 02:45:59
315c766f-8be8-494c-8bd9-7305e0e351d9,Sanya Natasya Aulia,5,"untuk keamanan dilindungi otentikasi dengan 2 faktor , fitur e-wallet yang memudahkan transaksi non tunai , pengguna dengan mudah memantau saldo dan mutasi rekening.",2025-08-23 01:36:58
432643c8-b602-41d6-b966-085ca4ac9a86,Eko Septiawan,1,kenapa layanan BI Fast di hilangkan?,2025-08-22 13:48:27
a0ffc004-b989-4943-b3c8-6d51b7dd67c3,rose,5,"over alla udah oke sih, sekarang udah jarang trouble kedepannya bisa ditingkatkan lagi pelayanannya agar tidak mengecewakan para pengguna",2025-08-22 12:34:36
727ef609-3dd1-4f5a-9b12-1b10715e4ef0,Rafiq Hariri,1,"woy, masa data tidak terdaftar gmn nih? saya udh coba masukin data rek sama NIK sampe 8× dh sudah bener² di cek, tetep ga bisa? masa bank DKI gini amat? plis lh yg bener kerjanya, jgn cuma bisa duduk doang",2025-08-22 10:10:46
6ae2ae98-9950-4b0b-a177-2692902eaa72,Queenisya Salma,5,App nya okeee,2025-08-22 03:05:47
e80c1cb5-f24d-4845-a6ad-c1473579acf3,Swzz Sazzz,5,aplikasi ini sangat bagus dan sangat nyaman,2025-08-22 01:55:13
c6e64963-a446-4d1c-8f66-d9b23f29c56c,Dhika budi prasetya,5,"aplikasi nya bagus, prosesnya cepat, fitur-fitur lengkap,",2025-08-22 01:35:59
59ba3ce6-0335-4006-9115-511d8a44b265,Marco Nd,5,"Aplikasi JakOne mobile sangat memudahkan saya dalam bertransaksi banyak fitur buat bayar tagihan listrik, pulsa, data dan top up saldo. Recomended",2025-08-22 01:14:29
642ffe29-6ea6-48f0-aaaf-5d5324c829d0,twin twen twon,1,sampahhh,2025-08-21 10:17:48
b9a6964a-18c1-4def-acd6-6f63cce48ebf,Yasmine saras,5,"thanks JakOne mobile, salah satu dompet digital pilihan yang nyaman dan mudah. banyak promo dan sangat membantu.",2025-08-21 07:04:16
f96acbf5-3d25-4fa1-a049-a3c72b51ef78,Karolina Dian,5,"suka banget sama fitur qris di aplikasi JakOne jadi lebih cepat dan mudah digunakan, pluss bisa digitalisasi pembayaran transaksi digital di jakarta jadi lebih simpel",2025-08-21 05:24:52
58c0d280-9c95-4753-beed-bc7d69cc07b5,Aprianto Aprianto,5,mantul,2025-08-20 20:55:52
178cadfc-e9f0-4daa-9f0b-704002951e07,Andini Sekar,5,Daftar Jakeone mobil sangat praktis walaupun harus ada pulsa untuk otp masuk lewat SMS,2025-08-20 08:03:19
048cecb0-1e4f-410f-9b46-3d8655295de8,suhu part II,5,Sangat membantu semua aktivitas yang berkaitan dengan payment,2025-08-20 04:18:04
f20b6cbe-c4e2-42dd-857f-920e3e05b92e,Indra Purwanto,1,Mantap 👍👍👍,2025-08-20 02:09:50
e1a7a6c4-7cce-46d3-8f80-f382ea48fb59,Tedy Arfyansyah,1,"niat mau benerin pin, malah duit raib di makan sistem, duit cuma gocap gocap nya, hilang di suruh nunggu 3 hari, sama aja gw ke begal",2025-08-19 06:49:50
622575dc-f6e9-4bf6-8efb-ce390073f941,Selma Yasmin Mumtaz,1,"parah nih,harusnya dievaluasi lagi dong keluhan dari masyarakat mengenai kendala untuk verifikasi. saya sudah berkali-kali verifikasi akun melalui foto ktp dan wajah tapi tetep ga ada OTP. dan akhirnya sampai sekarang belum bisa masuk akun jakone mobile. mohon diperbaiki lagi",2025-08-19 04:03:04
9f589ecb-3bec-480c-913a-4c60585cbe84,Dedy Prasetyo,4,Lemooootttt,2025-08-19 02:18:13
ce25df40-dd2d-4531-abcb-f1e0177aadb6,Intanpermatasari Monatadewi,1,"gak berguna, pendaftaran ribet",2025-08-18 23:16:50
8bdd9fcd-51c5-4214-9694-dec56e1372de,K K,5,sudah oke ya terimakasih,2025-08-18 23:01:23
dfc3a8a4-792e-4c2b-afc2-cce973eabc8c,Nathasya Lexyana,1,Aplikasi tolol. Mau daftar aja susah nya minta ampun. SMS kode gak masuk2. Parah 👎🏻👎🏻👎🏻,2025-08-18 09:35:46
dea6549b-9dd9-4a4b-892c-c6e4289d3830,Dream Apreson Leonardo,1,Mau coba buka rekening tanpa ke cabang malah musih ke cabang dan pas saya isi nomor hp ya tulisannya malah gagal & Coba lagi hadeeehhhh....,2025-08-17 18:03:41
40c1ffd2-87b7-42fd-b945-3b53d6b389e6,Nicho Simon,1,Parah Bener,2025-08-17 05:44:48
28169c77-3493-45e9-b707-07329fd4c2ac,Sulaiman Maulana,5,Liveness nya belum saya coba kembali tapi saya memberikan Bintang 5 untuk melihat apa kah info bahwa bug tersebut sudah di selesaikan apa blum,2025-08-16 17:36:38
a1c69d5f-a631-4600-84eb-9fa56a0921f6,Wawan Kurniawan,5,tadi saya transfer 100k saldo sudah ke potong tapi gak masuk d Dana d riwayat Dalam proses trus itu uang nya ke mana tolong segera di lakukan perbaikan,2025-08-16 06:53:47
6a4203a5-0dbe-43fc-9ec4-4a26c043e97b,Muhammad Galih,2,gbisa aktifasi otp,2025-08-16 01:15:31
b23ddc83-a2be-4612-93f6-fe4e390e0a7e,Dziron oke,2,ketika masukkan no tlp gagal terus,2025-08-15 16:40:04
f0c26554-39a8-488b-8ed0-73880cce9bf4,Aldo Setiawan,1,Biar bintang yg bicara si,2025-08-15 10:22:23
b3a0d901-32a0-4a37-b69a-9006a86d01e6,tajuli asyrof,1,kacau menghilangkan kepercayaan masyarakat,2025-08-15 08:52:57
032f65de-d421-4cc7-a318-cb0b9bf6b816,Ty Hwi,1,gak bisa masuk gak jelas nih aplikasi,2025-08-15 06:55:01
abe63975-8fea-4c61-a92f-51dab443f6ad,Bakso bolang cilangkap,5,lama dan susah lodingy,2025-08-14 23:20:23
94ec30cb-4db1-4ba3-9190-babb1cc662bf,Astsadin Jumakhir (Asta),5,Sukses selalu jakone,2025-08-14 16:36:30
8105e7b7-1b88-48e4-8032-867ac86a6ceb,Husor Pardede,1,"Pendaftaran jakone sangat sulit, sudah ke kantor cabang Bank DKI. Call center 1500351 tidak dapat membantu. Saya pertimbangkan untuk memakai Bank lain saja",2025-08-12 08:25:42
a81c3334-7417-446e-b150-ef2257381c47,Samsul Oktavian,1,gak bisa d pake. ttepkaya yang bikin rekening baru klw mau masuk. payah,2025-08-12 06:30:57
3eb7cfa1-c374-4f33-9f95-57ed29d09a43,Herpi Verawati,2,"ya allah berkali2 mau bikin mbanking susah amat' ATM ilang ambil uang di teler ga bisa harus ada kartunnya, baru x ini ke teler ambil uang harus ada ATM nya pdhl sudah ada KTP sama buku tabungan ' di bank lain bisa kok pake KTP sama buku tabungan",2025-08-11 04:48:28
8fbd35e0-523a-4eaf-b26c-95169fa2b134,Femilia Wati,5,Aplikasi yg sangat membantu,2025-08-11 02:40:25
606b533c-b13d-4f13-a306-fa50393cbe1d,Soleh Chandau,5,mantap,2025-08-11 02:19:19
01349ffd-d30c-4456-a5b9-5293f636dcb2,Patricia Ruth,5,user friendly,2025-08-10 08:55:54
0edd1874-afb1-4323-aedf-2d957d1dec3b,HASAN PRIADI,5,MANTAP,2025-08-10 04:41:16
cd42eabc-b155-438b-8074-b841ed5891d8,Jeno Kim,1,HADEHH APLIKASI GA GUNA,2025-08-09 17:53:14
3d7effdb-293c-41e5-a2f8-70ee8314ce7c,Wastimah Mawar,1,"Yang namanya Bank Pemerintah banyak ga benernya wkwkwk..beda sama bank swasta,,ada kendala langsung di perbaiki..",2025-08-09 12:14:19
886f0b28-77ce-48f5-b583-a640d8bfa8e1,Irfan Khaeruzan,5,good Good Good Good Good,2025-08-09 08:10:07
ba32d516-522f-42f0-9908-69014b846f32,Arijuddin Mafazi,1,aplikasi ampas. mending benerin sono ga jelas,2025-08-09 02:54:48
93edf920-774c-4e47-b8d4-7a9c8041d2fa,djoy Djoyzz,1,"ini apk sebenernya niat gk sih?masa iya buat transaksi isi token gk bisa.mana token rusun cuma bisa pake DKI.tp sistem nya gk beres.giliran potongan admin tiap bulan,jalan terus",2025-08-08 23:49:03
65ee5c8c-d52d-44b1-8ba1-339f06fb14a6,Valent,1,"KEBANYAKAN MINTA MAAF TP GA BERBENAH, INI BUKAN MEMUDAKAN TP MENYUSAHKAN!!!!!!!!!!!",2025-08-08 19:24:18
68eff9ba-814e-4b25-a11e-a7f7104a2ebd,Menjadi pemenang,2,kenapa akun saya di blokir pak tlong di bukan akun say,2025-08-08 02:46:11
2640bdc8-53c4-49e4-8ea4-fc5c3a629862,denis riyandi,1,masa aplikasi jakone dari semalam ga bisa kebuka...,2025-08-08 00:19:56
29fa356b-0c60-471c-814f-2b56b90d1397,Fiki Firmansyah,1,ini koq aplikasi tidak bisa d buka yaa...atau sedang maintenance yaa.,2025-08-07 07:59:21
4b76f1b4-3600-4cb8-810a-23386f0cc36f,wa Ko,1,tolong kenapa akun saya di kunci,2025-08-07 06:10:11
acad2530-a1ec-48b4-bee3-9b63253a6f9b,Rayala Audri nur,3,saya mau masuk ke mobile banking ko gak bisa2 ya. tolong dong di permudah,2025-08-07 04:25:46
29217d4f-df04-4941-88a5-0720bcc00697,Jomo 2995,1,bank sampah ubtungt belum setoran awal,2025-08-06 22:28:44
6cde57cd-6c68-4491-b12a-ac285ebac0aa,History Story Id,1,permintaan otp udah 3x 5 menit gak di kirim juga kodenya,2025-08-06 12:13:26
3bb988ad-487e-4fe6-b9ed-8bfb380ccbb5,Priska Devi,5,sangat bagus,2025-08-06 04:02:39
b3f5d1c6-d027-451c-bbfe-8e19561f8da1,Amliati,5,aplikasinya lengkap. dan semua produk ada,2025-08-06 04:02:06
36054fff-03bc-476e-a22f-e40fe98181c0,Muhammad Luthfi,5,Bagus,2025-08-06 04:01:25
aef0f2bf-fb3a-4f76-8969-869a1380aed0,Mendy Anggara,5,tampilan keren,2025-08-06 04:00:53
fb5bc242-e6cf-4102-8c7c-4960178f9e65,muhamad asraf,5,aplikasi bagus untuk transaksi tabungan dan investasi,2025-08-06 04:00:50
de81b1e8-1b3e-4863-b81a-b251bc1c4b26,Santoso Zaf,5,mantap,2025-08-06 04:00:38
1bfa49f2-69f6-415d-b9b9-7d758a542247,Rispa Sri,5,okeee,2025-08-06 03:59:59
6ddd95dc-3d81-4c74-8a2c-d9affdccb2e9,Azan Apriawan,5,ok,2025-08-06 03:59:53
a5123ad2-79d7-475e-a47d-cc75ab087c04,Ramdani,5,oke,2025-08-06 03:59:44
f0f20c9d-b333-428a-9db9-ad02f5ed4181,Rani Taulani,5,tolong dibuka topup pinjamannya bang jakone saya mau top up katanya limit 250j.saya masih ada limit tapi GK bisa dipakai.,2025-08-05 10:28:54
ce6119ff-074b-48f0-85a0-cdd14824e190,hendri Maulana,5,KMG ON LINE GA ADA LIMIT,2025-08-05 09:53:08
328da9b7-deaa-488f-9e92-86572c279422,Dewi Lestari,1,jakone gembel banget mau topup uang elektrik aja susah banget gajelas gabisa mulu,2025-08-05 09:19:51
38ee3d87-f935-40b4-9585-484a29da3db0,Hidtsa,1,"Aplikasi tolol, apa coba kode otp ga masuk² padahal udah ber kali²",2025-08-05 09:19:23
bb6d6e2d-7340-4783-a99c-c7d6d83067ef,Gilang Ramadhan,1,kenapa tidak bisa masuk ke akun saya ada bacaan kami tidak bisa memproses permintaan anda silakan hubungi Bank DKI call center,2025-08-05 08:44:21
bc31ea73-b62d-40fb-b46d-5137c5e79045,Tvboxyusuf,1,aplikasi sampah,2025-08-05 04:10:05
874648a6-0c18-45ea-9473-e1ce9c8fe980,M arif Fauzan,4,sekarang dah bagus pelayanan nya...Jak mobile nya bisa TF ke bank lain...tapi untuk bifash nya ga ada...biaya TF nya 6500..aja. ga da pilihan LG.. terimakasih 🙏,2025-08-04 22:40:27
0625c9fa-bd95-4f31-867e-37bb4760ce22,zee,1,gimna ni otp nya gak masuk masuk padahal no aktif sama ada pulsa nya,2025-08-04 10:37:20
0e1f535a-77b2-4dee-a90c-77d73664c060,Siapa Saya,2,"Gimana Bank Jakarta Mau Maju, Layanan BI Fast Dari Sebelum Lebaran Sampai Sekarang Tidak Ada,,, Dari Bulan April-Agustus,, Sangat Mengecewakan,, Masa Buat Layanan Bi Fast Saja Sudah 4 Bulan Ga Beres Beres.",2025-08-03 11:34:24
cf288b38-1878-46a5-9c93-b4869a248ccd,R. Raharjo Abdulgani,5,TOP,2025-08-03 03:42:50
7228ea70-7c09-45db-b309-14a9f5e6f60e,Gojek Driver kiki,2,PAYAH APLIKASI SELALU ERROR....BINTANG 2☆☆ CUKUP ..UNTUK PELAYANAN APLIKASI YG MENGECEWAKAN,2025-08-03 03:36:41
2e93fb3f-ca3a-4780-bf4c-782f0cadcd8c,Ario Putra,1,jelek lelet,2025-08-03 02:57:53
83d6a17d-a988-469a-84df-cf1b942ba021,PATAR Simanjuntak,1,"barusan transfer ke bank sumut,saat transfer masukin pin,1 kali gagal,coba 2 kali masukin pin gagal,3 kali masukin pin gagal,eh tiba-tiba transfer berhasil 3 kali.kan aneh",2025-08-03 02:00:22
92566765-af2a-433b-a113-14377391a774,zhen.,1,"sering banget error, dijelaskan keterangan ""Transaksi melebihi dari batas maksimum per transaksi"". padahal pembayaran sebelumnya dengan nominal yang lebih kecil masih dapat dilakukan.",2025-08-02 14:52:01
451e5324-0075-43fa-acff-b6d2368dcb8c,BUYUNG,1,Sayang banget tidak ada transfer via BI-FAST 😌😌,2025-08-02 11:23:22
b4caeb2c-cc07-4cb6-9a97-a4f28361ce67,Gareng Gateng,3,saya top up dana pada tanggal 01 Agustus 2025 pada jam 15:06 Samapi hari ini belum masuk dan sudah sempat menghubungi 1500-351 dan masih harus menunggu juga sedang kan saya sudah mendadak ada kebutuhan yang harus saya uruskan mohon di bantu permasalahan saya ini dong ka,2025-08-02 09:51:26
9b626808-b035-4732-b345-4e2138f6c428,Jejen Jaenudin,1,min saya baru buka tabungan dan berhasil namun saya ga bisa topup saldo rekening ? saya selalu tidak di temukan bagaimana ini,2025-08-02 07:57:06
11f6a04f-47b2-4a15-8944-338bf4566112,nyari coin,1,transfer selalu membagongkan,2025-08-02 04:02:02
8b2d2278-e6cf-4f88-a054-46d0818d5adf,deekha allcatras,1,aplikasi paling aneh dan nyusahin...verifikasi muka udah lebih dari 10 kali masih gagal.klo bukan untuk payrol udah gak bakal mau pake aplikasi ini lagi.fixx paling ribet,2025-08-02 03:20:53
49689c10-9377-48f5-aeeb-2132dbf855d8,Zainal Abidin,4,"ini knp ya kode otp ga sampe"" nyasar atau kemana ya tolong bantuanya",2025-08-01 16:22:21
4524ed34-8ee4-4531-9c4d-28d6b777ac11,Delta Gamaliel,3,data tidak di temukan . padahal sudah valid saya mengisi data dengan benar dan detail,2025-08-01 13:48:18
1bda415b-aac9-4cf5-ba4d-78477de6b839,Toto Kertopati,3,"kok nggak bisa masuk ke aplikasi ini ya, mengapa",2025-08-01 13:40:54
a4c975b1-dd83-4d84-b515-639bdcb1810c,empat tujuh,1,nambah lemot parah kurang bagus,2025-08-01 11:44:56
d8b200a6-7a30-4dd2-b7b5-e1cf0d19bd08,Attala ungu,1,"ini kenapa sih, saya login akun emang karna saya sudah terdaftar tapi pas udah isi data malah dibilang ""akun anda sudah terdaftar""",2025-08-01 11:03:38
d2d8ff54-17fd-496c-a83a-16eddf35b918,Irwanto88 Iwan,5,ok,2025-08-01 08:50:35
2a7b9b8f-c151-47cb-81a1-9f7bbd0e737b,Sofiwan Setia (Iwan setia),3,dah habis 20 ribu pulsa untuk terima SMS otp masih blm bisa dibuka juga ampun jekone DKI,2025-08-01 02:33:11
e00d7498-6007-4eab-8ff9-4af911606db7,236_Wahyu Khoirul Anam,1,aplikasi sampah!,2025-08-01 01:06:48
79fdb1e3-4ed6-4eb7-9519-eecbaed739f2,Mumu Bae,2,Belum tersedianya layanan transfer dengan BI Fast,2025-07-31 22:39:33
bcf911f2-3a5c-4bf7-ad77-194d56bafe13,Poh Narwan,5,bagus,2025-07-31 15:04:43
220bd0cd-de5e-4913-9f6c-97925623a481,Panji Ramadhan,1,buset mau narik uang di ATM tanpa kartu tulisan bayaran ada sudah di bayar padahal mau tarik uang ko tagihan lucu nih aplikasi mau narik uang di kecamatan tidak bisa bilang pin yang di masuk salah,2025-07-31 04:13:23
42a2627d-a668-44b3-b859-7100e774e7f4,Agus,1,kode otp ga masuk masuk,2025-07-30 20:16:39
b3ffea93-698f-46be-baeb-1dd7ac2d0886,Syahroni FKDM,5,Baik,2025-07-30 13:07:37
4a1bba62-f1da-46bd-8a71-2be38c1dc317,Nina Nuraeniah,1,aplikasi apa ini ga bisa login wkwk,2025-07-30 13:02:08
adb2ccdc-23da-4f7a-96a5-35ad9175a311,Theresia Mahareni,2,"maaf, aplikasinya sering tdk bs digunakan mbankingnya. pdhl bth kl sedang keluar kota n tdk ad atm bersama. tidak bs transfer antar bank lewat mobile banking. semoga dapat segera diperbaiki dan ditingkatkan kualitas layanan mbankingnya, supaya memudahkan nasabah menggunakan layanan bank dki. terimakasih.",2025-07-30 10:39:08
fa3953f3-c540-4e36-b704-eacc415ba8cb,Dream Light,1,Ini Bank melakukan pemeliharaan sistem yang menyebabkan gangguan jika mau melakukan transaksi dari Bank lain sampai berbulan-bulan. Bahkan sampai saya nulis ini masih belum selesai. Niat gak sih...?!,2025-07-30 04:21:59
ec50afcc-4e72-46c2-ad88-60493440d12f,zidan pagelaraang,1,"Bonto bat aplikasi, nungguin otp kaga masuk2",2025-07-30 02:37:46
34392390-68a5-444f-b9ac-09294e682c43,Adi,1,tidak ada lagi layanan bi fast di fitur transfer bank lain !!,2025-07-29 15:25:43
84792a13-a86a-4bdd-b948-e847a3cf054f,Suthya CZ,1,"Parah! uda hampir 6 bulan tidak bisa login, tidak ada perkembangan. sudah terdaftar tapi tidak bisa login, malah muter2 terus suruh foto KTP.. Baru nemu aplikasi Bank separah ini. tidak ada update sama sekali untuk perbaikan.",2025-07-29 15:08:53
ec831789-5447-4268-ac4d-1f2381ea3544,Ridwan Sopian,1,ini lagi maintenance atau apa si dari tadi mau isi rekening dari BCA dan seabank kok tidak ada layanan terus? baru pertama kali instal dan dapet pengalaman yang buruk,2025-07-29 14:12:15
bb6ad231-5fff-49a7-b4a1-2b9a6e4727f4,Rohman Channel RC,5,nah gtu diperbaiki,2025-07-29 06:02:41
394b57eb-4300-479d-8c01-26ded01ecdcd,Yogi Selamet (Provyogi),1,"saya mau top up jaklinko jakcard via jakone mobile. saya kira normal aja kaya biasa ternyata bermasalah. niat biar enak top up sendiri ga harus ke halte. soalnya sy org sukabumi udh top up tp ga masuk masuk, dicek ga nambah tapi saldo bank berkurang. aneh.. udh komplain suruh nunggu 6 hari kerja. padahal mau dipake Meski top up sedikit tapi itu uang berharga banget buat hidup. klo uang balik lg, berubah rating",2025-07-29 04:31:14
234130da-eab9-4398-b0ee-ece78274ba75,MAHA CREATIVE,1,"aplikasi gajelas, mau login aja muter terussssssss",2025-07-28 13:30:54
f0fb1c1b-2555-410a-a2b8-52bccdaca271,R Z,1,hapus aja nih aplikasi sampah,2025-07-28 12:15:22
4a4513ae-b837-4e58-a686-3db7e87da170,Anis Anisah,5,ok,2025-07-28 11:32:32
de721614-1ef6-47be-8ae9-ed0a6fe55271,Ismail Faqoth Art,5,"ini gimana bank dki, menu Dana, ovo dll tidak ada, tolong kembalikan lagi seperti dulu, terimakasih sudah diperbaiki, saya kasih 5 bintang",2025-07-28 06:58:46
6e9942fc-6389-4162-917f-ea20ed91cef3,Awang,2,"sush mau masuknya,lama sekali.tolo g perbaiki",2025-07-28 04:14:55
68e358fc-db64-410c-b3dd-e58e83f70a3c,Taurus Girl78,1,"Bank DKI kenapa error terus sih ? saya kemaren transaki pembelian pulsa 3,klik pin keterangannya:terjadi kesalahan error,tp saldo terpotong dan pulsanya jug ga masuk.trus uang nya kemana??🤦‍♀️ tolong di perbaiki dong sistem nya. kan jd takut kalau mau transaksi lagi. atau lbh baik uninstal aja ni ga usah jd nasabah Bank DKI👎",2025-07-28 02:32:30
7d55d5f7-be35-4cd4-aff8-980444109695,Bayu Surya,2,"tolong DKI lebih d perbaiki sistem aplikasiy, banyak bugy, mau ngisi pulsa suka eror ujung""y dana d ebanking ilang udh gtuu lama baliky",2025-07-28 01:04:20
7d538b24-403e-4a2b-890c-d64ae08d3c43,Greenweed Nouvo,1,"Ini gimana loginnya sih, aplikasi kok lucu amat, sudah ada rekening tapi di arahkan ke daftar rekening baru, di isi data dilanjut lah udah terdaftar.. terus saya gimana loginnya... cape amat ama aplikasi ini",2025-07-27 22:57:46
91b23dab-a36a-498f-963c-88e90ea4d7f9,W. A. R&R S,1,"cuma bank dki doang ini yg ngaco eror pemeliharaan perangkat dr pagi sampe MLM ada apa ? knp ? anek ini jackone kyk ada apa aja nih ga beres g bisa kebuka , mo TF kan susah KLO system eror terus ko aneh ya jackone ini bermasalah terus kyk ada permainan ???????",2025-07-27 11:44:26
d709f213-9872-4027-8e00-bc6065ecb076,Rifana Bilaldi,1,"DKI makin ga jelas, saya isi paket data, uang berkurang paket ga masuk, saya isi lagi, isi pulsa 200 rb, berkurang lagi tapi ga masuk pulsa saya, parah banget ngambilin duit orang.",2025-07-27 05:44:15
57660d0e-4233-43fb-9332-dc997f90dfbc,Herson Trianto,1,"Sedih...,menyandang nama besar daerah tapi tak mampu menjaganya.",2025-07-26 02:42:53
600c52f4-3510-4c1d-aa92-f0e62bc45303,Adi Sl,1,"aplikasi aneh,tiba "" tidak bisa login mbanking namun setelah di coba LG, password terblokir... tolong lah perbaiki, lalu bagaimana ini",2025-07-25 14:40:49
6ebfb90b-2d46-4344-9575-325291c5888a,dyanagungsakthi,1,"eror mulu mau login, nunggu kode OTP lama bgt",2025-07-25 13:57:41
11479aa6-9a12-46cf-a465-c7115fc986f5,Kang IzulL,1,"Kecewa sama jakone skrang ga ada fitur Bifast, terus pengiriman ewalet maximumnya cuma 1jt, baru kali sekecewa kek gini tolong lah perbaiki. trus cuma bisa sekali kirim buat ewalet mau kirm lagi ga bisa eror notice SANGAT ANEH DAN KECEWA",2025-07-25 09:38:45
7404ca3d-8477-4075-8924-9d4e68727190,David Saputra,1,"apk tolol, masa saya sudah berkali kali masukin nomor hp tidak bisa mohon bantuan nya untuk dipermudah saja untuk mbanking saya",2025-07-24 18:47:16
d82f8b6d-24ed-4719-9497-0f90e3cd756d,fammi ramdhan,1,"makin kesini bukannya makin bagus malah makin bobrok nih apk,lemot ya ampun dah, Qris ga bisa, TF ke lain bank susah",2025-07-24 02:48:55
d31bde7c-b50f-4f3a-9c3b-9d9a7928d879,Abdul Fajar Duke,1,"Aplikasi sampah, akun tiba2 diblokir, datang ke bank minta nunggu 1x24 jam tetap masih diblokir, hubungi call center diminta balik ke bank, bolak balik begitu terus gak ada kejelasan. Semoga aplikasi ini segera dihapus dari playstore deh biar gak merugikan nasabah",2025-07-24 02:09:03
03ed09c1-eec8-444e-b7f2-82ad27deecca,ibu Ayah,3,mudah terblokir...mending GK usah pakai,2025-07-23 09:52:38
7dd19546-7a3c-4842-b5b1-d3dc49f8ee8a,Ilham Agustian,5,Perfect,2025-07-23 09:44:51
fcaecdeb-b36b-4630-8f1f-55479bb6ebe3,Ghani,1,"Bank kocak, semuanya error, mau tf dari bank lain Error.. mau bayar virtual account pembayaran UKT kampus error transaksi mencapai batas maksimum??, lah padahal nominalnya udah dari sananya kocakkk kocak, ujung-ujungnya ke teller buang2 waktu",2025-07-23 07:15:15
62fb0d92-4354-4179-a3e3-50c90895df2a,Muhammad Hazaril Pramana,1,"Mungkin seperti keluhan temen-temen yang juga merasakan tapi ini sangat parah bahkan keliatan dari tim anda tidak membenahkan ini aplikasi seakan seperti abai. Di sini saya sudah memiliki rekening dan memasukkan nomor hp, tetapi ketika memasukkan data nik, norek, dan tanggal lahir dikatakan gagal dan tidak terdaftar padahal sudah saya cek berkala kembali tetap saja seperti itu. Dari kapan tau tetap masih sama kendalanya, tolong cepat-cepat dibenahi yaa",2025-07-23 03:04:25
e873a73b-fa10-4c08-8a4f-f1718d6d3ab8,Suherni Sumitra,1,saat cek mutasi hanya bisa melihat total yg uang masuk atau uang keluar tidak diperlihatkan secara detail seperti bank mobile lain nya,2025-07-22 11:47:07
bb3e01c0-b6eb-4752-95a3-f0dc52a55f3c,Muhammad Mustain,2,"Aplikasi mobile banking paling lemooot diantara mobile banking lain. Karena butuh aja punya aplikasi ini, kalau tdk dah malees buka aplikasi mobile bank DKI,,,,",2025-07-22 10:30:37
638844e7-b871-4045-b59c-7b6d9857635b,Fatih Farhan,5,bagus dan inovasi,2025-07-22 09:33:35
9d0a6865-7c55-4ce2-ab46-64b69e872833,maftuhatin ni'mah,1,"kacau. aplikasi bobrok, masa tf metode bi fast dah gak ada berbulan2",2025-07-22 08:12:37
4ac98dae-9fe1-4dc5-a00c-6df0189aeea6,Gigih Youri,1,banyak error nya tolong lah,2025-07-22 04:32:33
321bf750-2320-4da4-853c-9e437460cb45,Ahmad Ridwan Ramadhani,1,aneh transfer ke bank lain malah kaga bisa kocak padahal limit 10jt mau pindahin dana 9jt malah kena transaksi batal terus mau lewat e wallet sama aja kaga danta tiba-tiba koneksi kaga jelas eror padahal lancar busuk banget ini bank,2025-07-22 02:27:25
1397bd22-9549-4026-b356-bc948e324a48,Khoir Tubagus,2,ga bisa tukar uang elektronik,2025-07-22 00:09:53
e6795616-bf52-4aff-8a56-3a7f73fc2364,Ajat Sudrajat,1,"pantes paling busuk ratingnya, ternyata kenyataan busuk",2025-07-21 12:57:30
c54bd569-51d5-4aa0-a4ad-2aaa4e210aae,very setyawan,5,mantabbb aplikasinya,2025-07-21 11:26:39
292e31fa-61cb-4200-8dd9-e0cf68dcee50,Devina Utomo,1,"Aplikasi apa ini? Proses daftarnya lemot banget. Minta masukin OTP tapi gak pernah kirim OTP... Lihat dong M banking yg lain, begitu mudahnya proses daftar. Kalo begini caranya sangat sedikit nasabah nya.",2025-07-21 03:35:44
e4ea9991-ce6d-44f9-a693-4d40ff8430f0,Cholis Majid,1,bi fast kemane bro,2025-07-19 11:42:33
209a328a-35ce-405f-8edf-c5dfe9dd2930,Muhammad Sabda,1,"aplikasi nyedot pulsa, otp mulu",2025-07-19 11:33:36
10a861a8-c7f8-4b7d-b015-d047417b6a40,devita suga,1,"Transfer dari M-banking lain ke DKI gagal trus, padahal kalau transfer ke yang lain bisa tapi hanya ke Bank DKI yang bermasalah 😤 Sekelas Bank DKI seperti ini, sungguh mengecewakan 😌",2025-07-17 23:40:20
06007e67-bd10-42f5-8378-17ab8c443c3e,Petra Dutawan Sabdanto,1,"tolonglah kalau untuk yang mau daftar di jakeone diberikan kemudahan, udah isi tinggal nunggu kode otp blm dikirim kirim. saya sebagai pengguna sangat kesusahan dengan adanya akses masuk ke jakeone",2025-07-17 16:23:18
5bf53e14-711a-4ef7-b71f-f595daae838e,Triple HHH,3,"mau transfer sering bermasalah, sedang dalam pemeliharaan sistem😔",2025-07-17 13:51:02
7acddce3-6f8b-49d1-ae3d-4c163efa3cb3,syarif danaim,5,ok,2025-07-17 12:07:21
4ccf1254-3b7f-4e46-b2bd-c38e9035f2af,Barkah Png,1,"ati"" melakukan pembayaran melalui app ini. notif system sedang gangguan, saldo ttap terpotong, dan tidak kembali wlw sudah konfirm..",2025-07-17 03:12:40
8b1f3d12-5118-4cbc-8e4a-b80f2dc822c7,Slamet Oentoeng,5,So good,2025-07-16 16:31:29
db005443-1dc0-4b70-84ba-70e1a3d63ba6,ani zano,1,apk ga jelas selalu aja setiap mau buka itu selalu masukin password tetapi data terkunci. paling males kalo apa apa harus begini terus dan tidak ada perbaikan apk. verif sms aja ga ada masuk sms udah dicoba berkali kali. tolong dong IT benahin apknya. kita pengguna jd kesel terus bawaannya kalo pake apk ini. untung untung ga darah tinggi,2025-07-16 14:15:38
effb5ed3-ceda-44fb-b68b-fdebc0ea996a,Rafli nur Aditia,1,saya sudah memasukan nomor untuk meminta kode otp tapi kenapa ga pernah ke kirim bahkan sampe ganti nomor saya,2025-07-15 23:24:00
3e8a60ea-3c5b-474a-962f-2322196f2924,Moon River,1,"Aplikasinya sangat bagus, mudah dipahami, dan cepat untuk segala proses transaksi",2025-07-15 13:02:40
b3c33a66-d9f7-4ca0-9d66-a54a2ff33a4a,Rieky Diaransa Putra,2,Hari ini kenapa lemot banget ya dan saya putuskan untuk reinstal tapi pas mau diinstal muter-muter aja kaya jam pasir what is wrong Bank Jakone??,2025-07-15 04:44:49
6ac9dd94-b0af-4e90-8ca7-a6c8ea1f03eb,Sayonara Pulang,1,aplikasi paling cacat.,2025-07-14 16:35:31
f2efed27-478f-495f-bf49-e2f31d71db6e,Zakaria Dwiputra,1,eror terus gabisa transfer ke bank lain,2025-07-14 09:11:55
b10b7178-ee59-4fd5-9dbd-1893b0a657e6,Iksan Syarif,1,"saya bikin rek BANK DKI.. Status aktif, tapi ga bisa di transfer... nomer akun rekening bank ngga di kenal... sebenere aplikasi apaan ya min... yang lain dimulai angka 513 saya ada 5072.... payah... scan QR jg ga bisa gagal terus ..",2025-07-14 01:57:10
f5d696df-f378-4e8e-9ed1-0978b0727101,Rita Sari,5,good......good......good.....,2025-07-13 18:11:15
205d8a87-a165-40e8-8d57-498612700825,Mohamad Risgan,1,"jangan suka error2 terus knp min,suka banget error ini aplikasi heran saya",2025-07-13 09:47:14
63a5a1ea-481f-4597-a402-af668fb8587c,ulfa puspitasarii,1,"paaarrrrrrrah udah 2x mau top up jack card lewat mbanking dki tapi saldo nya gak masuk ke jack cardnya, sedangkan saldo mbanking udah kepotong. hadeeeeuh minta tolong diperbaiki lagi dong pelayanannya",2025-07-13 09:22:24
02b743bf-5ee5-4573-9389-ea82a4e71448,Hermanto,1,"waduh aplikasi jakone kenapa parah ya, saya isi pulsa keterangannya tidak bisa diproses coba lagi nanti, tapi kenapa nominal saldo tetap berkurang, sedang pulsa tidak terisi.. ditelpon tidak bisa, email tidak bisa bantu malah disuruh datang ke kantor,, masalah urgent",2025-07-13 02:07:57
febe1dde-f947-493c-9a8f-a7b034586fd0,Apa Khabar,1,berat hidup ngutang,2025-07-12 11:20:21
d48eb441-4988-4325-bc69-73365b6fcfe7,Putri Maharani Fetra,1,"ini suruh masukkin kode otp tapi kode otp nya ga masuk masuk,padahal kartu aktif pulsa juga ada gimana si",2025-07-12 07:13:57
99da6b17-63a7-4332-b182-e6b9155740fd,M. Yusuf Hasby,1,Woi gak bisa dibuka ini,2025-07-11 08:01:33
2d4398fa-9704-4122-9713-9c8b036def3f,Andry Sitompul,1,"jelek banget gak ada BI Fast nya, sampe segitunya ya",2025-07-11 03:27:56
73e714b2-c7a1-426e-987a-840c2ba87516,fujico zico,1,"Beli pulsa 50rb saldo ke potong tapi ga masuk pulsanya, udah telp cs cuma bantu pengaduan, terhitung sudah 3hr masih blm balik saldonya , bener2 g bertanggung jawab 😀",2025-07-11 01:24:08
d402b3c9-37ae-4fb7-91ed-c9aeca6f12c2,Mr. Joe,1,SAYA PEDAGANG MAU NGECEK ORANG BAYAR UDH MASUK APA BLM AJA GK BISA MESTI NUNGGU 1 S/D 2 HARI BARU KETAHUAN ITU PEMBELI UDH KABUR YA TAU NYA UDH MASUK APA BLM GMN COBA MIKIR LAH BIKIN APLIKASI NGASAL AJA!!,2025-07-10 13:33:41
75de6c7a-37ed-4b8c-b9be-65f0c9d2d9d5,Dhika Muthe,2,tidak fitur custumer servis nya,2025-07-10 11:23:02
33d8ab5d-c002-402d-a552-344e8fd54f23,Siti Ryana,1,babi aplikasi banyak bug. Kalah jauh sama BCA,2025-07-10 08:24:32
7a22eb8a-e497-412e-81df-6ab953245aba,wahyono,5,"Sudah normal ya Aplikasinya, semoga kedepan lebih baik lagi.",2025-07-10 02:49:15
ec04b745-e77a-4b46-a10f-c5646fc2cafb,achmad Sofian,1,aturan kalau sudah daftar melalui aplikasi jangan ke kantor lagi . kalau misalkan tidak ada waktu susah jadinya buat bikin bank DKI . semoga setalah saya kasi saran ada perbaikan. kalau sudah daftar melalui jakone jadi bisa langsung digunakan tanpa harus ke kantor,2025-07-09 18:03:21
77cef3b4-349f-49b6-a2d0-ea28d451c453,April Nasution,2,saya baru saja download apps rencana mau untuk top up saldo.. kenapa saat mau daftar dan masukkan nomor hp nggak bisa² yaa.. keterangan yg muncul mohon tunggu beberapa saat 91.. maksudnya gimana.. mana mau pake buat naik kereta,2025-07-09 17:15:15
69623450-e178-4b10-8839-ca4f821c5d1f,Quraisyin Mufida,1,"gak berfungsi, erorrrr",2025-07-09 10:15:03
2c3cb641-c5c5-47ef-a738-3a1bd11824ef,Naswa Nurhaliza_4EA26,1,"JELEK BANGET INI APLIKASI GA MEMBANTU BANGET,UDA ABIS BERAPA PULSA .TTP GABISA MASUK TERUS YANH ADA PEMBERITAHUAN ERROR /DATA TIDAK DI TEMUKAN MULU!",2025-07-09 09:16:42
f3a96391-69ba-4ae2-a582-ef93145e5548,Muhamad Dika Wahyudi,2,ga bisa masuk gajelas udh kirim kode otp berkali kali download ulang berkali kali masih ga masuk kode otpnya udh dikirim melalui nomer yang berbeda pun masih sama kode otpnya tidakk masuk ke SMS nomer telepon tolongg dongg perbaiki untuk kenyamanan rakyat bersama,2025-07-08 14:52:54
5e35740a-59be-481c-813a-e434b0c41b92,Amir rulloh,5,saya bagus,2025-07-08 14:12:17
3811c1df-d69b-4ba9-9356-5e101a60a56d,Ronih,1,biasa nya transper ke dana bisa skrg ga bisa,2025-07-08 12:49:21
a6fd1d76-2f8d-4ede-9473-a4806c916d2f,Dewi Yuneli,1,kenapa mbangking DKI ini...kok enggak bisa...🤦‍♀️🤦‍♀️🤦‍♀️,2025-07-08 08:03:10
30f1e475-bf31-47ca-86f4-550aebdb891e,Muhamaddikii Yulianto,2,"tidak bisa menerima kode OTP masuk, gimana inii",2025-07-08 04:45:20
7904bd50-0210-4e9a-a030-46e3046a9576,dian diasty,1,ini bank dki knp dah. uang elektronik dana bahkan Jack card nya ilang. mana gua top up Jack card ny ga masuk lagi. hadeuhh pelayanan yg mebagongkan,2025-07-08 00:43:49
caee8ebf-8b86-4a0f-ac1b-2be4c572a6af,Oscar abriadin,2,"Masukan utk aplikator, menu utk Dana sebelum ada,kenapa setelah diupdate tdk ada menu tersebut mohon dilihat kembali tampilannya",2025-07-07 15:07:32
a4c90940-1a96-4d9f-a5bb-d519871a0e53,GiyasMuzakka,1,"ni gaada niatan srius buat ngembangin lagi kualitasmya? bobrok bgt. banyak loh yg pake bankdki, apalagi tingkat pelajar.",2025-07-07 10:44:01
01250fab-5bf9-40fc-b128-abb86390f880,Embos Sayuti,1,"Bank dki tolol,saldo udh kepotong pulsa gak masuk.....",2025-07-07 09:37:17
e15d61f9-3581-40bf-a2b5-8bcec9464bcb,Noer Alam,1,setiap beli pulsa tidak masuk tp dana terus terpotong. kartu tidak bisa di pakai di ATM lain. apa harus tiap bulan datang ke bank buat laporan? asli parah,2025-07-06 19:00:12
7f19af71-a01a-406e-8585-09f4372e5efc,Rangga Andriansyah,1,kenapa yah bank dki ini fiturnya kurang lengkap untuk top up ewallet dana gak ada aneh🤣,2025-07-06 15:09:03
6a66e11c-5c14-43c6-b31f-fad6e4870245,Nanang Resmana,2,ini kenapa saya tidak bisa top up dana lewat jakone ?,2025-07-06 11:03:53
f67028a9-e6f6-4d42-8468-3c22b19cd5f7,RINDANG SYAMSUDIN,1,Saya sudah pembelian kartu debit ko kartu nya belum sampai ke rumahku,2025-07-05 23:57:46
6ad209b3-5d4c-4e26-82db-ceb8dce9ca59,Agus sRyanto,3,"cukup bagus, tetapi kadang masuknya bermasalah",2025-07-05 13:02:00
cbc3e45d-0b6f-46f1-9f19-c35b7527b503,Sangaku Manami,1,aplikasi aneh masa mau login ke aplikasi dipersulit,2025-07-05 12:00:11
7cc2e102-0b64-4574-92da-21a8fcbfd702,Rindu Kasih,1,kenapa top up dana nggak ada,2025-07-05 01:27:24
ed56f46e-e33d-4e87-91b0-d124b9d06cf3,Ferry Diansyah,1,berkali-kali login ga masuk2,2025-07-05 00:40:12
386513d1-ab17-415d-8b64-563da897cbe5,Desy Ana Natalia,1,"semakin buruk, apalag di weekend",2025-07-04 21:40:56
953276fa-e741-4022-a2ec-b83b776e4fa0,Khoiruddin Siregar,1,Cara top up JakCard di mobile banking JakOne gimana ya? Saya cari menunya gak ketemu. Ada yang tahu?,2025-07-04 16:34:40
0864388f-0b90-482d-b6bb-33ab65064aa2,Irfan zulmah Salam Pessy,1,fitur JakCard sekarang tidak ada,2025-07-04 15:38:05
4a60090d-7ea4-40f7-9d94-28b900c34e34,Wahidin Putra,5,ok mantaap,2025-07-04 12:01:18
3773b1ad-10ee-42a0-abf2-b34bf5a1297a,Trie Arie Setiawan,1,"aplikasi jeleek bangeett, masa bi fast gak ada, buka aplikasi lama, butuh cepet gak bisa, baru ini gw Nemu aplikasi mobile banking sejelek ini, kalau gak gaji gw masuk ini, ogah gw pakai ini bank!!!",2025-07-04 10:02:05
ffaaa1e8-dac3-4e1e-a28d-890af423cef1,Etiani Buulolo - PT PURE,1,"ga jelas banget ini aplikasi, uda buat akun dan uda ada no rek uda coba tf dr rek bca, untung 10rb doang, ga masuk² duitnya ke rek nya, coba tf dr bank bri ehhh norek nya error tdk ditemukan, bener2 ga membantu banget hiksss",2025-07-04 08:45:09
3468fbde-b28f-41c7-9789-ae85c4f8fafc,Hadi Kuswanto,1,"tolong perbaiki sistem jackone, heran tiap buka jackone jaringan langsung hilang, untuk login saja susahnya minta ampun, selain itu pilihan bi fast udah lama gk ada, gimana ini?",2025-07-04 01:43:20
4500be2a-d45e-4305-b17d-91e2b6882740,Taufik Hidayat,1,aplikasi lambat dan penanganan jg lambat,2025-07-04 00:36:07
54a7c115-659c-429b-b254-e58985912d6f,Dafa Kyun,1,dont be sorry ..be better,2025-07-03 13:51:56
a7979b6c-acbd-465f-949a-646fc1194626,Aditya Setyawan,1,aplikasi perbankan paling sering errornya !,2025-07-03 08:52:13
53372fe1-0e8a-455e-bcd9-36ffa69537d9,Mus Tofa,2,"Aplikasi jakone sya tidak bsa d buka ,dan d suruh hubungi call center nya tp pas d tlfon call center nya tdk aktif,sdangkan sya mau memperbaiki nya TDK bisa karna posisi d Sumatra,tolong solusinya bgmn?",2025-07-03 08:48:15
02e55503-d578-4336-a45f-88c1dee82d4f,Joe Reagame,1,"ini mbanking punya saya eror Mulu ya, heran gak kelar2 apa",2025-07-03 05:41:52
148a2d12-7d89-4b63-8e58-84becbfcc6cd,Abidzar Nr,1,kenapa sekarang ga ada transfer ke Dana,2025-07-03 04:01:10
cebbaeec-dadc-4f59-b6e9-1c96b4dafdd3,Mmzki Rzky,1,tolong diberi masukkan kenapa aplikasi ini tidak bisa dibukak lagi,2025-07-03 01:20:21
175f2b06-bdce-49b5-bf38-6b18e47fac93,Rendi R,1,"Kalo tidak terpaksa untuk gajian .kaga bakalan pakai ,,, segalanya jelek dari segi manapun",2025-07-03 00:37:04
84e6f355-1c43-42d3-adfd-5d5f47efcc91,Shopping shop,1,gak bisa TF kemana mana,2025-07-02 14:32:38
b3d3e393-bf17-40d1-a898-03a3781fc10a,Cory Simbolon,1,parahhhh,2025-07-02 13:53:59
626e1d5e-3537-4968-80a8-b26908416c2a,rahmat afif,3,banyak masalah nya kalau BUMN,2025-07-02 13:31:17
4ddb0615-5b2f-4d66-9d33-a43c0fd982d9,Jefri Hutauruk,1,"cukup bintang yang menjelaskan ,ga ada energy buat memaki apk satu ini",2025-07-02 12:14:16
e93628d8-019c-4139-8315-0b2f702df74f,Dimas Dwi Wiyono,3,"Biasanya Ada Aplikasi Dana, Kok Sekarang Gak Ada Ya?",2025-07-02 11:49:03
64634f19-0438-430d-8f1b-521c984b9cbc,Ogy Prayoga,1,uang gaji gua kaga bisa d ambil woy,2025-07-02 09:52:48
b5784da2-139b-43a0-b378-90b5835ee572,Azkiyatul Fikri,2,"banyak sekali gangguan ketika TF dan ketika isi pulsa sudah 2 hari masih dalam proses tetapi saldo sudah terpotong, ditunggu sampai 24 jam ternyata uang blum kembali jg padahal sudah menghubungi cs lewat email😡",2025-07-02 06:26:37
a4f23d84-9537-4267-8182-5677e5638989,sugie praja,1,benerin dong aplikasinya. makin kesini makin parah aja sih. pemindahan dana dari jakone pay ke rekening malah error . duit uda ketarik tapi ga masuk rekening. ujung2nya suruh laporan pengaduan. nunggu 10 hari kerja. sedangkan gaji langsung dipotong per tgl 1. pukul 00.01 wib.,2025-07-02 03:23:25
661cf111-4599-44ac-89d5-d472728b587d,Gun'z Baz,1,kirim otp aja susah banget,2025-07-02 01:02:26
93c89961-0080-43ee-8a4e-6a6bbabcdbe1,Zakur Samir,5,fitur transfer ke e wallet kurang lengkap,2025-07-02 00:56:11
edae31d8-a5ea-4f2c-850f-926b686cbcd5,Septa Yoshida,1,"bank yg ribet,mo tf diatas 5jt aja ga bs musti dikit2,pinter nih bank tf dikit2 tp ada biaya...pdhal punya pemerintah,gmn mo bersaing dalam hal pelayanan sama bank2 swasta,lama2 bakal di tinggalkan ini bank klo tidak mau berbenah",2025-07-02 00:28:42
5340d6eb-1c32-4d01-b199-f2f2e4fccdcd,Sayyid Amir,1,"Suka error, gak bisa transfer antar bank, plus mutasinya suka hilang datanya.",2025-07-01 17:27:09
55b5bfdf-d2e8-4985-a3f8-e82004298ef0,prabowo saputro,1,aplikasi ga jelas beli pulsa 3 kali ga masuk masuk saldo udah kepotong duitnya kacaw,2025-07-01 13:22:05
f20c8a60-e961-4d5d-90a6-08cd9d6c09f0,Ivan Candra,1,apk gak jelas ga support nfc,2025-07-01 13:13:43
2bd76cd3-e5af-4fda-9bfe-30516bff909f,AnggaNationTrap98 •,3,ini kenapa ya kak setiap saya memasukan nomor telepon saya dan meminta otp saya tidak pernah mendapatkan otp sama sekali tidak ada otp yang masuk saya sudah coba ke semua nomor saya tidak ada yang berhasil,2025-07-01 13:11:17
f5cb5cb9-f515-4e1b-b4ff-b819cc1344bb,Ngali Mustofa,2,cuma bisa dipake buat cek gaji tok g bisa dipakai buat apa2 semenjak jadi aplikasi aneh,2025-07-01 12:37:50
8b8389d6-074e-4a73-b7ad-bbe38266d0b5,sdncm15 pagi,5,Mantap,2025-07-01 11:44:20
65a95f8e-3790-4bc3-b041-a9ebfa8a3ae3,Bagus Ikwan yusuf,1,bank DKI APK BANK TERBURUK,2025-07-01 11:36:10
eeecc632-eec4-416a-8d5c-4c048f654b03,Panji Ramadhan,1,ini bank DKI lama lama bikin keselin mau kirim 10k di shoppey bilang ada kesalahan ketik lah padahal udah bener nomer kalau udah enggak niat layani mendingan di bubarin aja deh nih bank DKI bikin keselin Mulu emangnya saya orang tidak mampu apa,2025-07-01 10:23:21
2a86ae1f-1aed-44e7-b43c-c059f521c1a0,Billy Agung,1,Gangguan terus dan tak bisa bi fast,2025-07-01 07:25:23
899d6b6b-1d31-44a4-ad93-ca752f946b94,Wilhamdi Alduha,1,"ini kenapa ewalet untuk ke aplikasi dana menghilang, dah berapa lama ini gak hadir hadir buat transfer ke ewalet dana, dimohon untuk di hadirkan kembali",2025-07-01 04:25:13
8c82fd2b-2eda-4ce9-ae7f-f7e156b7570f,Okti Yuga,1,"600 rb tbtb hilang entah kemana cuma buat beli token aja susahnya naudzubillah, dri dlu kenapa sih sistemnya bgini.",2025-07-01 02:15:16
e66ba9f3-4125-490e-9db5-29238b745c10,adam gaming,1,error terus,2025-07-01 01:59:26
a85f3937-f4bc-458d-a2b1-7b86494ab4c9,Sisil Cantika,1,Pecat pecatin orang orang IT nya ganti yang baru yg lebih ahli. Biar fresh dan makin maju BUMD satu ini. Aplikasi ini dari dulu kalo gak lemot ya error. konsisten banget sih kacaw.,2025-06-30 14:37:38
6b439395-47fe-433a-8611-204c35d2fc34,Leiana Larasati,1,"aplikasi ga jelas nih.... beli paket data, udah kepotong saldonya malah ga masuk yg paket data dibeli ... lah... skrng malah ilang tuh menu pembelian paket datanya... ada cuma paket pulsa doank... gimana sih.... dua retus rebu... bagi gua mah banyak bgt ituh... ilang ga jelas .... tolong donk... dibenerin ....",2025-06-30 11:20:29
b0882269-89c8-45d3-b458-902b8a7c2cb4,Bunda Si El,1,mau aktivasi kartu atm aja susah banget . kalo gak niat bikin apk gausah bikin,2025-06-30 11:09:01
cdd3f1a3-7a8b-4e89-8dac-3e7d8c06a4d0,Arsin Arsin,1,Kenapa ini top up dana nya kok dihilangkan kalau tidak semua top up itu dihilangkan semua jangan dana semua yang dihilangkan semua itu dihilangkan semua kalau tidak dikembalikan aja seperti awal bikin kesel aja tolong dikembalikan untuk top up dananya,2025-06-30 07:49:37
8fdc6fd9-46ea-4102-beec-6ada7efa95bd,Andi Tenriona,1,ini aplikasinya kenapa ga bisa dibuka sih tulisannya ga ada sinyal padahal sinyalnya penuh apa harus pake data dulu baru bisa kebuka?,2025-06-30 04:23:55
fdd4c10d-e6eb-4caa-b0c5-7c1c372c14e7,Fatimatu Zahra,1,"hett dh kmrn apk nya gbisa dibuka skrang fitur dana ilang, ada² aja emng ya ni jakone kalo lg dibutuhin ada aja masalahnya lailahailallah",2025-06-30 02:47:25
1a8f724a-bdb5-4bad-a071-d3c70d96fb52,Ikhsan Awaludin,1,dana kok gak ada,2025-06-29 23:42:37
6ff0d27f-c4b0-450b-ad7f-2d5205db46cf,Fatimah wahyu Lestari,1,"satu satunya aplikasi m-banking terpaksa dipakai karna gaji, kalo gak gkmau bgt pake apk yg ribet dan gak update dan fitur jadul jadul",2025-06-29 09:22:59
07a1108c-3218-45e3-9673-e1fb00df6c80,Aisyah Sekar Nastiti,2,Gabisa masuk masuk,2025-06-29 04:06:38
281eb0f7-2f76-410a-a2b3-036bd4ecbb38,denbagusguru Dyas,3,"Sepertinya kurang tanggap. = nasabah lain yg pernah tulis. kalau tidak karena buat honor. sy akan uninstal. - karena lemot - akhir"" ini sering bermasalah - potongan transfer besar (dibanding yg lain). - perbaikan/perawatan terlalu lama. Itu yg sering sy alami dan rasakan. semoga bank ini bisa bertidak cepat dgn keluhan"" nasabah.",2025-06-29 00:11:36
da58228b-2a65-4352-aadf-1ae38df621b3,qwerty 123,1,"ada batasan top up ewallet, gabisa cardless. payah",2025-06-28 10:45:04
f9ed6781-2a99-4dfa-87e6-27d564e800cc,Ivan Nugroho,1,"Tagline kotanya ""kota global"", tapi bank daerahnya begini. Tagline dan banknya bak langit dan bumi. Tidak mencerminkan sama sekali globalnya dimana.",2025-06-28 00:43:22
e0d98ffb-8189-4fb8-959b-a5e57115b67b,roynal loamena,1,layanan transfer antar bank nya suka hilang... payah,2025-06-27 17:06:08
62d1707f-aeb0-475e-b4f5-0ab77a3ecdb2,rvp bp10,1,"Sudah isi JakOne Pay sebesar 30 ribu, tapi setelah itu buat top up JakCard, hasilnya super zonk, malah JakOne pay saya ludes semua plus JakCard nggak terisi sama sekali",2025-06-27 11:21:26
c560aa9a-6fb3-4ea9-a7a4-a3f803cb2bd3,BINTANG _,1,"hdh apk sampah nyesel pake ini, beli pulsa malah ga masuk rugi 50rb hdh kurang kurangin dah kaya begini,kaya bank mau bangkrut",2025-06-27 09:00:58
ed12e43d-7548-4f19-a705-b2d95b64bba2,Selly Anggraini,1,knpa menu ewallet malah hilang.gila aplikasi sampah gak jelas gak bisa login bikin laporan email malah di suruh ke kantor cabang gak bisa menyelesaikan permasalah. gak jelas apa mslahnya . yang belum pernah pake saya ingatkan jngan pernah di gunakan kalau gak mau ke hilangan duit.,2025-06-26 16:59:15
563130b0-a85b-468d-8d2f-b9e08d037b25,Adimon Muliadi,1,"Rekening ga di isi saldo 3 bulan langsung di blokir, ke bank ga bisa di buka lagi harus buka rekening baru. padahal belum sampe 6 bulan. seharusnya bisa di buka lagi dgn no rekening yg sama.",2025-06-26 08:13:18
0de0ed2b-c12a-421b-94dd-7ca921b3566e,Indah Lusi,1,"kepana saya mau daftar gak bisa"", kode otp tidak dikirim"" ,padahal udah isi pulsa",2025-06-26 03:29:14
5f51ab7f-0968-4e78-bdc9-c98a7ef003e1,Ri An,1,"parah transper aja ga bisa , ga niat bikin apk🤭🙏",2025-06-26 03:21:26
6506d3d6-23d2-4926-b1c2-e9780af1cbe8,Omnyaai Perbaungan,1,parahhhhh udah 3 BLN gak bisa TF k mana2 baru x ini punya m.banking Aling hancur gak bisa ngapain2,2025-06-26 00:29:42
822ab145-262e-4477-806a-dc1b4ed71ccf,Siti Solikha,1,"Aplikasi yang musti dicoba karena saat saya memasukkan nomer hp saya untuk mendapatkan kode otp, kodenya tidak terkirim. Bagaimana bisa sebuah aplikasi untuk log in saja lama banget. Aplikasi sampah!",2025-06-25 10:20:40
e02ddcac-59ce-40dc-8f75-896911c3396b,supardi Ardie,1,"Ini makin ke sini aplikasi Jack one mobile bobrok ,pembelian PLN prepaid berhasil terpotong tapi knpa ga ada bukti pembayaran sukses nya dan di cek riwayat tidak ada ,kalo bukan dari terima gaji pake bank ini sya sih lebih pilih yg lain",2025-06-25 09:48:58
f67d87e8-8967-4f9b-b33d-81d0759e6970,syafrudin ali,1,"ga bisa login, kode otp ga masuk masuk",2025-06-25 08:24:34
edba60ef-c761-4666-bbe6-39ce05c53419,Marsha Fiyandiva,2,"punya saya password yg dimasukan sudah benar,tapi ko ga bisa kebuka ya aplikasiny? padahal saya sampe catet passwordnya di catetan saya loh pas abis buat aplikasi ini,dan password sudah benar ketika diketik tapi ko gabisa,itu knp y?",2025-06-24 14:53:17
34f63579-e496-4dc1-a259-d22f7e99d663,danu maryadi,1,tolong itu verifikasi OTP lewat SMS nya di perbaiki...,2025-06-24 11:17:43
a5769d8d-5960-4047-b421-84c36b022d61,Henry Siahaan,1,BANK DAERAH TERBURUK YG PERNAH ADA,2025-06-24 08:59:36
cdc25ff6-bfe0-4776-a134-4767b32e2ed7,emmy nababan,1,aplikasi bodoh OTP aja susah masuknya,2025-06-24 08:26:23
688cd32e-6590-438c-be81-3f6d31516a69,Imron chanel,1,"parah jakone mirchat nya gk bisa di tarik,gk ada notif OTP nya,terus sering gangguan mulu kalau pembayaran QRIIS",2025-06-24 08:25:30
6cf3f105-9fe9-459f-b183-d60e59006f96,Abigail Evi,1,"niat mau buka rekening secara online, disuruh isi data no. rekening. orang blm punya, ga jelas. kalau bikin app tuh yg bener.",2025-06-24 07:14:13
9310fa89-17a8-403a-8507-8a7ca986b7f7,Sarwono Sukadi,5,top,2025-06-24 06:19:44
db8840a9-9e8d-4ba4-95a3-582fbaeec82b,Lili Rojali,5,walaupun banyak error saya suka pelayanan bank dki,2025-06-24 05:40:46
60c7d56f-48de-4a49-aff8-006c938ee041,Entin Yuliani,1,"aplikasinya lemot banget, beberapa kali isi paketan tidak masuk tapi uang terpotong dan belum di kembalikan...kalau bukan untuk menerima gaji sudah di hapus... jujur beberapa kali buka hanya loading saja tidak membuka...padahal sinyal saya full...tolong dong aplikasi nya di perbaiki lagi",2025-06-24 05:15:12
a62a6bdd-7722-402d-8120-be6d3102d461,alika ja,1,aplikasi tolol mau bikin Jack one GK bisa bisa,2025-06-24 01:34:53
c4c2c705-bca5-4d03-929b-85be33cb5eee,Wahyu Widyantoro,1,"ga ganti hp, tapi keterangan ganti device. mau login harus verifikasi data, tapi mentok di swafoto dan gaada alternatif lain seperti verif via vidcall manual kaya bank lain. sudah ke cs tapi selalu nyalahin jaringan, padahal sudah pake wifi disana juga, dan jaringan ponsel sudah 5g.",2025-06-23 23:47:15
97fa42bd-37f9-429c-bd03-5d3271829df8,BAGUS TRIASTI,1,"gereget banget dah saya .....lebih baik tidak usah bikin aplikasi lah nyusahin orang aja,,,tak guna, aplikasi bank paling brengsek gak bisa bisa login mending musnahij aja lah bank ini",2025-06-23 12:09:42
230dad85-e06e-46fa-922c-e8d7b0a931a0,Ayam geprek Sakahayang bbk,1,mbanking terburuk sepanjang yang pernah saya punya udah lemot tranfer dan transaksi jug klw bukan karna gaji dah saya buang,2025-06-23 06:00:26
cbe2cc1a-abf4-49f9-8045-dca895e5d1b9,Rafli Zulhid,1,saldo atm berkurang gak jelas,2025-06-22 10:20:00
81c1d403-91ae-4cfa-830f-e7393bebaf79,yuda sianatta,1,udah 2x doble transaksi.... hati hati kalau kirim transaksi di cek dl di mutasi...kadang di aplikasinya gagal tapi tercatat berhasil di mutasi masa bintang 1 sama 5 banyakan bintang 1 nya..... akhirnya bisa juga. ....12 mei 2025 semoga lebih baik,2025-06-22 09:10:48
12e43a5f-0439-479c-a7b4-9d5a3e377ef4,Febri 15,1,"saya kan mau login ke akun saya cuma pas masukin password saya hp saya mencet sendiri samape 3x masukin kata sandi salah,masa langsung tiba tiba ke blokir sih padahal saya tau pasword nya cuma di karenakan hp saya nya mencet sendiri langsung ke blokir hadeh,udah mah lagi urgent",2025-06-21 10:58:18
8e81c7a8-3719-46d7-9223-e9a71b50e4fb,Pong Pong,1,mau eror sampe kapan?,2025-06-21 06:34:23
843f9a35-8c97-4f22-b652-0beb95db63b8,Muhammad Kemal,1,"ga jelas uda tf tapi ga masuk""",2025-06-21 04:35:00
999b6da6-5a0a-4b42-9130-00324269d6d2,HERO 15,1,"mau transfer gabisa bikin ribet, udah berbulan-bulan gak ada perbaikan, blanko juga kosong Mulu",2025-06-20 17:19:41
dc38defc-9263-4f6e-8f18-b75c78c61c67,Choiru Ummi Muta Alamah,1,rating 1 masih terlalu baik untuk aplikasi ini,2025-06-20 10:22:36
77dec0d4-44b2-4e26-a836-259ecdcac65a,Abdul Razak,1,"parah, semakin kesini semakin kesono",2025-06-20 04:28:02
e0b685e4-c7a2-4f0c-8261-ed0cc914dbe5,Agus Setiawan,1,aplikasi ga ada gunanya.nyesel gw download.minta otp sampai 5 menit ga ada juga.menyita waktu saya.bank DKI bank oloyyyy.,2025-06-20 03:38:28
c3723271-540c-46a5-8889-a5e3504b3d88,rinalldi nalldi,1,jangan pakai dki ribet,2025-06-20 01:11:02
973576b8-3df9-40dc-aa96-1a642fe04d7b,dindin mahmudin,1,aplikasi gk guna minta verif no lewat sms kaga masuk masuk padahal pulsanya ada dh beberapa bulan gini terus,2025-06-19 10:33:53
600ca79a-164d-4d00-bfad-9bbf0aebbac8,Tegar Bimantara,5,"ini bagaimana akun saya tiba-tiba terblokir, sandi sudah benar kenapa masalah ini",2025-06-19 06:22:10
4cc189b4-095b-4eb1-80b9-e143a653bbdc,rizan nur,1,error mulu sampah bet nih mbanking,2025-06-19 05:35:37
8491367f-6b15-4d86-ae52-21d54b0623a1,Yalati Yal,5,sangat senang,2025-06-19 04:51:32
b681007d-99f5-4946-8745-d0e01a4b47f1,Hasmince Purba,1,sudah 3 hari aplikasi tidak bisa dibuka.. payah,2025-06-18 01:50:59
e703c458-53df-4495-aa50-b03270f0bb48,Kirana Kancahaya,1,"mau verifikasi aja susah nya minta ampun . gimana ni PT DKI? aplikasi nya eror kali ni. mau login aja susah banget beli pulsa berkali kali buat kode verifikasi karena selalu ada notif ""ada kesalahan"" pdhal gada kesalahan. ga bgt dh bintang 1 .",2025-06-17 23:17:35
448fd2dd-09b2-4ecc-af52-571154ef46a7,Latief Khoerul,1,m banking paling sampah,2025-06-17 15:56:08
6338d382-4e49-4196-9682-2de129d4ba1f,Adi Putra,1,"aplikasi tolol tiba2 ga bisa buka, mau transaksi jd terhambat",2025-06-17 12:57:28
6ed0e7f1-e8b2-457d-bf61-6de25aaa552c,Muhamad Aidin,1,aplikasi jakone kagaj bisa2 kemaren alasan dukcapil setelah diurus ko tetap nggak bisa cs bilang no hp lama blom diupdate udah nunggu lama ujung2nya disuruh pulang nanti dikabarin sampai kapan sungguh kecewe nih,2025-06-17 02:25:24
6c0afbbb-5a0d-4414-a82c-65055f781919,Annas Nurjanah,1,"sudah banyak yang kecewa, kenapa tidak di perbaiki..yang gangguan, tarik di atm nggak Bisa, belanja pake kartu nggak bisa. mau nunggu apa dan bagaimana. tolong pihak bank DKI, di perbaiki!!!",2025-06-17 00:36:16
df0d160f-6110-45a5-b524-2723905fc3f2,DHelS,1,"BANK PALING SAMPAH YANG ADA DI REPUBLIK INI.. BERUNTUNG KALIAN ASN DKI MASIH GAJIAN DI KALIAN, KALAU TIDAK, PASTI TIDAK ADA NASABAH KALIAN..",2025-06-17 00:15:18
ffec9993-7cd1-447b-a94a-cbea47a99ac0,Fenty Kurniati,1,"tidak bisa transfer antar bank sesuai limit. tf 1 juta aja ga bisa juga. biaya tf nya jga mahal, ga ada yg 2500, adanya yg 6500",2025-06-16 23:31:51
9524acbe-14e0-48db-9d89-15d2b466871f,Kemas Muhammad,1,"tolong dengan sangat agar sistem diperbaiki, karna sistem mbanking ini sangat bobrok",2025-06-16 08:57:46
6d9cf1e6-86ab-42a0-8483-c024512e6aa7,Aura Putri Wijaya,1,apk gajelas mau log in gabisa gila,2025-06-16 07:50:04
20ce6666-94bf-4d0e-8f73-29eaaa763899,Raniah Xx,5,sangat membantu segala sesuatu dengan cara ngirim,2025-06-16 06:49:37
96d6b07c-e2be-4238-a32e-a7d2d9dce55e,Muhammad Syamsuri Al Huda,3,gimana ceritanya sih User Terkunci mulu. padahal belum lama abis di instal ulang.,2025-06-16 00:43:24
af353a63-f478-48cb-87dd-4ef67d7e9e82,Syaiful Islami,1,sering error,2025-06-15 19:07:43
6cf65d21-6f4a-4bfc-a684-6e3bb0b45b13,irvana fahmi,1,Makin kesini makin payah,2025-06-15 09:40:02
21f6dc1e-1385-484a-ae34-9a27bd597367,Alek sander nale nale,5,pindah di hp baru,2025-06-14 17:28:11
e2bac590-75ad-434e-95f4-0e64610744d9,hamzah 123,1,masalah mulu,2025-06-14 17:11:52
bfa6b797-9d7f-4360-8cb2-09e1a9bf3ae3,Hans Kaizen,1,aneh udah 2 bulan gak bisa fitur pembayaran pendidikan,2025-06-14 04:49:43
c5b4ec69-7bb7-4f68-b731-1d70d68c67eb,13 Winger,1,"woyyy bank macam apa ini? bank yg ga bisa transfer ke bank lain. tiap ada uang masuk. langsung hilang. harus lapor sana sini biar balik. klw ga lapor. gtw balik apa engga. giliran mau dipindahin uangnya, ga bisa transfer ke Bank lain. Bank yang autodebet seenaknya jidat. Sebulan bisa sampe 2-3 x tarikan cicilan. bank macam apa begini. pas hari penting tidak bisa dipakai. mending pindah bank yg lebih toleransi. yg ngasih bintang 5,pasti orang dalam.",2025-06-14 03:27:28
8058b785-2dec-451f-9a25-bfff0238b686,Cyntia Margaretha,2,segera diperbaiki transaksi seperti transfer beli pulsa dll mutasi bulanan juga banyak yang salah kadang juga gak keluar semoga cepat diperbaiki semangat,2025-06-13 16:19:40
97087189-07a2-4959-b3d3-ce34b2b45ef7,Meyla Vika Kamila,1,"aplikasi paling ga proper, mau login aja data ga ditemukan padahal udah punya rekening dan data udah sesuai dan udah masukin otp beberapa kali yang harus pake pulsa",2025-06-13 06:26:42
da89ece9-1cb6-4d44-8e70-7dc2753f09a2,Verry Andre,1,"baru bikin rekening, pas rekening sudah jadi mau di transfer keterangan rekening tidak valid",2025-06-13 00:48:03
3d6c1199-f860-4ba4-ae75-91895e113152,AHMAD SOFIANDI,5,membantu,2025-06-12 18:36:32
c92572f6-ee98-45df-a4cc-01c15ce4b160,Cupu Blagu,1,beli pulsa belum masuk dari kemarin sampai sekarang masih dalam proses padahal saldo sudah terpotong,2025-06-12 03:31:32
ce52f17f-d001-4f9a-9fba-291a8d5f8140,Ahmad Alhafidz,1,mutasi gak bisa notif gak ada apa apa susah pake Jack one ini ampun gak bisa di perbaiki kali ya,2025-06-11 13:21:49
6cacd130-5494-4136-ab49-911ff9e0d633,ardi pratama,1,"q ris ga bisa, tf ke rek ga bisa, kalah sama bank daerah lainnya, bank sekelas kota jakarta ko begini",2025-06-11 12:19:02
582c6c18-20ba-4de7-abff-5c7cd344a1f8,Feriza Bae,5,baik menyenangkan,2025-06-11 06:39:33
894961d5-0167-47ec-bb9c-25b6b7819e37,sabarudin 1409,1,"aplikasi perbankan yang terburuk yg pernah gw pake, sering eror lama. huuffh",2025-06-11 05:53:22
264a4962-be6f-4764-a284-ec2fed3cf17e,Dewinta Garini,1,"isi pulsa lewat jakone mobile, 200 ribu, ga masuk2, keterangannya proses terus, wooiiii balikin duit saya, gua beli di tempat lain. aja",2025-06-11 01:17:02
78189d16-d1c1-4d39-a95c-25903eec823b,Ahmad Ranta,1,aplikasi nya sdh bagus sdh bisa pembayaran dll. tapi sayang sekali keterbatasan limit nya . bikin susah dan harus terpaksa ke teller terdekat.,2025-06-10 13:17:28
715e0718-e7bf-42cb-ba81-84941b64b097,Fathur Purba,1,"mau daftar mbanking aja susah, apalagi pas make",2025-06-10 12:44:58
ec1637de-0250-418f-be19-4ebc3a5f3ddd,Rahmania Dini,1,tidak bisa menyambungkan ke rekening yg sudah dibuat,2025-06-10 08:05:27
f6a93127-3fe1-4982-a60e-53db1bc35ab6,yanisfar arfan,5,aplikasikan sangat membantu.,2025-06-10 03:36:04
e474d21b-7d05-42d2-aa0b-4ef8c5342090,muhamad ramdan,1,"aplikasi m-banking paling jelek, dari awal mula buka rekening sampai sekarang tdk kunjung bisa di gunakan, padahal pendaftaran sdah di bantu customer servicenya langsung.",2025-06-10 03:01:01
8d0aa9d5-d08f-4710-9a87-103b093390c6,Eva Santi,1,aplikasi sangat tidak membantu malah buat susah,2025-06-09 21:57:05
dde586a3-c076-434b-96ed-0bb968730f52,Dien Arafah Arafah,4,knp sering error y,2025-06-09 20:17:04
0c8b4f2f-7de6-494d-a88f-86dc887b149b,Ryan Daz Saputra,5,mantap fitur tranfer bank lain udh bisa,2025-06-09 13:45:03
c85ade17-d66b-4d00-8431-b832a5e32139,Indra Prihandika,1,"kalau yang saya baca, pendapatan cuma cuma dari bank dki adalah dari transaksi bank dki ke bank lain 6500/transaksi/orang × total pegawai area jakarta tiap bulan = pendapan cuma cuma bank dki, karena tiap kali menggunakan bank dki utk transaksi apapun pasti bermasalah, sehingga orang akan berpikir utk melakukan transfer ke bank lain yang mereka punya ""smooth criminal""",2025-06-09 11:53:32
463b7cf4-d258-4811-b6ce-5712a71b34a3,Adam Adrian Rachman,2,"terdapat bug dimana saat ingin mengaktivasi Akun Jakone(sudah memiliki rekening), Flownya setelah memilih opsi YA (sudah punya rekening b.dki), malah sama dengan opsi memilih tidak memiliki rekening, otomatis masuknya ke menu isi data diri seperti buat baru. bug yg sangat mengganggu, ingin aktivasi akun malah masuk menu bikin baru. tolong segera diperbaiki !",2025-06-09 06:55:48
38383e00-6026-40be-b283-8bd5cf4159ba,Achmadi Mdn,1,ganti hape registrasi ulang eror 0404 terussss.. help,2025-06-09 05:26:49
55611f97-3815-475f-99cf-d386b288b41d,aris sofian,5,sangat membantu dam memudahan dlm segala hal.. semoga bnyk diskon untuk pembelian pulsa atau token,2025-06-09 04:57:40
130907ba-292e-4ac4-bb8b-3246cbe53430,Wahyu Anggana,1,"aplikasi m banking paling gblkk!! udh beli pulsa via m banking dki. ga masuk2, keterangannya sedang proses terus.. WOY BODOH! gua butuh paket data, dan gua beli via m banking tuh biar lebih cepat dan dapat menghemat waktu. bukannya lebih cepat malah kelamaan!!",2025-06-08 13:35:12
10d168b9-7b4d-49c1-af46-c167ab8e2670,Wangsit Margotomo,1,ganti HP malah data tidak ditemukan,2025-06-08 08:34:21
1916d5d6-910b-40c5-839f-d7300fc77d9b,Javier R3quelme,1,Kode OTP 6 digit Tidak Terkirim kenapa?,2025-06-07 22:13:20
ea9b203a-48bb-421e-a61c-442614b0fff0,kas panjahitan,1,masa data anda tidak sesuai terus.. gimana mau daftar nya.. maintenance nya berapa tahun min..,2025-06-07 14:42:29
2368723b-76d8-4fbe-a16f-498a4c5f2801,Maliki D' Arifin,1,susah banget daftar nya padahal saya Disabilitas penerima KPDJ inginnya gunakan rekening buat transaksi lainnya bukan hanya sekedar mendapat KPDJ,2025-06-07 14:36:51
eb509c71-fb60-42e0-9221-6e22b766b534,Naman Saja,5,ok bagat,2025-06-07 07:19:29
0645d5e0-9541-4b58-a09b-a317ca4855d3,Ade Rizky Tri Setiawan,1,busuk,2025-06-06 22:55:26
0fe74762-e088-42a3-961e-db025d5f39f8,muslipah kusnadi,5,mantap,2025-06-06 11:42:09
e247794b-58f7-4c63-8d7b-76385440f3ba,Ceplenk Eft,1,"beli pulsa, saldo kepotong pulsa tidak masuk",2025-06-06 08:43:55
da17b3e5-9e2b-464a-aaf6-90193e68bbc4,Deswita Nuraini,1,"mau login kok gabisa padahal udh masukin no HP, tp gak ada notif kode otp padahal baru isi pulsa gak bener bgtt nih aplk padahal mau liat rek gak bisa"" selalu gagal trus kolo mau login ck",2025-06-05 18:54:33
f4e91781-a2e6-4ed1-9c5c-be2077bd6530,reni irawati,1,"kenapa ya sudah instal aplikasi ini, sudah masukin nomer hp & pulsa nya ada tapi tidak bisa masuk ke aplikasi ini?",2025-06-05 17:43:32
fb744c59-5020-4c1c-a4f9-0308c13f2002,Achmad Baihaqi Hakim Achmad,1,"ada aja setiap mah transaksi, eror mulu,kalo ngga niat mah jangan nyusahin minimal",2025-06-05 13:31:21
1b913a49-f570-43d2-ae02-248df95dd4d3,saroh kia,1,tidak bisa digunakan kode otp tidak terkirim,2025-06-05 13:13:39
fa1a78c1-9a5f-4f9a-b115-270e99aad00c,baejuri zheghanteung,1,"jam 11:15 saya sdh kali beli pulsa via jakone mobile,saldo ke potong terus padahal di nomor yg d tuju belum masuk",2025-06-05 04:19:06
fcf97531-05a6-474b-8f13-b12f565a9fb6,GamesonMobile,1,"aplikasi sampah, menyulitkan orang tidak bisa di akses sama sekali ketika di butuhkan",2025-06-04 19:39:27
04134af4-fea6-4e46-bc43-6356fd52e7d4,Reza Wahyudi,1,"mbanking kocak, tf ke bank lain gabisa! gua mau tf 3jt aja di kata lebihin limit eh pas ke atm buat tf lngsung bisa, terus guna nya ada mbanking ini buat apa? terus nerima tf an dari bank lain gabisa juga dibilang rekening penerima ga valid, haduh kocak²!!! pliees dah buat lu pada kalo ini aplikasi masih kocak kasih rating yg bener 1 aje jangan 5 paul.. biar cepet mikir direksinya buat benerin ni aplikasi!!!",2025-06-04 16:28:27
3cdffb77-99c3-4928-b876-662a58a178fe,Muhammad Ridho Rifai,3,sudah punya rekening tapi disuruh selalu scan,2025-06-04 12:44:58
76be5080-0351-4e88-b75e-0297fc7e0bea,Coba Aja Dulu,1,"transfer 1x dari jakone mobile, ternyata saldo kepotong 2x, di bank tujuan hanya masuk 1x. kemana saldo yang kepotong? sampe sekarang belum balik ke rekening. transaksi dasar aja engga bener, parah sih ni aplilasi. kalo engga kepaksa engga bakal pake ni apk semoga dana saya bisa balik lahgi.",2025-06-04 11:42:43
90071e4f-a6e4-41ce-8a61-66bda3bcd9ef,dimas hardiansyah,1,"selalu gagal verifikasi data, data yg di isi sudah benar semua, coba berkala sudah berbulan bulan masih aja gagal verifikasi data.",2025-06-04 11:09:42
aa312a98-62e3-47df-8d81-94ec5eb0ca86,Muhamad Tri Nur Mulyono,1,"kode OTP tidak mau terkirim, sudah mencoba berkali-kali. Oh iya pulsa saya juga masih tersisa 6k.",2025-06-04 08:48:59
e51cafa7-525c-44aa-a740-6436c2145e97,Musaropah Id,4,"sudah beberapa hari ini buka mbangking ga bisa padahal internetnya kuat,selalu periksa jaringan internet?",2025-06-04 06:19:46
ed48be95-fd8d-4a74-9cef-23742b29a2eb,Ilham Hadisalam,1,"dari lebaran idul fitri sampai mau lebaran idul adha...m-banking masih bermasalah terus, bubar deh nasabah",2025-06-04 01:46:10
3bc0731e-dfea-4841-8e0b-fce65df4815f,putra wibawa,1,"tengah malam token habis, m-banking gak berguna sama sekali buat topup, klo bukan karena ada perlunya aja udah hapus nih, nanya ke CS online atau KCP juga ga guna ini scorenya 11/100",2025-06-03 17:14:48
de29b2bf-94cc-425c-8106-fcddfd9c066b,Y35,1,"update 3 juni 2025 nih saudara. transfer ke rekening lain gagal mulu, isi pulsa gagal terus, jackpot nya tuh ke ATM di Margonda Depok sering di Prank sering banget gak bisa ambil duit. gilak gak tuh Saudara. sumpah gila.",2025-06-03 12:11:52
b9a6f5ee-b7f3-4154-a521-cee3561abca9,Antonius Adiyoso,1,"Aplikasi gak siap dipakai untuk transaksi mending pakai yg lama aja, transfer ke beda bank masih tetap gak bisa",2025-06-03 02:36:48
1175ebba-e754-4e36-ace6-ad0bfd83cc2f,Aby Ardiansyah,1,stak di logo gabisa login payah banget,2025-06-03 02:23:01
cf7f2256-9e40-4597-a98b-ca70a2527a4c,Juni sri astuti,1,Layanan BI fastnya kenapa hilang...kalo mau transfer kelain bank biaya nya jadi mahal....,2025-06-03 02:21:23
d61b906e-68e5-4e3a-9d8b-62af8be262a1,rayyou frp,1,"pindah device ribet ga bisa2,ampe ke bank nya langsung ga ada solusi malah suruh nyoba lagi nanti, bank sebelah di bantu ga nyampe 5 menit kelar,sayang gajian harus disini,klo ga mah udh males",2025-06-03 01:10:20
0f42cb6f-0caf-4e61-8f87-2a242aa81243,Miftah Fauzi,1,viturnya cuman bisa transfer antar bank DKI tuh aneh banget sih wkwkwk. mau transfer antar bank lain gk bisa tuh lucu banget. 🤣🤣,2025-06-02 19:01:12
5a2f447c-c415-468d-9671-406ade5c23ae,Gusti Maharani,1,minus 100.,2025-06-02 18:53:56
622b384d-8481-4b6b-887c-96ff57961af1,Game Jambal,1,"kalo bukan karena gaji, ga sudi pake ini bank.. karyawan nya juga angkuh, rata disemua cabang.",2025-06-02 18:45:17
e3218b20-3e76-4c8e-aa38-a1947d66c13a,Dian Putri,1,"baru instal aplikasinya, tapi ga bisa kebuka. Dari siang di coba sampe malem tetep aja ga bisa dibuka aplikasinya",2025-06-02 16:43:05
69fbb3fc-cff0-41cf-b204-100fcb0cfe69,AMINSIS OFFICIAL,1,buruk sekali sering bermasalah dan gak bisa dibuka.perlu diperbaiki .............,2025-06-02 12:45:20
e01d5af3-30d7-43a3-8231-7a1e64eb7487,Zidan Fadlyansyah,1,"aplikasi sampah, kode otp tidak dikirim meskipun sudah mencoba beberapa kali. saya sudah menunggu 30 menit dan hasilnya masih belum dikirim, mohon diperbaiki segera. terimakasih",2025-06-02 11:50:38
30ff2b8e-1557-4128-9d8c-d1c0c01f3722,Muhammad Sidik,1,"makin hari pelayanan mbanking nya amburadul.. top-up gak berhasil saldo kepotong, komplain via e-mail gak ditanggapi disuruh tlp CC,, terus gunanya dicantumkan email buat apa?? sampah banget aplikasi nya",2025-06-02 11:36:55
08c42dc1-cc2a-4421-9f4b-37e70978aaad,maydina nurkhoiria,1,"sangaat aneh tiba2 user terkunci gabisa di pake lagi ini aplikasi , capek datang ke teller bank mulu kerjaan nya,",2025-06-02 09:33:37
f5aa9b37-1c30-427e-8376-1aae2f384bb5,kredityo tri destoro,1,"kenapa transfer bank lain tidak bisa, padahal tidak melebihi batas transaksi",2025-06-02 07:06:43
158b1f37-78f2-4aa3-8c98-a5238834a218,Adi Adi,1,"emng aplikasi gajlas udah bulak balik ke teler ngurus jakone , kaga bisa"" , krna gaji ajh ribet",2025-06-02 06:27:39
90198b15-28df-4188-bae4-0d7daa30cdb5,deni setyawan,1,"Aplikasi gak bisa login, udah ikutin caranya malah nomer tidak terdaftar dalam aplikasi. uninstall aja dah!!",2025-06-02 03:20:20
56521014-b98b-41b9-ad07-998def6c555c,sappe sirait,1,selalu error BANGKE,2025-06-02 00:30:08
b4e22680-d49c-4d6d-97c6-c3d15cdb3b3b,Zoviannn TV,1,"tolong lah di beresin nih apk, mutasi rekening pada ilang",2025-06-01 20:49:30
2a9f570c-7470-4c2e-a3cd-e76e9c5829f1,Riska Nurlia,5,kepada yang terhormat Tolong untuk Sementara ditutup dulu untuk top up dana nya.. karena oknum penipuan dari dana bisa mengetahui saldo kita bisa melalui aplikasi m-bengking dki semisalnya kita top dana limit berarti ada saldonya kalau tidak limit berarti tidak ada saldonya,2025-06-01 14:36:26
a9cd28a0-fa5e-42a0-9d78-cc54dd6f3ee9,Wicaksono Riza,5,"alhamdulillah, mudah mudah selalu stabil dan sukses selalu",2025-06-01 12:42:31
d4ba95e5-5f06-43a7-a1a6-eefab9cced6b,Ahmad Faozi,1,sebaiknya kalau bukan pegawai Pemda DKI jgn pernah download aplikasi ini...sampah... minimal orang IT diisi sama yg profesional lah jgn yg Abal abal,2025-06-01 10:06:33
638522cd-2096-4b3e-a7c7-668238c64d7c,ester dian,1,gak bisa dibuka,2025-06-01 07:37:19
6fa31de5-1d59-491f-aee7-b471b0024091,Ady Saung Kencana,1,"setiap tanggal merah system nya eror, aplikasi eror hahahaha lucu",2025-05-31 23:48:24
5ffbcb15-dd23-4046-b5a0-67f8edea233d,Andika Permana,1,"APLIKASI M BANKING JELEK BNGT KIRIM KODE OTP GAK MASUK"" SINYAL PAKE WIFI PDHL UDH BELI PULSA JG TTP AJA GA MASUK' TU OTP GAJELAS BNGT",2025-05-31 13:38:30
716ed3de-75d4-451a-b486-574413e99932,Rini Oktaviana,1,PARAH BANGAT.....GA BISA DIBUKA-BUKA.DAH MAU NERIMA DUIT ADA AJA.ANEH BANGAT...HARUS KE BANK DKI SEGALA.SEMENJAK MASALAH SISTEM SEBELUM LEBARAN JADI SERING ERROR...,2025-05-31 07:17:49
b974ba06-56b1-4f89-87b4-85582622c398,Tiara Reza,1,sebel bgt mw tf suka ngegantung dihati weekend heran.,2025-05-30 16:49:17
810fa3d2-486a-4c74-99ab-3103ec051444,werawati,1,"Tgl 29/05/25 top up saldo Jakcard via jakone mobile, saldo rekening sudah terpotong ada mutasinya, saat update jaringan lemmmot bangettttt, & sudah 24 jam saldo jakcard msh belum brtambah, tolong solusinya....",2025-05-30 14:10:33
d95036a9-672e-409d-b35d-f1074ce91cec,Syahri Ramdhoni,5,aplikasi yg cukup bagus.. jadi gak perlu datang ke bank DKI untuk mengecek saldo nya,2025-05-30 11:16:04
9bbeda75-c697-427f-b818-4e33c0b61524,Meeng 99,1,"aplikasi udh lebih dari 1 jam buat akun terkunci susah banget Nerima otp sya udah ke call center XL langsung bilangnya dari aplikasi jackmobilenya, ke cabang bang DKI ngomongnya dari xlnya yg bermasalah kacau bener make aplikasinya mana ngk dapet kartu atm-nya lagi kecewa banget parah ,duit nyangkut ,harusnya bisa buat keperluan malah kagak bisaa.. bukannya nya membantu malah menyulitkan ,yang ada duit di sedot setiap bulan buat adminnya !!!",2025-05-30 11:00:41
3cebfc2f-70f3-4897-b73e-108654e54f91,Agistia Bariah,1,jakone mobile saya gabisa dibuka kenapa ya? udah lengkapi data juga,2025-05-30 06:21:21
ad4bbaee-b9f1-4709-989c-a93e4dd0218d,purwadi adi,1,"Parah nih aplikasi... setelah kasus pas lebaran error, sekarang error yg dialami dr tgl 29mei '25 gak bisa masuk aplikasi. plis dah Pemda jgn pake bank DKI buat gajian.",2025-05-30 03:25:53
5401f47d-1c6c-4b13-81a8-56e491e2e7cd,Wisnu Julianto,1,"lagi butuh, ga bisa di pakai",2025-05-29 23:16:21
97eefdbe-e509-4d65-8bde-bd695b220d8c,Rezha Caesar raynaldi,1,malah rusak lagi,2025-05-29 19:54:04
b6475108-f8bb-425e-9378-5f49d325d7a5,Anas Azza,1,"bank nya kurang profesional,masih ecek-ecek.dikit-dikit pajak, seperti nya rating nya harus nya masih minus,. harus banyak perbaikan dn harus banyak belajar dari bank2 besar. sering error,baik itu apk nya ataupun human nya,. padahal sdh di pakai untuk rumah susun.. harus nya value nya lebih..",2025-05-29 13:31:41
9ff78c63-db2b-4e31-bb88-cd826601e302,Wahyu SGA,3,kok eror ya mbanking,2025-05-29 12:45:37
488d5297-ab90-4a4c-b729-7ed192696ecb,Santri Online Official,1,"potongan elit, pelayanan sulit",2025-05-29 11:58:30
210baf0a-c268-4738-a13f-368ceb54518c,Yoga Lian Pratama,1,"nga rekomendasi bgt, setiap libur aplikasi ngga bisa di pakai",2025-05-29 11:47:10
470663d5-53c2-4369-ac25-3925a8204702,Ricko Storm,1,banyak banget kendalanya,2025-05-29 11:27:29
61a43a25-84a7-4757-a424-67d51168f2d0,Mahfuzhdin MN,1,"Aplikasinya udah seperti ASN, hari libur ikut libur juga ga bisa digunakan",2025-05-29 11:03:19
0d1531f3-9de0-43a5-9202-6e2c87700a69,Aji San,1,bank terdomgo yg pernah saya download,2025-05-29 10:39:24
f2d53bb4-c340-4e75-90a8-31696a1a90b6,Irull,1,"kalo bukan buat gajian males bgt, asli troble mulu minim solusi",2025-05-29 10:03:13
493583fe-5d5c-467c-8350-982be941ce43,Bang Boim,2,"makin kesini makin buruk aja TF antar bank ga ada TF via bi fast ga ada jg,sering error ditanggal2 gajian.",2025-05-29 09:51:09
5a1ef860-8370-472e-9384-216544821ef1,RMF Killer,1,bank paaling buruk,2025-05-28 10:43:21
e5b31d62-a23d-41c4-9a7d-6b5f32cd809e,IKDA MAUDINDA SAFITRI SAFITRI,4,Mau cek saldo tapi ada tulisan terjadi kesalahan terus kenapa ya,2025-05-28 06:39:10
8dfa270d-2617-406a-8441-32986454daf7,Anugrah Listanto,1,kode otpnya mana dah,2025-05-28 06:25:45
90219c7a-5579-481c-bd27-884f774dd3f6,Akun Lm,1,"MBANKING PALING SAMPAH, TOPUP JAKONE PAY KE REKENING SENDIRI AJA GABISA",2025-05-27 19:21:57
47c84d53-01a9-454c-9556-3a2a20baeb23,Anton,1,sampah,2025-05-27 12:33:32
ccbd59a6-953b-4be7-855c-579d159dfffb,Amir Musyaffa,1,"pada saat verifikasi data karna device id berbeda, setelah itu kan masukan nik, no rek, tanggal lahir dan email, setelah diisi semuanya gagal terus, ada notif terjadi kesalahan 0019, sudah saya coba berkali' masih tetep sama, lalu saya sudah mengisi pulsa 12k, tetep sama belum bisa, tolong diperbaiki saya sudah lama seperti ini",2025-05-27 11:58:53
302cd76c-b0db-457f-8f6c-da4770bd185e,alfian zaeluis,3,masa maintenance udah sebulan ga rampung² mbanking paling SAMPAH!!!,2025-05-27 07:28:04
80976ff2-eecf-4ed3-9be0-1ba419803013,Sinurat Chanel,1,sebagai pengguna miris,2025-05-27 01:39:47
46085f02-d32f-46de-a847-0e6f8f956e06,Tentang Dunia,1,"transfer dr mbanking lain ga bisa, ini udah mau 2 bulan. dateng ke kcp DKI, niat buat kartu ATM, katanya lewat jakone mobile aja, oke bisa,, tapi setelah sampai dan kartu diterima lalu mau di aktifasi, klik penerima nya dr kiriman kurir ga bisa di klik, komplain via email ke costumer service di suruh dateng ke kcp DKI. bener bener merepotkan, kalo bukan buat bayar rumah sudah ku hapus di jakone mobile. bener bener bank kusut.",2025-05-27 00:56:14
973653e1-717d-42e7-b999-83c86e900f6c,Maftuh Ihsan,1,gua top up pulsa udh 3x gagal tapi saldonya tetep kepotong. tolong dong yg bikin apk ditindaklanjuti.,2025-05-26 23:04:57
9c36ee8e-1041-42e2-a19a-ba95737ec10f,Alya Azhar,1,masa aplikasinya ga bisa untuk transaksi qris QR. ga bisa transfer ke bank lain juga.. kadang buat transaksi qris scan biasa aja juga ga bisa. kalo ada saldo mengendap kan lumayan bisa buat belanja keperluan lainnya. aneh banget. masa m-banking kayak gitu,2025-05-26 15:00:22
61b94892-b21c-40e7-bd04-41ac1df00e32,Arinowo Ramadhani,1,jakone lelet banget buat verifikasinya. sangat ga recommended 👎🏼,2025-05-26 12:52:31
12a3987a-2540-4ef8-92c0-a2691146e030,Achmad Fadillah,3,"maaf min,saya melakukan transaksi pembelian pulsa,proses pembelian gagal,tapi saldo tetap terpotong.. Ini bagaimana caranya kembalinya saldo saya ya min?",2025-05-26 12:32:18
4a56476f-5823-4e6e-bb50-0aaf2fd5d743,Muhammad iqbal,1,"kode sms ga masuk, oon bgtt",2025-05-25 10:46:17
3a5714cd-c106-4657-af21-4e468144b749,Evi Ekawati,1,kok g bisa buat cek KJP ya,2025-05-25 07:02:07
67d708a6-ce76-4ed3-9505-1e7941f69af3,Shendi May Hesa,1,"saya mencoba transaksi top up saldo ke kartu jackcard, saldo saya sudah terpotong tapi di kartu jackcard nya tidak masuk. Dan sampai sekarang saldo nya belum balik juga.",2025-05-25 05:25:27
c2731063-3b07-4ecd-8c22-96d3c2a5027d,Rizki Fadillah,1,"aplikasi sampah, kode ga terkirim kirim",2025-05-25 05:23:34
9aa8a5a9-7899-452d-affc-9a8b79998f32,Arfan latif,1,"Parah nih, isi pulsa gocap gak masuk masuk dari semalem Ampe pagi. Tapi Saldo berkurang. Dzalim.",2025-05-25 03:03:44
e2181d1b-2d6d-40d6-a03e-52fb7501ae7a,Ferry Prianakazona,1,"Bos, potongan nya kegedean .. tiap bulan kena terus... kalau bisa di kecilin lah, atau di tiadakan itu potongan..",2025-05-25 02:41:52
2ce00da4-063a-43ad-9930-2056cc7b59c1,SUGAZ,2,"tolong perbaiki tidak bisa akses apapun, dr mulai transfer, qr, dll",2025-05-24 14:36:08
d2e5d8de-e512-408c-a4ca-cc10ab2e8778,Ning Noenk,3,costumer service tidak bisa diakses operatornya lama,2025-05-24 14:33:39
a68f5933-0817-4923-a34c-6501858ba973,Wahyu DL,1,"pencairan gopay merchant ke rekening dki selalu gagal, ini kenapa min?",2025-05-24 13:51:34
ec7415a5-53a6-42d4-911a-549f6bf38085,Lukman Hakim,1,semoga bisa ada perbaikan,2025-05-24 13:32:21
dd1c85c2-0c20-44fa-afcf-d6e64a7b0a7f,Neli Wati,5,Semakin sukses dan berjaya,2025-05-24 13:25:58
ea9fcf6a-addc-4ba5-b722-568fe282a0b5,Redi Classian,5,beri kami yg terbaik,2025-05-24 11:30:02
c24db757-b4b6-47c0-9362-93be832060c7,Dayat Dayat,1,kaga bisa daftar aplikasi pea,2025-05-23 22:09:57
9926c400-9851-4515-bace-ec4ae2d51e7b,Eka Prasetya,1,pn isi pulsa diketerangan dalam proses kira² sampe kapan oi admin,2025-05-23 18:31:16
f8f6ec39-4bba-499b-8b55-eb0cd00c431c,Muhammad Syahrul,1,"aplikasi gajelas banget, dari tadi cuma loading doang gabisa masuk ke beranda. di telpon ke call center selalu ditolak",2025-05-23 12:53:09
1b391ea2-c0d2-4635-9bf3-52d25c762cc4,istiya rini,1,"dibuka ngk bisa, unsintal kmr instal lagi ngk bisa 😭",2025-05-23 10:33:14
2a08b532-2cc1-4c2d-962a-696cd7f875e4,Alea suryana,1,aplikasi gak bermutu..,2025-05-23 10:09:16
c96f9eba-bf7e-45e3-9b3e-3e498e0b94c0,onethe khotto,1,Paraaah ... di update malah Susah log in nya ... app sampah ....klo g k paksa g bakal di instal ... tolong BI FAST nya di kembalikan lagi,2025-05-23 08:57:15
c7c246af-3bf2-4eee-a8a0-f0c8659d8bab,Mustofa Doang,1,"Aplikasinya sangat sampah, berulang-ulang selalu gagal transaksi tapi terpotong. Harus tlp call center, buang2 pulsa. Semoga penggajian ASN segera diganti dengan Bank lain. Itu aja, ga usah ada perbaikan2 lagi, lgsg ganti aja.",2025-05-23 07:08:24
e6e6fda1-885b-41ba-901a-c1e30a717111,serba serbi chanel,1,"kode otp ga masuk"" pdahal plsa ada..knpa ini",2025-05-23 05:11:15
d6da3cb7-5706-4c05-9e68-eb6d0ef8a574,Retno Yadi,1,"Kenapa tiba tiba aplikasi ga bisa dibuka, udah beberapa hari , cape banget ini aplikasi",2025-05-23 02:58:27
51ba54ff-c6d0-4d75-89e3-233ab3d6f4ad,Beby Anker,5,oke,2025-05-21 09:40:12
51352962-a237-40ca-82a7-151f0d007ce0,wirna sma70,2,kurang puas krn untuk transsksi dan tranfer ke bsnk lsin tidak bisa,2025-05-20 22:58:19
dc2178b0-0d55-4234-b76f-0fb6686af228,Abdullah Saidih,1,kacau udah ngabisin pulsa brp ini buat nerima kode . data tidak sesuai terus . ngerugiin,2025-05-20 11:33:03
5c881efd-9b58-4b11-aa5a-6378f92f4e9b,Izul Arbi,5,Bagus,2025-05-20 10:26:10
a3c393d3-2269-48d6-96e4-bdcc96ca185c,Nasrul SN,1,"sering error, tiba2 ada pemotongan saldo tanpa ada pesan apa2.",2025-05-20 06:53:29
b8fa642e-f066-4fec-b168-b5e8ab95b054,Riki Permana,1,transaksi gagal tapi saldo kepotong 🤦🤦payah nih apk,2025-05-20 06:48:00
bb788c6e-9633-4dc8-91cf-67affcd573c6,Ariri Ahmad,5,ok,2025-05-20 02:19:45
05affa99-f1dd-4bdd-9635-9aa8376c4685,Adi Sukriyadi,5,"aplikasi jakone mobile saya ga bisa terbuka, diem di booting awal, diem di logo jakone mobile warna merah, mhn solusi",2025-05-19 03:55:17
ff355b72-4d28-4f1c-be71-4cbc7a55f2c9,Evi RF,1,"GATAU KENAPA EROR TERUS KEBANYAKAN ERORNYA, BAYAR LISTRIK KEPOTONG 2X HADEEHHH NGERUGIIN KONSUMEN BANGET",2025-05-19 01:02:07
67184082-0c4a-4d49-89d2-44b9d72b3501,Didik Guntoro,1,nunggu sms buat verifikasi lama,2025-05-18 21:53:41
81bb48ee-1c57-4723-be46-944c511d4422,Susanto Adi,5,keren,2025-05-18 07:44:12
11a23367-163d-4973-bddc-9425f016577f,Sulastri Asmoro,5,siang bapak / ibu mau nanya kalo tabungan Simpeda bank DKI apa masuk dalam aplikasi jackone ..soalnya dari hari Jumat kok bgak bisa otomatis masuk ke aplikasi tks,2025-05-18 05:12:29
b0ca19a3-6fee-4de3-847f-94659c259467,Yunan Prasetya,3,M-banking maintenance Mulu udah dari tgl 12 mei masih belum bisa juga,2025-05-18 01:47:11
32bdd3bb-eeea-4777-9dc1-e86c1031b638,Azis Albasari,1,"ru pertama pke bank jakone mbanking..masa eror mbanking lama bgd, kesan pertama udh dksh jelekkk aja.🤦🤦🤦",2025-05-17 11:17:09
1475473f-1362-40fe-9564-139f3ad75d15,siti endang Sari,1,duit w ilang woy 500rb.. balikin,2025-05-17 10:25:41
466e2264-270e-471e-b6cf-5411ceeed0b4,Tias Adji Swarini,1,mau masuk aja ga bisa ya Allah Susa benerrr,2025-05-17 09:09:08
bd8e7242-c91f-4ba1-b4ea-26a21a82d37a,Wahyu Slowjaya,5,mntap,2025-05-17 06:13:20
1db0b2e1-8adf-42d9-a587-2b37ac76a1d6,abay bagio,1,saya salah satu pengguna yg terpaksa memakai apk ini dikarenakan untuk pembelian token listrik salah satu rusun hanya bisa melalui apk ini tp yg menjadi masalah adalah jumlah nominal token yg di terima berbeda jauh jika di bandingkan dgn membeli di apk lain berdasarkan hitungan yg di tetepkan oleh pihak pln....bisa di bantu penjelasannya..??,2025-05-16 22:54:27
0e6fe2dc-c288-4b45-8cb7-7fb1d34b8855,FK Record Studio,1,"kalo bukan karna urusan kerjaan, udah gua apus dari dulu nih aplikasi.. keseringan bermasalahNya dari pada benernya..",2025-05-16 17:43:24
f29a94b7-2a83-46d6-af52-ba3adeaccdd7,Zhafran K,1,gabisa upload ktp,2025-05-16 15:34:42
002891ea-91c7-43b9-8541-182c33d8c991,Subhan Ramadhan,1,buset dah dri lebaran sampe srkng masih error . ini yg kerja gimana dah. saldo juga jadi 0 masih ada saldo padahal,2025-05-16 11:39:06
dd98993d-a96d-4458-8f5b-080e62a0303a,M Rizqi Raihan F,1,"mauu login di device baruu susah, berkali-kali eror umum (0404) muluu, aneh banget.",2025-05-16 09:41:24
fb10d5cf-2ce2-4c63-99eb-65d0236df241,Ria Handini,1,saya sudah download app ini tetapi kenapa tidak untuk verifikasi no hp tidak bisa?,2025-05-16 09:30:36
23afcc6b-74cf-422f-b3a6-9e5568534dbb,Muhamad Rabudin,5,"selamat sore, jakone saya sering service time out terus,kenapa ya, padahal pake WiFi 😇",2025-05-16 08:55:51
4855df33-e8da-43b0-a864-98233541cb1c,Coki irawan,1,satu bintang dulu jika saya bisa daftar maka akan saya kasih bintang 5,2025-05-16 07:59:57
1cf22fee-7d2f-4ebd-ae54-f15c673efd69,Ade hidayat260,1,naik darah gw di buat bank dki. gangguan mulu...!!!!,2025-05-16 06:47:26
e3b15701-a7ec-4c29-baa2-4cbd5c5701d5,rauf Lany,1,"Kenapa sich Bank DKI, ATM dan Aplikasi nya lemot... Kan Manajemen baru di rubah .. masa kaga ada perubahan apa harus ganti lagi",2025-05-16 05:16:47
5ac4ce1f-bebf-4d22-95ff-9022622965a3,Gian abijar Ali,1,"saya tidak bisa registrasi, selalu loading di bagian upload KTP,dan selalu ada kesalahan",2025-05-16 02:17:58
22ae5066-6b0d-4c85-8083-f3bbd6a4becf,Aloy Pratama,1,"parah aplikasi sudah seminggu lebih gak bisa dii gunakan😡 laporan ke bank langsung sama aja jawabannya gak pasti sampe kapan ada kendala seperti ini😡😡😡 tolong dong kalo ada perbaikan segera dii proses lebih cepat jangan di tunda"" seperti ini,, percuma ada'a aplikasi DKI mobile tapi tidak bisa di pergunakan👎👎👎👎",2025-05-16 01:25:22
85ab29e8-d8c4-4db9-9943-d94b20b78643,nur lia,1,aplikasi jelekk,2025-05-15 23:33:58
cd72162d-089d-4963-acb4-3e8adc883bb5,Bayu Tr Igama,1,coba deh bikin se menarik bca atau livin,2025-05-15 13:11:34
91ef432b-57b7-4516-b003-5129ea95e2b4,yachya fauzi,2,aplikasi lemah,2025-05-15 10:13:35
e4573fc6-826e-40ab-b5a3-ab204d997402,Fery Afruyanto,5,"setelah di update pembayaran untuk shopee kok GK ada ya,",2025-05-15 09:02:41
95a29475-1e4d-4efa-892b-35ad85e0a7bc,Sae Ipoel,5,"oke sudah diperbaiki ovo dan gopay sudah ada lagi, mohon dipertahankan jangan sampai bermasalah lagi",2025-05-15 08:54:38
5bc5935b-e87b-479e-bac9-764edb9d0b17,Sigit Wibbo,5,terima kasih.. sudah diperbaharui...,2025-05-15 08:54:18
8deadf3c-ab46-4c88-a9ff-10e5e40cedcb,murni binar,1,mau daftar mbanking susah bgt njir...,2025-05-15 06:25:47
1bf33cdb-ee01-4f45-889a-ef6286c403a8,Bay Dlh,2,tolong dong ko stiap scan ktp ga bisa bisa,2025-05-15 05:44:36
16b80b2d-9770-4228-91b7-9a30d05ecd5e,Qolbun Salim,1,dulu bagus sekarang malah nysahin . sistem error trus .,2025-05-15 04:21:27
be118037-e482-4388-b7e6-5a67e50fecc4,Arkha 2018st,1,knapa susah banget buat scan e-ktp padahal sudah sesuai petunjuk,2025-05-14 11:45:57
adb50e25-ecdc-4166-a08d-56cde712cd4f,Syah Reza,1,"kalo emng kga niat buat aplikasi kga usah buat Pak, Bujug dah 10x login masih gagal juga wifi salah paketan banyak pun salah GK bisa masuk. Saran saya benerin dikit deh aplikasi nya Anggaran negara jangan di buat Foya Foya......",2025-05-14 03:08:57
f961b912-5a85-4c52-9b79-42fb371ff737,MAS PUPUR,1,"JakOne mobil,kurang memuaskan untuk warga jakarta",2025-05-13 22:29:39
e7a56394-d49c-49d5-b81e-12d412a8448b,Hariri -hrr,2,"Tolong segera perbaiki masalah yang sudah dilaporkan orang-orang ya, selain itu juga tolong perbaiki saat awal membuka rekening/daftar rekening yang sudah punya.., disini saya baru mau menggunakan aplikasi JakOne mobile ini dan ketika di awal ditanyakan sudah punya rekening atau tidak, lalu masukkan nomor telepon kan? nah setelah memasukkan nomor telepon saya ""tidak mendapatkan pesan masuk kode OTP"" sama sekali, saya sudah mencoba dari awal tahun sampai sekarang (sebulan nyoba beberapa kali).",2025-05-13 13:28:13
1d6b76a6-5497-4ccb-81af-50de8823d0d7,mahfud doank,5,ok,2025-05-13 12:50:30
5ec7381b-f3e7-4c81-bbf9-622bc580b4d9,Putra Angga Rivaldi,1,"kaga jelas bgt mau masukin ktp gagal terus, nyangkut dah duit gua",2025-05-13 10:00:44
1f93876d-b431-4c27-9135-6c2a2f61ef50,Jono Saki,2,mau daftar bank jakone online tapi gak bisa. admin bisa bantu??,2025-05-13 04:54:03
f0ed8c79-de08-4415-bdf1-d8de8297c88a,Bagas Saputra,1,"ini gimana sih saya mau scan KTP untuk verifikasi tapi terjadi kesalahan Mulu, udah berkali-kali uninstall trus download lagi tapi tetep gak bisa... solusi nya gmna??",2025-05-13 03:45:27
261f55cb-a44a-4048-b825-62029a901947,Putri Setia Anur,1,"mau login bela belain isi pulsa pas scan ktp malah error mulu. ribet bgt dah proses loginnya heran. kebanyakan maaf, dibenerin kaga. liat noh rating anjlok begitu gmn mau make masyarakat kl dipersulit bgini",2025-05-12 15:07:59
f23a4243-34a9-4f58-a181-79db9d125dcd,Shohibul Rizqi,1,"tolong di tingkatan lagi, masa mau Regis aja susah",2025-05-12 10:59:23
ebc7db3f-b2b2-43bb-a67e-89b7cc4d2709,Destiana Wulandari,1,"belajarlah dari bank swasta lain, contoh Mybca, livin atau brimo",2025-05-12 10:42:58
3123971e-5dee-4301-abf6-47cb2357eab9,ika mardiana,1,"susah banget buka aplikasinya, mau transfer susah, pindahin duit susah. menyusahkan !! udah di upgrade berkali kali sama aja gak kebuka buka😡 mohon perbaikannya dong udah berbulan bulan begini",2025-05-12 10:38:48
6ca58069-fc82-4b67-8bd6-4a6d8cd5f268,laudi Ahmad official,1,kode otp tidak kunjung saya terima,2025-05-12 06:23:13
434838e0-2066-4f93-bb67-39d98a145dad,Rizki Nur Sya'Bani,1,"perbaiki sistemnya, lemot banget sumpah buka jak one !!!!",2025-05-12 06:16:18
9a0ab832-2cf2-4bd4-9870-2e7219a0e7bd,Wardah Agustiani,4,"Tolong segera diperbaiki. Tidak bisa ambil tunai, tidak bisa transfer ke bank lain",2025-05-12 04:39:17
c6e19563-2bc3-4f90-a7a6-a0b7728813db,Elise antolis,1,jelek parah...... problem kacau ini,2025-05-12 02:00:15
bdf6c39a-789f-4a91-a650-f75e7c88052c,siti chodijah,4,sangat membantu sekali,2025-05-11 23:08:57
85daf622-237b-40a6-ae02-f5f0225a4269,waris sk,5,Bank DKI semoga semakin baik,2025-05-11 22:30:53
74fa0469-1582-4af6-924a-c90da9dd79da,Johan Arifin Nuramin,1,"heran mw dowload rekening korannya aja gagal trus ,udh 3 hari nyobaa tetap ga ad perubahan astagaah",2025-05-11 17:15:59
5f3d19e3-430c-430e-9df7-2c697d4e358d,lena m,1,boro2 login...registrasi aja gagal melulu udah abis pulsa puluhan ribu cuma buat OTP bagaimana mau bersaing dengan yg lain... kasian amat ya..,2025-05-11 14:03:52
c40e19ee-b9d8-4f01-a607-f10dbc6c695d,Ahmad Syatir,1,knp setiap foto KTP gak bisa mulu,2025-05-11 09:15:30
41eb1c58-9b6f-4f2e-ab61-52d194c5f140,Nurul Bayyinah,4,ini sudah sebulan lebih jakone mobile tidak bisa transfer dan terima transfer dari bank lain. tolong beri kepastiannya kapan kira² jakone mobile bisa di gunakan seperti sebelumnya?,2025-05-11 02:57:02
599ca21d-fd10-451c-bb4b-2aa9e248c253,Eees Cincau,2,"jika sudah berkaitan dengan pegawai pemerintah, dipastikan hasil kerjanya gak pernah benar!",2025-05-11 02:39:06
14b1cb80-0ed8-4e48-a9c9-2683df216214,Muhamad Ario,1,tidak menerima kode OTP padah nomor nya bener pulsa ada,2025-05-11 02:35:41
08345693-b28a-4557-82b7-060ccdd1bf7f,Hi Syam,1,"lemot, gabisa transfer/qiris dll",2025-05-10 17:46:07
6c3398c5-c288-467d-a6ab-c186ee89d666,Ahmad Sairozi,5,JakOne Mobile MANTAAAPPP!!!!!!!!!!!!!!,2025-05-10 12:08:55
0e48b962-9614-4cd7-8000-1c0191773525,Ask,1,mbking sampah ga jls error trus,2025-05-10 07:27:25
a2182904-7781-4d49-808f-a9e4f6a65bd6,May onaise,1,tidak bisa registrasi data mbanking,2025-05-10 04:56:13
8be75852-5cc9-4a59-a945-ff5e696593b2,Purnomo Pamungkas,1,"aplikasi nga guna, mau tu gojek aj nga bisa2.",2025-05-10 03:03:16
e3fc85ad-3405-4bf9-95c9-505d82113f9d,solleh M,1,"gak jelas verifikasi ktp aja susah bener padahal terang , ngabis2in pulsa aja",2025-05-10 02:20:58
82e49952-1a43-4bd8-9c9f-57eb0aee2624,Andhika alam,1,lawak,2025-05-10 01:42:30
effbdf13-b30f-4367-8611-5a8be9a2cd80,Rumpi Rumpita,1,"bank paling payah penanganannya sepanjang permasalah bank2 yg ada.. orang maintanence paling lama hanya 3hr, ini sudah sebulan lebih masih bermasalah. orang banknya pun tidak bisa menjamin kapan bisa aktivasi kembali, sedangkan gaji pegawai dki melalui bank ini, pengiriman sih aman tp percuma klo ga bisa akses kemana aja.",2025-05-09 22:55:20
5ad87c7c-8fc2-40f0-878e-5c2c4f4d459e,muhammad awwaluddin,5,oke sudah diperbaiki,2025-05-09 13:33:21
3498b17b-25f0-456c-9b5b-f54f32761c1b,Mutmainah Imoet,5,mohon maaf sy hanya ingin bertanya dsini klo pas sy buka jakone mobile ko g bisa y terus ada tulisan user terkunci 0003 itu kenapa y terus sy harus apa mohon bantuannya y,2025-05-09 11:06:01
f7898270-6521-400e-93ce-cb05a71c999e,Daffa Adzikra,4,"okelah udh aman, kadang doang trouble",2025-05-09 10:47:36
c1f985f9-b61a-4c00-bd30-137dfe75aa9a,Rendi Al,5,"aplikasi nya perlahan membaik, lebih di tingkatkan kembali agar lebih baik ke depannya .",2025-05-09 09:44:48
9fcb4a10-4eff-4347-8ad6-c544a9436d07,Moh Lutfi,1,Data tidak ditemukan 404 kontolah,2025-05-09 07:10:44
e3b497c6-1814-4084-95f1-edd109447ffa,Choky Pim,1,"sudah download aplilasi & masukin data terverifikasi, ternya pas lanjut scan ktp malah error terus. sampai kapan error terus?",2025-05-09 05:23:22
b83605b2-9397-4c00-bd9a-2e4ea2261118,Rayi Muhammad Irsyad,1,"saya mau buka rekening, tetapi ketika scan ktp terjadi kesalahan terus, bagaimana ini sistemnya, sudah habis pula pulsa untuk otp berkali kali yang tak kunjung bisa",2025-05-09 01:00:33
893069f0-695d-46dd-8c10-4741b5d9fb65,Zidan Af,1,"aplikasi jakone gabisa tf ke bank lain, udah dari lama tapi ga dibener²rin",2025-05-08 21:42:17
e0a329dc-ab79-47aa-be31-a8bc72c44c1b,Muhamad Arfan,1,saat scan foto ktp udah jelas dan terang tp ga berhasil sampai pulsa kesedot trus utk diulang dr awal. parah bgt ini mbanking,2025-05-08 15:34:45
bee1de9c-8c36-4b96-9f56-ed9ca34bbd40,Cahya Permana,1,eror terus 0404,2025-05-08 14:51:33
b41310f8-4ccd-4f25-b305-44d53f09fa7c,Aminudin Ahmad,1,"Bener bener mengecewakan, login akun aja susahnya setengah mati, potongannya besar lagi, gak usah di adain aja nyusuahin masyarakat",2025-05-08 13:42:27
e4e4b31b-eb32-427d-8046-730b41604e02,saktiadi wibawa,5,Mohon lebih ditingkatkan lagi keamanan data dan saldo nasabah agar kepercayaan nasabah tumbuh kembali,2025-05-08 13:27:12
3fb77cae-b390-4867-ae32-f5cbc8b3c987,Ricky Senjaya,1,aplikasi Jak one knapa eror terus ? mau login karena hp baru malah ga bisa sangat tidak membantu,2025-05-08 09:34:19
9e76e58d-b766-416c-a58e-6b88bf29da34,Rafi Albajili _Asisten 1,1,aplikasi gak jelas gak kayak bank sebelah sat set mau daftar mobile banking error Mulu susah abisin pulsa gak jelas,2025-05-08 09:11:18
5872a59a-92e1-4deb-b351-c59ef7b6e2f2,ALPAR'S art,1,sekelas jakarta aplikasi ini busuk...super buat susah orang...masa iya bank DKI buat aplikasi yg mumpuni tdk mampu sich...padahal jakarta loh ini wajib sat set...ini saya uda 3 hari mau daftar aja gagal mulu...pas difitur scan foto jawabnya error coba lagi coba lagi...parah parah ini ...uda 2 hari sampai sekarang gagal mulu....harus masuk ke laporan jaki ini biar para team terkait berfikir sat set ...jadi malu warga jakarta atas aplikasi sampah begini....huff jakarta jakarta...,2025-05-08 04:50:54
e58a03b5-7c77-4e3b-98bf-8dd5d27b545a,Zulfiqar Saipi,2,"haduuuh..capek bgt dah..error mulu,ga ada pemberitahuan,urusan penting jadi brantakan.parah",2025-05-08 03:34:22
d97445e0-fc2e-4a48-869e-8ecef4960902,Her Man,1,Parah Bank DKI,2025-05-08 03:07:48
ecab5f9f-f7a5-4f00-985f-efce257aec14,Syafii Pii,2,"BANK DKI tolong dong, perbaiki sistem nya buruk banget. sering error gk bs transaksi kacau.",2025-05-08 03:06:22
b3cf6663-e459-434a-9079-1533533b6d76,Nur Kholik,1,"tidak bisa konek internet, padahal aplikasi lain lancar, tidak bisa tf internet, tidak bisa isi shopepay atau yg lain",2025-05-08 03:03:38
98bdfcb4-6b51-4e2a-bd98-346260d91848,Apiet Dirgantara,1,sering eror,2025-05-08 03:01:48
951ff1f0-3ca2-4dae-ac72-4698eb9a6af3,Dimasprastyo Negoro,1,kalo mau bangrut tutup aja buka susah app aja pakek internet priksa kocak,2025-05-08 02:59:46
f31520f4-d368-4a2b-b809-c46abe09a9a7,Rafli Pratama,1,"sering mengalami buf, padalah lagi butuh banget",2025-05-08 02:58:37
4a995b6a-d9c2-4f66-b09e-e359e4397b4e,surya sujana,5,bagus,2025-05-08 02:52:00
07af6c09-a84a-4b1d-9b22-b5b83a2c7cfe,Zelpira nilaputri,5,bagus,2025-05-08 02:47:50
06b0fee8-4846-4aa0-9359-bcd4f6ac7ec1,Fikri Anto,1,"sekelas bank DKI masa akhir akhir ini offline trus, gmna sih??? KLO ada yang kurang cepetan di perbaiki",2025-05-08 02:37:35
7a9e242a-a29f-45a7-bb3f-8a3d84c12f33,wahyu teguh priyono,1,Aplikasi nya makin kacau. dari lebaran sampai sekarang masih blm optimal . makin kesini makin kacau,2025-05-08 02:30:56
3649e3a7-4675-4e5f-95b7-059208cdcae2,Dedi Nasution,1,udah 2 bulan eror...baru seminggu normal eror lagi....hadeeuhhh,2025-05-08 02:16:42
695f7503-6a8e-49f0-a521-856b565df010,Rizal Alayon,3,Niat bikin aplikasi ngga si? makin kesini kok malah makin bermasalah,2025-05-08 01:45:53
42cb0d15-bba1-412c-b4d4-09bb59882de3,Dedi Rosidin,1,hmapir 2 bulan ga bs transfer antar bank,2025-05-07 20:57:05
ac210cc0-dc73-4f75-a244-03bd50727c62,ade febri,1,"Mbanking paling kocak. ape ape lemot, transfer dan terima transfer kadang bisa kadang kagak. kebanyakan kagak bisanye. Hade hadehh...",2025-05-07 17:03:07
92de039f-d092-40aa-8400-cce0c57be461,Taufan Dhika,1,"Aplikasi nya keren banget, fitur-fiturnya juga bagus, Aplikasi sering di maintenance jadi Update Up terus, nyesel kalian kalo ga download Aplikasi nya❤️❤️🔥",2025-05-07 14:36:42
fef443bf-4657-4b66-bc54-21a06ef34232,Hegyn Zukhrufiani,1,"baru download, masukin data tidak sesuai.. aneh",2025-05-07 14:29:50
8cc9d03b-f4c1-4950-a00d-3910776807a8,Sigit Pramono,1,tolong perbaiki lagi system dan aplikasi nya,2025-05-07 14:15:56
484e570e-eeba-443c-9e9c-cfa28587d038,thomas rolandsius,3,Zonk,2025-05-07 13:56:15
c766f698-09e6-4b12-8eec-5e7785d9a2ec,Syihabuddin,1,"Aplikasi payah, mending ditutup aja nih aplikasi... mau registrasi gagal terus saat scan e-KTP. Tolong dibenahi....",2025-05-07 11:25:07
dad7d00f-f63e-4f90-95d0-b0d7046d432e,Firman syah,1,"Mao login aja susah banget di scan KTP eror terus, padahal KTP saya baru cetak di perbaiki lg doongggg ( eror umum 0404 ) notif yg ada di aplikasi jakOne nya",2025-05-07 07:31:24
eeea6e47-b807-48ad-b552-be718f0cc587,Shafira syafa,1,aplikasi ga jelas....scan ktp aja ga jadi²,2025-05-07 07:09:18
430aac13-a13f-406c-8d01-e68e68366f9e,Tutorial Visual Studio,1,Belum bisa bifast,2025-05-07 05:35:40
0365933e-0208-4a81-94da-23947b37b422,matius wahyu,1,"tolong segara diperbaiki sitem Layana nya!!! jangan cuma lancar potong biaya admin tiap bulan, potongan admin tiap bulan lumayan mahal tapi pelayanan buruk!!!",2025-05-07 03:30:50
3cd9485a-c84c-45ff-b4a5-a3bbd55929de,Aries Pratama,2,NYUSAHIN AJING,2025-05-06 23:52:08
b6b47655-8b01-4e1b-9ae1-20efd16be33f,Azaima 77,1,sibank paling kocak,2025-05-06 18:27:21
e861c7b6-4471-4ba2-9cb8-223698eb4e13,Karlian Seka,1,ada apa dengan aplikasi ini harus nya memudahkan tapi sekarang malah menyulitkan cetak rekening koran ga bisa tf ke bank lain ga bisa harus di perbaiki lagi dong sistem nya gangguan terus,2025-05-06 15:36:03
d80195c6-4738-4106-b1f2-84332d8fbfbf,ROSYIDIN,1,"Alpikasi kurang nyaman sekarang alpikasinya tambah jelek susah digunakan,susah login",2025-05-06 15:01:35
0b165ccb-fd27-4428-8208-e1445f0cdef7,Buang Sial,1,"bikin ATM susahnya minta ampun,foto ktp gagal terus.. pantes IT nya di pecat,aplikasinya kaya tokay..",2025-05-06 10:45:09
c15afe38-1202-4f0b-aa92-fb45e01146c7,Al Furqan,2,Lama banget dapet kode otp nya,2025-05-06 09:39:48
8f136d31-3365-4473-b6fe-da58bf1ada8d,Joni Saputra,1,aplikasu cuma nyedotin pulsa doang mau login aja gangguan terus,2025-05-06 04:10:09
57225120-bff3-49c3-8494-ba7b0703b6f0,Tedi Sydnt,1,Kacau bank dki sistemnya bobrok,2025-05-06 03:01:50
698f9591-42f6-4106-a5f1-8f2cf28bd099,Nugie gie,1,"Gangguan sampe sebulan..BANK DKI makin gak jelas, pelayan nya tidak sebagus bank bank tetangga, TLP petugas nya selalu di abaikan.saya selaku agen DKI sedikit kecewa dengan pelayanan bank DKI yang kurang memuaskan.",2025-05-06 02:56:20
1c08f670-3145-4c51-92d3-07c113d83eca,Bagas Akbar R,4,"Sudah ada perbaikan, mantap",2025-05-06 02:31:07
8becec4c-f00e-4383-9e9c-965e9d654b45,Sinly Ayu,3,"knp ya mau scan KTP susahh bnget , gagal trus",2025-05-06 02:16:44
ce843d6f-b088-42f2-b924-4d6852a00a28,Rosidah Sidah,1,sudah downlod dan isi data tapi gak bisa bisa ada kendala terus gimana sh,2025-05-06 01:53:04
4c2eb8d5-1eb1-45ed-8246-5ec5cb32f551,Irwan Kurniawan,1,"woi min, ini w udh transfer ke m banking jakone, diriwayat segala macem udh ke TF, tpi di jakone nya kenapa ga masuk? makin kesini malah makin payah jakone",2025-05-06 01:49:03
fc8509c8-6e8c-469b-ba7a-eb7d32b19cb1,Muhammad Fikri,1,PAYAH klo bukan karna gaji ogah download. 🤦🤦🤦,2025-05-06 01:35:14
03423346-8f3c-4e1c-ae94-1a9635953bca,said muhammad ali,5,terimakasih sudah di perbaik.,2025-05-06 00:45:26
aad4ad69-0aa1-4eac-ad96-615f62e04e94,Cipto Priyono,1,Aplikasi bosok sering ofline,2025-05-05 23:46:31
f4e59bd2-117f-4651-8a3d-05dfd38dde61,Raza Dani,1,"lemot, gak bisa2 daftarnya, scan ktp nya gak bisa2 loading mulu",2025-05-05 23:34:07
16a8ca58-3c71-404e-97b5-15c2e3ad7565,Dimas EP,5,sudah normal Alhamdulillah,2025-05-05 23:24:27
3c602dd5-d2da-4d86-81f7-30a9a70a57ef,Mega Satia,1,aplikasi sampah buang² pulsa buat otp tpi gak bisa² juga aktivasi 😡,2025-05-05 17:16:48
36f120dc-4c4b-4f9c-970b-419b8b684e68,Ardi Ansyah,3,kenapa sekarang tidak bisa transfer antar bank terus untuk topup dana ovo gopay udah ga ada,2025-05-05 15:15:22
d906845b-cd91-437d-a0da-f6fa58425a91,ShofiYatul Umah,1,"wahhh ngabisin pulsa aja nihh, tolong dong di perbaiki jangan diem aja cari solusinya, gak bisa"" terussssss!",2025-05-05 14:30:42
665ef758-4132-4e84-b79f-773562820c50,Nanda Julian,1,"ini Bank DKI ga malu apa, rating bintang 1 mendominasi,,, sampai sekarang transfer antar bank ga bisa2, entah maksudnya apa, yang jelas ini mempersulit bukan mempermudah",2025-05-05 14:12:40
fb841bfc-896c-41e1-9220-833786a6cfb5,Tati Nurhayati,1,kasih bintang 1 dlu susah banget daftar udh d masukin nmr tlp OTP gk muncul2 d pesanan. Ampe ngulang terus kalau waktu nya sebentar ini Ampe lima menit.,2025-05-05 14:09:21
c822e6cc-f130-46d4-b1bd-73ccb5a8b42f,Bayu Maulan,1,"jakone sama mesinya sama"" rusak gk ada yg bner kasih reting jlk semua nih apk gk jls",2025-05-05 13:41:36
ba306666-8fb2-4f38-b1e2-23a85bd2f228,Daffa Faiz,1,jadi ormas aja.,2025-05-05 12:57:31
c0a20a3c-6e11-44e7-9d54-73bb288f52d7,Smantray Tray,1,kenapa kaga bisa transfer ke bank lainnya????,2025-05-05 12:43:33
3b5ddaa7-36d0-4d4d-b3de-8752b1ba7b81,Apalah Liat-liat,1,"Bank pemerintahan paling Ancur sistem paling buruk,transfer ke bank lain ga bisa,ngambil uang pake bank lain jg ga bisa,isi uang apk Dana atau shoppe jg ga bisa,BANK PALING GEMBEL.TOT",2025-05-05 12:30:16
0298752b-a931-419d-851b-e91a52dbe229,Duncan Zimmerman,3,ini scan ktp aja g bisa bagaimana,2025-05-05 12:28:51
49b1385f-9152-4ea3-9af8-5f70661f39ad,Pandu Setiaone,1,orang lain pasti merasakan apa yg saya rasakan.,2025-05-05 11:54:13
0ef25853-3d87-4780-b60d-cef583a9503a,Yuli Syusilawati,1,"belum beres juga ya perbaikan nya???, transfer ke bank lainnya kapan ada lagi???? perlu mbanking untuk mempermudah transfer, salah satunya ke bank lainnya, malah ga udah beberapa bulan.... parahhhhh",2025-05-05 11:05:09
cddffc82-25ab-4046-b421-348f2abd8866,Muhammad Rizky Pratama (Rizky),1,"server selalu maintenance up down, tolong diperbaiki",2025-05-05 10:40:33
dbb93859-4c75-46ae-bccb-4ea0afc5a02f,Slamet Riyanto,1,gabisa tf bang lain dah 2bulan,2025-05-05 08:50:32
f66d3634-ece1-4096-91b4-fec0ed73a673,goodman pane,1,Lebih baik dari sebelumnya,2025-05-05 08:37:14
50b2e22e-f03e-4ed8-b28f-0f52a87ffd02,Panji Kurniawan,1,gangguan Mulu dih,2025-05-05 08:35:33
63d85c97-0f2e-4987-865a-5aa01ea59d66,romie julio,1,"Gangguan ga kelar2 dari sebelum puasa, tak kunjung selesai. malah update informasi flip. beresin dulu sistemnya. apakah selemah ini bank dki ? atau sesulit apa diperbaiki sistemnya ?",2025-05-05 08:00:29
2c9d0687-57c3-4912-8c6c-9c5d7413eff6,Caroline Cook,2,mau San KTP susah amat sih padahal udah GK blur fotonya 😕😭,2025-05-05 05:53:59
923166c3-871a-498a-897f-1cbfce1a63e4,Maya Pratiwi,1,Tingkatkan Kualitas mbanking. Transfer tdk bisa sekali topup nyangkut dananya. Proses perbaikan juga cenderung lama.,2025-05-05 05:16:27
84330239-9117-41e3-8b6c-253f95504fa4,Dimas Moe,1,"maaf tolong perbaiki aplikasi nya , ganti device ato ganti HP ga bisa fervikasi e KTP, gagal melulu / minta cobak lagi beberapa saat, udh coba berkali kali tetep ga bisa. ! dan tolong tranfer ke lain bank juga ga bisa, mohon perbaiki. bank ternama tapi pelayanan di jakone buruk. Terima kasih",2025-05-05 04:33:58
954252fe-42b4-4b30-8127-aa25f0adb402,Putri Ayu Arifah,1,"parah banget sih, masa menu dana sama transaksi ke beda bank ilang begitu aja. mana 2 menu yang sering dipakai pas lgi buru-burunya buat bayar transportasi online .. tolong dong diperbaiki lagi.. ga expect sih bakal ilang secepat itu.. kek gaada aba2, pagi masih ada, siangnya udh ilang.. 😑",2025-05-05 03:39:13
2082cd5f-479a-4e7b-8ecf-0531047ac635,nenah yuliana,1,"sering eror Mulu setiap abis gajian,apalagi Sabtu Minggu gabisa tuh susah banget ini juga mana butuh uang gabisa TF ke bank lain KA shopee dana dll juga gabisa ini parah sih dongkol banget",2025-05-05 01:21:39
f42c6a3e-a645-4766-a876-fd64f623bc99,amalia jamil,1,sampai kapan gk bisa tf ke bank lain.. isi e wallet pun gk bisa2. sudah brp bulan ini uyyyy 😩,2025-05-05 00:38:01
5d082f66-5785-4da4-ab39-500a7d72124f,Neli Neli,5,kenapa menu tranfer ke bank lain tidak bisa gak bisa Qris top up e walet gak bisa parah ini app,2025-05-05 00:04:28
e9d12695-07df-44ea-a08c-7b85ed833188,intan tarigan,1,"tidak bisa transfer ke lain bank, qris tidak berfungsi, ewallet juga tidak bisa. 2025 pelayanan bank DKI mengecewakan.",2025-05-04 23:48:44
31831579-df73-4fe8-9ac3-073c97513787,Nuraini Nur,1,Dari sebelum lebaran sampe sekarang fitur transfer antarbank masih gak ada !! luarbiasa nih app mbanking nya dan top up ewallet cm si oren doang. yang seharusnya mbanking memudahkan ini menyusahkan. !!,2025-05-04 23:00:20
c943a53c-1e59-4060-99e2-cde4c0c26126,Haryadi Arie,1,aplikasi mobile banking paling idiot gak bisa transfer antar bank,2025-05-04 22:55:34
c35e2f7e-ed90-4639-98db-82cca7bcf158,Arie Syuhada,1,Sampai kapan ga bs transfer antar bank? dikira bank cuma bank DKI doank? maaf maaf mulu🤦,2025-05-04 18:13:13
273e930a-d309-498f-a00d-87e2ea6bd029,Muklis Tamhar,1,sering GK bisa transfer,2025-05-04 15:51:39
254200ff-0d31-4b7e-8680-23b1396ba485,randi ardiansyah,1,tadinya buat tf ke shopeepay bisa ini malah jd ga bisa. kemarin coba ke ATM dki tf ke bank lain gagal juga jd gmn ini klo ada perlu kita uangnya mau transaksi. klo bukan karena uang gaji masuk disini nih mau rasanya kabur aja ga mau jd nasabahnya ampun,2025-05-04 13:49:31
2acf8cbc-ba2e-4e78-920d-aa83c7204f5e,Akagami shank,1,"parah dri lebaran sampai sekarang masih blm di perbaiki buat tf beda bank,isi saldo uang elektronik juga ga bisa",2025-05-04 12:18:46
6cec5c9f-42e8-402c-bb64-ff712942406c,Rustian Ronaldo,1,terus saja setiap harii erorr 🤦🏻 udah gitu jauh ke atm . gimna ini udah sebulan lebih kaya gini terus apakah tidak ada kejelasan sama sekali .. potongan doang gede tapi untuk transaksi aja susah nya minta ampun,2025-05-04 11:59:01
4ad69853-c87f-4067-b831-95f28232f7e6,Barhatia Karina,1,"error udh 2 bulan lebih, transfer kebank lain dipersulit, ewallet pun dipersulit. kalo bukan karna gaji dari bank DKI males bgt",2025-05-04 11:06:22
4021d412-ebbe-4737-8a40-da846d77cf88,batu batu,1,"kapan beres nya coba, dri sblm lebaran idul fitri saampai skrng ngga kunjung membaik.",2025-05-04 10:07:19
0e5e047a-ef1f-42b4-b00e-66b7dae2c0a0,Daniel Dwi Mulyawan,1,aplikasi busuk mau ambil duit sendiri gag bisa. mau TF ke bank lain gag bisa mau top up ewallet dana gag bisa. trus mau ambil duit lewat apa.lewat dompetnya Dirut nya?,2025-05-04 09:07:40
81d72973-8541-4f8c-9943-2835f514c85d,Ompeed Storee,1,"aplikasi rusak bank gk jelas gk bisa tf sama sekali, nggak bisa ambil di bank bank lain",2025-05-04 08:44:51
4ce4fa47-8af9-49b6-ba0c-69e606f822ca,Robby G Sorraya,1,kaga bisa transfer apk rusak,2025-05-04 08:34:33
477273e6-8612-4eca-b2a7-afbf590c405a,Muh Ichsan,1,"dri lebaran kg bnr2 ne sistem, kerjaan pada ngapain kah?",2025-05-04 08:00:40
1266f53d-7bb5-4567-949b-37e7ea8e5940,Fauziah Maharani,1,tolong diperbaiki kembali. masa kirim ke bank lain kaga bisa. mana sering erorr mau topup e-wallet.,2025-05-04 07:49:09
c8364ac9-7414-4f20-ba96-88f16e703220,Julhandi Robiana,1,"merepotkan pas hari raya, aplikasinya menyusahkan banyak orang, banyak fitur transfer yg hilang di aplikasi bi fast hilang,transfer uang elektronik hilang,kalo begini bisa²pindah BANK kacau hingga saat ini 12 april 2025 menu transfer ke bank lain tidak ada,kacau,edit ulasan 4 Mei 2025 masih belum ada perubahan mau sampai kapan Pak Gubernur kenapa lama ya.....",2025-05-04 07:43:49
befd6156-a2ba-4d7b-b9be-b50ca5dfef0b,Wagiyem Wagiyem,1,"kenapa nih, aplikasi jakone mobile nggak bisa di buka.....",2025-05-04 07:24:55
6426904a-a37a-4919-a16a-29d01aa5b79c,Rizky Faizal,1,selalu eror,2025-05-04 07:02:30
c05addfc-417b-439e-adc8-f339d8e3ec30,Mon Day,1,"ini kenapa saya mau transfer ke bank lain, kenapa tidak bisa yah...mohoqn segera diperbaiki jangan sampai saya beralih kebank lain",2025-05-04 05:58:05
576c2a6c-cc8f-45f4-9f9d-5e98efb01ba9,Apriansyah (Hans),1,ini apk gimana sihhh... sekarang sekarang ini ga bisa transfer... PARAH,2025-05-04 05:12:01
f76d18cf-4a93-4c6e-9cc6-26618da379c0,OraNyerah guppy bintara,1,payaaaaaaaaaahhhhhh,2025-05-04 04:35:36
acb96f73-dbb7-465e-a7e7-18ddd65992e0,Rossyastuti Nurizqi Raharjo,1,mau sampe kapan nggak bisa transaksi antar bang qiris dll nya udah sebulan lebih loh masa perbaikan sistem sebulan kocag niih lama lama bank dki,2025-05-04 04:07:50
bcbbed64-b28d-4908-9c3b-a5574174c734,Tegar Erlangga,1,makin ngg jelas nih jakone mobile beli pulsa aja daei semalam ngg masuk-masuk pantas dkrutnya diganti masalah terus dki mobile,2025-05-04 03:45:38
3d1f228e-0798-4669-8815-f3547122b30f,Dimas Wicaksono,1,"tidak bisa transfer ke bank lain , pembayaran uang elektronik cuma tersedia sedikit pilihan",2025-05-04 03:45:10
767f4dc0-d12a-4dc6-88ce-8106af9b4067,Sunandar,1,parah... Bank DKI jakone Gak bisa sama sekali Transfer ke bank mana pun.... gimana ni Bos.. semua di bikin susah...,2025-05-04 03:38:38
3ee27429-8b53-4baa-aa6d-b6a786bc8e37,Sri Arum,2,"kadang bisa kadang ga bisa pengiriman antar ke bank lain, dan e wallet..",2025-05-04 03:16:27
7068bc60-ef6c-44cd-ab1e-83e8e6393630,Yasin mustfah Mustfah,5,ko sekarang ga bisa trasper bank lain dan pembelian uang elektronik seperti gopay dan dana tidak ada tolong dong di tingkatkan,2025-05-04 02:39:01
f784cf7a-8039-4fb9-b35e-cc8d8932e3ec,Nabilah Sayyidah,1,"Tolong di perbaiki untuk aplikasi jakone mobile nya, masa mau bayar pulsa pke qris tidak bisa🙈, beli pulsa langsung di jakone mobile nya juga tidak bisa🤦‍♀️🤦‍♀️ dan untuk bagian uang elektronik juga tolong ditambahkan seperti dana,ovo,dan gopay min. terimakasih",2025-05-04 02:25:27
4a1757ba-1e9e-4962-8d6a-166bb153fe69,Deang Bagus,1,paraah.. menu transaksi transfer ke bank lain ga ada menu transfer ke ewalet jg ga ada jadi ga ada guna ini apk,2025-05-04 02:22:44
6ceeee3b-f151-45ce-8fc8-342a029067c6,Big J3ndr4l,1,Aplikasi Tuyul Digital Yang Sangat Grecep ngambil uang Nasabah dengan Istilah Biaya Admin. Namun Sangat...dalam Layanan.,2025-05-04 02:10:55
0da8ad6c-b463-4aca-974e-dfac8385c9ef,Ram dhaniem,1,kok saya skrng tidak bisa melakukan transaksi,2025-05-04 01:37:29
bfce5446-ed9f-4285-b214-4a0d27da9c21,Kiagus Rizky Fadillah,1,Gak bisa tf ke rekening lain.,2025-05-04 01:10:34
758a7255-1946-4e55-bbb8-49774eac5c6a,Elsa Ruspandi,1,tiap mau transaksi pasti aja kaga bisa,2025-05-04 00:29:09
1563b099-4ae2-446c-aff5-047c87b8746c,Hamdani Cahya Batin,1,"aplikasi paling sampah kalau bukan karna gaji dan harus pakai dki uda w hapus ni, uang sering nyangkut, gannguan mulu, dari lebaran sampai sekarang gangguan mulu",2025-05-04 00:14:06
4d247c26-16b4-4b29-9f2a-a5599e7c14fa,Rahayu Purnamaningsih,2,"Saya uninstal aplikasi jakone mobile dan kemudian saya instal lagi, ternyata formatnya berubah karena tidak ada format daftar atau login/masuk, ada scan e ktp dan tidak pernah berhasil, alhasil saya tidak bisa masuk dan tidak bisa memakai jakone lagi. Pihak cs tdk bisa menjawab, jawabannya ada perluasan dan penambahan jaringan ??. Ternyata aplikasinya bermasalah juga, tidak ada yang bisa mendaftar atau login. Suruh dijajal atau diulang lagi, sampai kapan??. Ada solusinya?",2025-05-03 17:11:08
66cae86a-c434-4daa-896c-0fc1bcaaa4c3,16_Malik Ibrahim,1,"Ini kenapa ya pada saat saya masukkan nomor HP dan udah nungguin selama 5 menit untuk verifikasi otp kok ngga muncul muncul kodenya bahkan udah coba kirim ulang berkali kali. Kejadian kayak gini gak sekali dua kali aja, saya coba untuk uninstal trs instal lagi kirain bakalan bisa, ternyata tetep aja terkendala dgn hal yg sama. Semoga segera ditindaklanjuti yaa.",2025-05-03 16:59:41
2ab28098-d8ba-4dba-9322-1eae5b975e88,Axel Fauzi,1,"mau TF ke bank lain ga bisa , mau tf ke dana/gopay gak ada fitur nya lagi . parah",2025-05-03 16:47:41
639d2e2f-9ada-49a0-a957-eaed942230b4,Kiki Rizky Aulina,1,"perbaikan hampir sebulan, nggk bisa ngirim uang kemana2.",2025-05-03 15:24:53
04cc1b67-442e-4357-8b2e-2700db4b41c5,Dio Izan,5,kenapa top up dana tidak ada tolong di munculkan lagi,2025-05-03 15:19:44
26e01c97-a8d7-4689-b914-b6f6590b9318,Yuli Jambul,1,"mo sampe kapan kaya gini, mau TF ke bank lain' ga bisa bisa, uda 1 bulan lebih ini ga profesional banget sih",2025-05-03 14:58:11
9b06c596-d7dc-4541-8a93-80c2fdbad299,Timbul 283,1,"MBANKING LUCU GA BISA BUAT TRANSAKSI, GA GUNA.",2025-05-03 14:54:34
a8fe8fc2-1eaf-4a80-bb1f-c74ad609f0b5,Ahmad Al Hafidz,1,"parah, tf ke shopee pay gabisa, ""koneksi terputus"" padahal kuota banyak, sinyal kenceng, pake wifi masih gabisa juga. punya rekening cuma buat narik duit doang",2025-05-03 14:35:52
31ecdd9e-4b41-4e83-8d12-3a9b1023d6f8,Tri Sukaptyansyah,1,"Top up shoppe pay nya, malah diilangin",2025-05-03 14:19:51
0f2f80eb-3d21-41e0-b155-41fc6d616b82,Riki Maulana,1,bank gak jelas gak bisa transfer ke bank lain bank gak niat,2025-05-03 14:17:16
c35ad730-0676-44f1-88d9-aa5a5fc5409f,iwan smile,1,ini kapan mau ada perbaikan..? masa cuma bisa cek saldo doang.. bayar ini itu error terus.. klo tim IT nya ga bisa kerja suruh pulang aja..,2025-05-03 13:56:24
ce539dce-34c6-44a4-bd4f-7e7766b60ccb,aryan syah,1,assalamualaikum untuk BANK DKI tolong di masukan lagi antar transfer bank lainnya karena susah Dan tak nyaman klo hanya antar 1 bank saja 🙏,2025-05-03 12:58:45
e317b5e4-b49e-4b2e-ba7d-eb0473b46d39,sony sumantri,1,jelek,2025-05-03 12:41:07
bc3240da-0a81-4876-9aff-e4089705f39e,sanra muse,1,gak ada aplikasi perbankan yg lebih tolol dari ini,2025-05-03 12:37:59
03358cd8-4839-4048-a4f7-1f8f70fd1b4f,Abdul Halim,1,buat apa ada jakone mobile kalau ujung ujungnya harus ke ATM juga. transfer ke bank lain ga bisa Terima transfer dari bank lain pun ga bisa. mau sampai kapan apk ini di perbaiki. ga kelar kelar,2025-05-03 12:27:08
124ee8af-2339-4f07-8bc0-b68952a6f4b9,Nur Supriyanto,1,isi pulsa loading.sedang proses dari tgl 4 April sd sekarang masih proses,2025-05-03 12:14:26
8eaeab56-9cd2-40fa-839d-9cd6f932dfd3,Irpan Kurniawan,1,Makin kesini makin kesana 😄,2025-05-03 12:00:38
0b12f435-873f-44cd-b479-d2382463d2b3,Rustam Sani,1,"cuma bisa tarik dari atm, ga bisa yang lain",2025-05-03 11:30:01
cb0787a0-db73-4de7-8c6c-751911647d76,Muhammad Fajar Darmawan,1,"GABISA TRANSFER ANTAR BANK. UDAH PERNAH TOP UP KE DANA SERING KALI, EHH PAS MAU TOP UP LAGI MENU DANA NYA GA ADA, MAU TOP UP SPAY MALAH GA JELAS KELIAR KODE 68. KIRAIN BELUM UPDATE APLIKASI, TERNYATA SUDAH TERUPDATE 🙏",2025-05-03 11:27:10
f66de556-38b9-4c12-8262-896358802182,Aries Kodink,1,"kolot, gajian msk lama jg dr DKI.",2025-05-03 11:08:38
336ca220-9e19-4fe2-9360-3e89143a3f69,Eko Agung,1,sampai kapan jakone mobile tidak bisa tf antar bank,2025-05-03 10:47:42
3d12da9d-8e5d-499f-97d0-93b22ac10a50,Bambang Waluyo,1,aplikasi Abal abal..,2025-05-03 10:27:19
a8e2e543-934d-4615-b490-49ab195221ea,Nova Oktriyani,1,"masih banyak yg perlu diperbaiki sampe skrg belum bisa transfer antar bank,",2025-05-03 10:21:19
ced1e18c-490f-4b5e-83a5-06163b187224,Firman Ade,1,ini kemarin2 dana bisa skrg kok gak bisa parah emang sistemnya,2025-05-03 09:53:11
65e43345-9151-41a6-9072-cc6cc89508b2,pri haryanto,1,makin parah gak bisa,2025-05-03 09:51:18
764bcec1-fb22-4597-ab39-1851061eb989,Sarip Hdyt.,1,aplikasi erorr mlu blok,2025-05-03 08:59:25
f2a7f90d-ffaf-472d-8457-38c728f78c2e,Shido Itsuka,1,"Gabisa TF ke bank lain, GK bisa kirim ke dana atau shopeepay, GK bisa tarik tunai, GK bisa narik pake kartu ATM, Qris GK bisa berfungsi, apcb?!",2025-05-03 08:54:03
fd3d11ce-f790-4d3b-af78-17e5edf092e8,Sulaeman alfarizi,1,"potongan tiap bulan, tapi aplikasinya ga jelas,ngambil uang ga bisa, tf ga bisa",2025-05-03 07:31:14
a25c0726-23dc-4c9d-846b-9a0542d0afaf,Andi Riana,1,sampai kapan mbanking dki gangguan karna pemeliharaan sistem? gk bisa transfer atau yg lainnya. mau sampai kapan kita sebagai nasabah kasih kejelasan?,2025-05-03 07:19:31
f8aa77ff-810a-4de6-922a-9a0222b88b18,Fathur Rahman,1,sudah sebulan lebih (dr akhir maret 2025) perbaikan mbanking (trf bank lain dan qris) masih belum bisa. Please gerak cepat. jangan mentang2 aman di bawah naungan BUMD.,2025-05-03 07:06:28
91a6b040-711b-4a35-a286-ea96969eff5b,Karni Nurhayati,1,skrng makin gajelas aja gabisa bayar pake qris mau top up ke elektronik gabisa,2025-05-03 06:58:36
265eefea-a9d8-4250-9c32-5429169401ff,doni uji,1,e-statement nggak bisa di unduh dan banyak fitur lain yang eror itu berbulan bulan seperti tidak ada niat perbaikan aplikasi sebenarnya ini tu m- banking macam apa apa isinya orang2 nggak becus semua,2025-05-03 06:47:02
11e473a0-439f-4485-850b-ebf6492caf7e,Samsul Arifin,1,"ini gimana bank DKI saya topup ke ewalet, saldo kepotong tapi uangnya belum masuk di ewalet DANA. tolong dong d perbaiki jangan kaya gini terus, kalo transaksi gagal saldo jangan d potong",2025-05-03 06:39:09
4086f1f8-335b-41d9-8f2a-9e3e8e44f3f0,SheDap,1,"Bagus, sering bangat erornya... mao sampe kaoan eror ??? eror bukan diperbaiki malah mao bikin apk lagi kah kaya yg udah² ?",2025-05-03 06:10:10
3632dc2c-2152-4071-a6ec-a1a51820bb49,Joelly Rontgen,1,"makin hari gak ada baik nya ini aplikasi error Mulu, mo ambil hak saya aja susah disuruh keasanalah, ke CS lah dan segudang permasalahan lainnya lalu untuk apa ini aplikasi dibuat bukannya makin mudah malah tambah susah",2025-05-03 05:53:01
995bc8b9-6e30-47f5-ad53-5d8cd2f4814e,Muhammad Fahrii,2,kenapa akhir² ini jakone jd suka eror ya??? mau transaksi aja jadi dibuat sulit deh sekarang untuk pengguna jakone krna gangguan² yg gatau penyebab nya apa :'))),2025-05-03 05:37:21
a15cfd92-633f-46e9-8c0d-85f0f767368f,Syahrizal Sena,1,"top up jakone pay cuma bisa 1 JT padahal nasabah, top up shopee koneksi terputus. KECEWA",2025-05-03 04:33:17
2d8d655f-51a0-44fe-85ec-e5eb89d41831,edward zufri,1,"mw scan ktp saja untuk daftar tidak bisa, kmrn saat datang ke bank dinyatakan aplikasi sedang rusak",2025-05-03 04:32:49
cdbe4a63-fa4a-4227-814e-47986776b56b,One Head,1,Sampai saat ini kok masih belum bisa transfer ke bank lain ya ampun,2025-05-03 03:55:40
0e25f277-22f3-40df-8fb3-4b304fd8fb10,Haryoso -,1,LEMOOOOTTTTT PARAH... ngisi e wallet gagal TF gagal,2025-05-03 02:20:10
7df7b7d2-d1f9-4c9a-8c18-088e1c85b9b1,Andri Aditia (aditia nugraha),1,"masa maintenance satu bulan lebih, ada ada aja bank daerah 🤣",2025-05-03 02:06:04
4261eb83-c29e-480c-bded-7f8019f15969,arrie dhowee,1,aplikasi parah sering banget bermasalah! masa maintenance berhari-hari!!!,2025-05-03 02:05:09
28a37db3-9074-46ff-adcf-8c65b47f36d9,M.Soleh Soleh,1,tolong perbaik dong apk dah 2 bulan nggk bisa lakukan ternsaksi pembelian teransfer dll masa balik ke jaman jadul cuma bisa cek saldo aja di apk ini. payah ternyata lihat ulasan banyak yg kecewa parah n lebih parahnya nggk ada solusi lagi ahdeeh...,2025-05-03 01:13:19
6a92f5fc-3d5b-4483-92f3-6d41f5281e33,Jockill Okoy,1,layanan TF antar bank selama lebaran sampai sekarang blm bisa..hadeh ...tolong benahin lah ..dr akhir maret mau lebaran sampe sekarang sudah awal mei ..😂ampun dah bank dki..,2025-05-03 01:04:52
080ba1cb-a549-431d-8558-68aee20a40f8,Tia Borpas,1,sampai kapan bank DKI cacat seperti ini?,2025-05-03 00:51:28
97172200-80c3-465d-bb81-70a6d260bc42,dhani dhanoy,1,gimana sih udh sebulan gada perbaikan sama sekali gabisa transfer kemana mana kacau banget ni aplikasi,2025-05-03 00:51:15
7446f8db-451d-469e-b645-a22847839ed8,DJAK'S TOWING & DEREK 24HOURS,1,"Sejak puasa tidak bisa transaksi mbanking antar bank, Semalam sampai keliling cari ATM akhirnya trf ke bank lain jam 23.05 Struk keluar tapi sampai pagi ini uang tidak diterima bank penerima Ada apa dengan bank DKI,harusnya jadi kebanggaan bank warga DKI Kota besar kenapa seperti tidak lebih maju dengan bank swasta lainnya segera di upgrade oleh team IT Edy Purwanto SH",2025-05-03 00:47:25
7e69e16c-1e2a-46e2-9139-57dda57fb51e,Muchammad Abidin,1,"KALAU BUKAN BUAT GAJI SUMPAH OGAH BANGET PAKE INI BANK, MAINTENANCE MASA SEBULAN LEBIH HADEHHHHHH GAK BISA TF ANTAR BANK !!!! NGAMBIL CASH KE ATM JUGA SUKA ERROR JUGA BANK APA INI COOKKKKKK",2025-05-03 00:47:03
068af8e6-6aaf-4c78-ad15-ba9d4f8b4540,Atang Taryana,1,kalo dki mau bubar bilang gk usah buat sengsara konsumen... masa bank gk bisa tf ke bank lain kadang error jga mau ngisi e walett.. udh bubar aja... nyampah doank udh hampir sebulan ttp sering error gk bisa ke bank lain,2025-05-02 17:07:43
9a1a235a-56ce-4ce2-a312-6ff7d4f6d254,ramadhan ikhsan,1,"Jaringanya sangat buruk ketika ingin log in ke jakone mobile ini. Bukan salah jaringan internetnya,tapi emang akses interner ke jakone nya sangat lemot. Saya bandingkan dengan mobile banking yang lain lancar lancar saja. Tolong diperbaiki lagi aksesnya. dari semua apk mobile banking, cuma jakOne yang paling BOBROK",2025-05-02 16:03:56
24cc40e7-5a4e-4804-96c7-2ac6738bc492,Maya Hardianti,1,sekelas layanan perbankan milik pemerintah segini jelek nya,2025-05-02 16:01:21
94df040c-781c-4ebd-bd8a-52a798737c2c,Arip Aripin,1,bintang setengah gak ada ya,2025-05-02 15:49:45
e24b229d-723f-42f0-8139-533680cac615,balad ajj,3,kenapa tidak bisa transfer antar bank,2025-05-02 15:00:31
e041a3ce-4a28-4351-add3-01e0264970b4,doddy darmawan,5,good,2025-05-02 14:55:28
c3df9415-d10b-4bea-91f7-68083a8356c0,AFIN TV,1,SAMPAH,2025-05-02 14:36:45
7e19a4ac-ed9f-436f-8ec0-3a628d38e179,HarryAkbar 0003,1,come on maintenance,2025-05-02 14:31:12
e0a31a8e-2994-42d9-baf8-e89f781fae7c,vanca Laia,5,kenapa ga bisa transfer ke bank lain,2025-05-02 14:27:29
027e7204-dbca-4856-889d-da49de2fd62e,fikri firmansyah,1,gangguan mulu ga atm ga mbanking,2025-05-02 14:11:23
e3be188e-947a-4a4d-bd9a-35dbf424d997,Hilda Maulidya,1,"tf ke bank lain ga bisa, tf ke shopeepay terbatas, tarik tunai ATM offline semua. payah",2025-05-02 13:40:31
08654841-a5c5-491d-9927-a0eae506b61e,MeL V,1,Dri Idul Fitri dan ini sdh bln Mei...... Heyyy bnr2 diperbaiki g sehh???,2025-05-02 13:11:05
cb2ec4e7-7948-41af-85f0-a38dd064913d,Rino Cool,1,kebanyakan oflline nya .. aplikasinya bobrok... penanganan yg lambat.. nyusahin pengguna nya untuk transaksi..,2025-05-02 13:03:48
64838c51-0180-49fd-9c27-a58179f582c1,Ahmad Rizky,1,"aplikasi ga jelas, nyusahin orang",2025-05-02 12:50:25
6a437c05-fa1f-466c-b62a-424010bd3346,Arry ID,1,bank dki busuk gangguan mulu atm off mulu kocak,2025-05-02 12:45:50
9a5d457f-e137-44f4-9eb9-832480b928f3,Sinta Mariam,1,"amit amit aplikasi m bangking paling ngeribetin sampah,susah buat transfer gada buat antar bank,kalo bukan karna gajih ogah amat miara ni apk dih!",2025-05-02 12:42:00
c30bb702-56fc-4952-a22d-e806dceb6390,iseng iseng,1,"bubarin ini bank, mempersulit nasabah kacau. mbanking eror, semua atm eror.",2025-05-02 12:38:14
c0fa9e36-73a4-43cb-b1dc-a2df8a36ef94,Mohamad Kurniawan,1,baru ini ada bank g bisa tf antar bank,2025-05-02 12:31:20
624c16c5-d6a4-4182-8ec6-19e3af340862,RA Wijaya kusuma,1,"Tutup aja bank DKI, uda sebulan lebih ga bisa tf ke lain bank, ga bisa isi e wallet, ga bisa ambil di mesin atm lain, gunanya apaan kalau bgtu😡😡😡",2025-05-02 12:31:10
7a74a24b-f915-41fb-b9b3-8fc204cdb0c8,Aedo Prastia,1,"Transfer sudah berhasil, saldo sudah berkurang, No rek tujuan udah bener tp dana tidak masuk ke rek tujuan.",2025-05-02 12:10:37
e9ba450f-8baa-4440-9104-c623e0cd8a35,adifa azzahra,1,"parah ini sekarang jakone mobile gak bisa tf ke bank lain ,, bener"" parah , dan gak jelas",2025-05-02 12:10:29
9447ae8a-a8fc-4656-adf8-c161fdc3688b,Rizki Aminudin Hasan,1,"kalo bukan karna gaji sudah pasti saya apus 4 ATM mau penarikan tidak bisa, mau TF kaga bisa . pelayanan yang sangat buruk",2025-05-02 11:48:58
39ef5b5f-efc1-45ef-8904-a31a1ee772ce,Indri Desy Yanti,1,semakin tidak bagus pelayanannya sejak lebaran,2025-05-02 11:46:36
8eca127c-4361-4dfd-98a1-91b0bb72784d,Agung Puji Saputra,1,sampah,2025-05-02 11:42:46
a1041f39-4bf6-475b-b6df-5b20151f714e,Bangle 87 (Bangle),1,kagak jelas..selalu error sistem. transfer bank lain ga ada..mau tarik tunai ke atm offline...,2025-05-02 11:42:11
a716713b-8f40-4de5-b592-577f1d229ac6,Hadiyanrenaldi,1,ga guna,2025-05-02 11:31:25
8bd09ef2-0391-400d-bc2c-eddb8e5de2fd,Fathur Rohman08,3,ini knp blm bisa bwat transaksi ke rekening laen.. aduhhh,2025-05-02 11:20:01
110f6175-5d6a-4dff-8eb0-1dc490226c46,Bagas Pratama,1,"kagak guna nih aplikasi, daritadi nungguin kode otp SMS kagak masuk"" notifikasinya, udah dicoba no satunya juga gak bisa, hadeh kalau bisa di optimalkan semaksimal mungkin agar tidak mengecewakan semua pengguna.",2025-05-02 11:08:48
cddf3660-36bd-43ac-8711-e258d9cf3f1b,Erlan D S,1,ini kenapa masih belom bisa transfer ke bank lain ya udah sebulan lebih ini lhoo !!!!,2025-05-02 10:48:41
e2a5237a-dfb6-49c1-a77e-ccfa10737953,Suranto,1,"Setelah HP di reset pabrik mau login nggak bisa, setelah foto KTP tidak bisa lanjut.",2025-05-02 10:18:15
c7effeea-9973-4292-84b7-35bb7a0c3c6e,Anwar Irawan,1,benerin oi aplikasi nya tf ke bank lain aja kgk bisa aplikasi sampah,2025-05-02 10:05:13
c0f31df9-cb1b-45ba-adf8-84ef9a51e63a,Liani Ichaaliani,1,segera d perbaiki masa tidak bisa transfer antar bank dan d batasi topup ke uang elektronik,2025-05-02 09:49:01
09f2bb5e-aadf-4128-b222-fb920cd10f45,mahathir muhammad,1,masih gk bsa Transfer ke rekening bank lain kacau bnggt,2025-05-02 09:37:20
eab23b8b-a746-42d4-98b2-aa6783eee072,Fajar Bagus utama,1,aplikasi mbanking paling sampah,2025-05-02 09:23:57
98a77809-f823-4752-8022-7c585cf6ab36,Ajat Roni,5,jakone is the best,2025-05-02 08:37:45
d1d4d7ef-ad68-4f41-9543-1de8703b39b0,mohamad rivai,3,"ini jakone kenapa lagi dah, dari pagi saya ferivikasi foto KTP ga bisa2, 0404masalah umum, tolong dong di benerin,mbangking jadi ga masuk2",2025-05-02 08:27:14
d0e57b22-5a36-4855-a0e5-f763e05e4df8,putra andrea,1,"bener2 parah ini bank ya, ngecek kaga bisa TF kaga pembelian kaga bisa..... li punya IT GX C' masuk ke M-banking nya pun susah bener. dari lebaran kemarin loh kaga bisa2. kalau bukan gajian udah gw buang ini ATM parah bener.",2025-05-02 08:14:35
7e4acd1b-34ba-4d71-a353-8b3ee17b41c1,Bayu Prasetyo,1,masih blm bisa transfer beda Bank,2025-05-02 08:00:50
fdc74990-29b5-44df-b7c9-77056fc1d86d,Iky Cadell,1,sampai kapan berbenahnya udah sebulan lebih. ga profesional,2025-05-02 07:15:25
438639fc-7d7c-49c8-8700-a0cb7dd6486d,Wiku Dewa hastu,1,aplikasi yang tidak bisa untuk transfer antar bank alias cuman sesama DKI saja,2025-05-02 07:14:04
49a1607d-1d03-43e0-9f77-203402017c9e,Ahmad Fauzi,1,Gajelas,2025-05-02 07:11:04
f8e56496-1715-4ab6-8d4c-cb2cc5191f45,Rega fahleza,1,aplikasi gak bisa apa-apa,2025-05-02 07:09:37
a57589af-9442-4f51-a381-389852604fe3,Muhammad Al,1,"saya heran kerjaan karyawan bank dki apa ya sehingga peng gajian terkadang sore2 dan ditunda2 padahal listing sudah terbit,,tolong deh di perbaiki sistem kerja nya",2025-05-02 06:59:16
0d380bb4-ab93-4f4e-aecc-2f5b654fc836,Agus R,5,top,2025-05-02 06:49:44
e2bea64b-7eef-4ba9-ac01-715306898768,SLAMET,2,"Kalo bang lain treble 24 jam sudah terselsilaikan namun bank DKI sudah 1 bulan ini masih error aja, padahal sumber dana gaji saya digunakan antar bank setiap transfer ke bank Lain aplikasi ini ga bisa digunakan semoga bulan ini susah bisa digunakan secara optimal oleh nasabah bank DKI",2025-05-02 06:38:31
84f1cfe2-1a89-4ca7-bfbb-86222b177178,amar salim,2,payah tidak bisa top up gopay dan transfer antar bank,2025-05-02 05:14:11
3f670c8b-4138-4404-add7-0ba58a050a8d,Balabala,1,Aplikasi gak jelas..msh gak bs buat transfer ke bank lain..klo bukan karena gaji pasti nya dah w delete,2025-05-02 04:49:32
5c41976e-d121-4e11-91b9-01cb6ad0fbc3,Nur Aini Sa'adah,1,Bank DKI TUTUP AJA PLEASE🙏 MENYULITKAN NASABAH😔,2025-05-02 04:45:57
b19a7e94-0bd9-40e0-8097-d07a027e5193,Aldi Rizal P.,1,"semua sampah, kalo bukan karna gaji juga ogah pake ni.",2025-05-02 02:58:54
d2266dd4-dfa6-4238-8a75-927cbbf2fb74,Mas Omang,1,"APLIKASI GAK GUNA, UDAH SEBULAN LEBIH GAK ADA PERBAIKAN!!!!!!!",2025-05-02 02:00:13
f355b37a-7170-4fd7-9aaa-aade90551c5b,Muhammad her Firmansyah,1,sekarang nggak bisa pake qris nggak tau aja kenapa beda sama yang dulu dulu mah buat bayar lewat qris mohon di perbaiki pihak DKI,2025-05-02 01:49:28
e293738e-9232-4b7a-b751-c8788bfba578,Aef Mahpudin99,1,kpd yth Bpk/ibu sebagai pengelola. bank DKI mohon lebih di permudah akses secara normal di bank DKI. tks.,2025-05-02 01:17:09
3fc89709-03c9-459e-b69d-2cb80bd02b05,Ahmad Izzat,1,"mau buka rekening online selalu bermasalah, selalu muncul notifikasi terjadi kesalahan",2025-05-02 01:10:02
af79cc79-f2a2-490f-844a-d8eeb51af6f5,Nur Setiawan,2,"downloan ini untuk pembayaran biar lebih gampang, tapi kenapa tiap mau dipake selalu error -___-",2025-05-02 00:54:52
d384d1bf-9607-4149-b0c7-024c06cad47a,Hary Romy Abang Al,5,update terbaru dong mbanking tidak ada pilihan transfer ke Bank lain,2025-05-02 00:45:49
f72d9d80-1161-4ac5-8543-ce96657d1ee5,Anisya Sriningsih,1,Transfer atau topup sering gagal tapi saldo kepotong dan sekarang tidak bisa untuk transfer antar bank,2025-05-01 23:55:22
4bf795ee-2373-4c29-b065-86d92217f8b5,your byy,5,download ini krna kampus kerjasama buat bayaran. tapi beberapa kali eror dan ujungnya harus ke loket buat bayaran. padahal udah dicoba berkala sampai seminggu masih eror juga😭💔 tolong diperbaiki lagi. terimakasih,2025-05-01 15:02:33
a4eba203-741d-4ae7-82c7-b47768c0f429,dwi karsono,1,parah banget gak bisa transfer ke beda bank,2025-05-01 14:10:24
0ba39772-451d-4493-828c-4d798afb215a,Fikri_romadhon Thea,1,dari sekian bank yg pernah saya coba cuman bank DKI aja yg kacau saya buka rekening di awal April tahun ini lalu mengaktifkan fitur Jak one mobile tapi kenapa tidak bisa transfer ke bank lain melalui aplikasi ini trs menggunakan fitur Qris untuk pembayaran tetap aja gabisa begitupun transfer dari bank lain ke bank DKI ga bisa terima kasih toling,2025-05-01 14:04:56
1f900d2f-8ac6-4a18-a5da-cc09e39faac5,Roy,1,gak bisa scan KTP buat masuk,2025-05-01 13:22:48
ffa8e0b6-c4cc-48aa-a4d5-3950aa9ad120,JOKO JP,1,payah gak bsa Transaksi beda bank,2025-05-01 11:54:49
5399e358-4ba3-4580-9e00-73ddd9671123,Sendy Junesa,1,belum bisa transfer ke bank lain,2025-05-01 08:53:31
8a6642ac-e427-4d80-978d-9dca4320987e,aqil pranaja,1,"tidak bisa transfer antar bank,,tolong di perbaiki lagi",2025-05-01 08:05:21
6bb67c16-b67b-4fe9-a55a-6f4df007a9fa,kevin febrian ramadhan,1,fitur transfer antar bank udh hilang? jadi gk berguna dong,2025-05-01 07:20:42
2de6dc8e-5847-4c4c-984a-92afcce58f0b,Talita Kory,5,bagus,2025-05-01 06:41:34
e43da12a-af7f-4bc9-ab76-c6ad1b586d28,Risky Ramadhon,1,"Ini kapan bisa kirim ke seluluh bank, udh 1 bulan lebih masih ajh belum ada penindakan",2025-05-01 06:17:09
5883292a-857a-4789-b9d5-441da3cdb861,h. Adent Rahmat,2,transfer antar bank lain adh sebulan lebih menunya gak ada??? sdh reinstall tp tetep gak ada menunya.,2025-05-01 03:23:18
1c0e9a59-1023-446f-a000-0a975fa93210,Dimass Ilham,1,"Apps ga guna sampah, kalo ga karena payroll ga bakal mau pake ini apps",2025-05-01 02:31:35
adb95bb7-65e9-4bc0-8fb5-d8d7fa0a11fa,Muhammad Rifai,1,Aplikasi mobile banking paling bobrok yg pernah ada klo bukan karena payroll di bank DKI g bkalan mau buka rekening dsini. gunanya mobile banking tuh utk memudahkan dalam ber transaksi lah ini malah eror smpe sebulan.,2025-05-01 02:07:04
5522c0d1-9808-47a1-9e41-ca1c050e8076,Voni Monika,1,"kalo bukan karena gaji udah di uninstall, bayar pakai QRIS gagal tapi saldo ke potong sampe 2 kali, transaksi loading/gagal tapi saldo langsung kepotong , apalah bank DKI ini . maintenance dari sebelum lebaran sampe sekarang ga kelar kelar, ini developer/programmer nya sehat kan ?",2025-05-01 02:03:04
05b96edf-2e53-43de-9b81-bcfbe4a5cc76,Alelangga Pribadi,1,"Gak bisa transfer antarbank, nyusahin nasabah",2025-05-01 01:21:31
062b830b-c32f-4d31-98fe-75093feaafe5,Nova Reza,1,Makin ngga jelas aplikasi sering terjadi eror,2025-05-01 00:15:07
8991ab49-4273-473b-ab1d-69632d27f4c5,Samu 27,1,ga bisa transfer antar bank kalo libur server offline terus,2025-05-01 00:07:05
9ceca229-dc0e-4ea6-8cc4-20d04d2b2f70,Mister Pabji,1,ini mau sampai kapan error woi? udah sebulan ini astaga Dragon,2025-05-01 00:05:20
3c0b2817-fe82-45dc-8cee-0b33b86258e1,Joe Tungi,1,"penanganan paling sampah, berminggu Minggu transfer antar bank gak bisa2",2025-04-30 23:31:55
3cce47e4-ddb5-44ad-b076-eacf8b093a36,Rahim Eka Haryanto,1,pelayanan m-banking paling buruk yg pernah sy pakai,2025-04-30 21:33:54
268faefc-7f13-442f-887b-0487357a45d9,dewan to,2,kenapa ngak bisa tf ke bank lain,2025-04-30 12:11:35
cbe4e516-1626-448f-a191-3c014e750686,cayoe navoselic,1,makin parah...,2025-04-30 11:58:25
d9ec2d4f-4aa4-4873-a778-be754b5665a0,Putri Raisya Abmil,1,SAMPAI SAAT INI KENAPA BELOM JUGA DI PERBAIKI!!.,2025-04-30 07:52:18
86230f23-2cda-443e-b538-b8a754dec466,Moty Ziliwu,1,sangat terbatas,2025-04-30 06:11:48
69235deb-3b28-4ac8-b4b0-a0f56ee013fa,SUARA HATI,1,ini seriusan ga berbenah ?! udah mau sebulan lebih ga bisa Transfer ke bank Lain . Kalo bukan karna gajih wajib Bank DKI udah di hapus dari dulu. Tolong perbaiki !,2025-04-30 05:19:37
2c68520a-da27-44f8-94b2-99fd3a451ea5,nur islam ardhiansyah,1,"tidak bisa tranfer ke Bank lain, tidak bisa tarik tunai di ATM pake aplikasi...",2025-04-30 04:01:35
ce2eacbe-f859-46b2-9c34-9f2f3d5c5fa2,Mahmud Ansyori,1,"Aplikasi ini sering bermasalah, jika pas tanggal pembayaran gaji pasti lemot dan sulit untuk transaksi",2025-04-30 02:58:59
26e76efb-2c0c-43fc-84e0-d6ff3d380ec7,M Syahroni,1,"gak jelas,jelek,aneh,lebih bagus dana atau ovo",2025-04-30 02:39:41
761bd844-771e-45cb-9ceb-925dd86f7bcd,Lukman Nurharis,1,perbaikan mulu gada perubahan kacau bener sampah,2025-04-30 01:27:40
215d2f14-9f6a-4e33-b3c0-3c98eaf4842f,Iskandar Diki,1,"sampai kapan ini eror Mulu, biaya potongan tiap bulan dari nasabah aja getol diambil terus. perbaikilah. tidak malu apa aplikasi pemprov gini amat.",2025-04-30 00:27:10
0ed164c3-10b7-428b-8e53-3365684c0e66,Drs. Yusuf SMP Negeri 265,2,"tolong dg sangat mohon diperbaiki. sudah lama bgt mau transfer/top up dll tidak bisa karena server offline/tidak bisa dijangkau. sudah download di hp lain tapi belum bisa login, ke kantor cabang katanya data ktp berbeda harus ke dukcapil😮‍💨😮‍💨😵‍💫",2025-04-29 23:03:59
71ba1a64-1787-4669-9570-2ad0dacf525f,Raga Kurnia,1,udah sebulan lebih kaga ada kemajuan ini apk gmna mah transfer ke bank lain kalo masih terkendala sampai saat iniiii,2025-04-29 17:36:56
c1063a9d-89bc-4b18-bdbf-5c115f8498f2,Arahap Satu,1,jelek gak bisa transfer antar bank cuma bisa sesama bank dki bermasalah aplikasinya sudah sebulan lebih gak bisa di pakai belanja gak bisa qris. krn ini rekening gaji dari kantor gak boleh pindah bank jadi terpaksa punya. tapi ini bank yang aplikasi dan layanan perbankan paling jelek yang pernah ada. ini bank apa KUD,2025-04-29 16:45:51
01113f1b-eda7-4785-b83b-95ed419fd873,Muhammad Novianto,1,"Selasa, 29 April 2025. Menu transfer antar Bank ga bisa, QRIS ga bisa, isi e-money ga bisa. Bahkan ketika gesek pakai kartu debit saja tidak bisa. Bank pemerintah ini manajemennya gimana sih. Bank yg pelayanannya engga banget,",2025-04-29 14:38:49
afe64be4-e456-4b49-823a-f1724aef8c78,dr. Amalya Nurdayani Friska (DokMel),1,"udah sebulan gbsa terima transferan dari bank lain dan gbsa transfer BI Fast. kalo bukan Krn pembayaran gaji, Uda lama tak tutup rekening di bank ini.",2025-04-29 10:36:33
17c8ce1e-25e5-4a1b-85ec-60b071ffb764,Dafa Reyhan,1,"bagus bgt pelayanan cepat, fiturnya lengkap dan gratis biaya admin. makasih rano karno",2025-04-29 09:14:22
246829e1-a5e4-42ac-91b8-b20769471b2c,kabul effendy,1,"sistem bank dki sekarang udah rendah, udah cs nya gak ada solusi mobile banking nya hancur, udah berapa kali saya ke bank pebaikan gak ada benarnya. buruk buruk tolong dong secepatnya di perbaiki kalau gak urgen pakai bank dki gak, gak akan saya pakai lagi. sudah hampir 1 tahun gak ada sulusi, ngapain aja IT nya.",2025-04-29 06:47:10
4fa85a79-9665-4c94-86d0-5137518433b8,Moeng Moeng,5,sangat bagus simple sekali,2025-04-29 05:53:27
7f9ed72c-533d-4474-a6da-44afc0e770a2,zakaria pdw,1,"bank paling kocak, trnasfer ke antar bank kga bisa, ewalet dibatesin, kga layak buat di gunain.",2025-04-29 01:01:19
098ad903-9f5c-475c-861a-09b211703ad3,veda mukti nugroho,1,"transfer keluar dki , tidak bisa padahal baru sangat butuh tidak ada perbaikan sistem dan solusi",2025-04-28 14:00:33
c4d7d222-bb02-4383-b5db-613b415ac6b9,Romulus Ulus,1,kok g bisa tf kemandiri y,2025-04-28 13:55:55
e5de37b0-56ba-41a5-a269-146b7d9e7af1,Supriyadi,1,ga online 24jam. aplikasi buruk. ga bisa transfer ke bank lain.,2025-04-28 12:04:08
b7872247-ed41-42d0-93bd-41d88575af6c,Maya,5,Alhamdulillah lancar trasper kemanapun,2025-04-28 11:59:04
43b7c644-609f-4dc9-b1b0-dfee29fcda95,Moch Yasin,1,"sampai jam ini, hari ini, bulan ini....juga belum solved.....apa harus out..?",2025-04-28 08:59:09
6c56f5df-05f6-48ad-85c4-f167890d63e8,Erfan Galih,1,"ini aplikasi gak bisa transfer ke lain bank sekarang,sungguh merepotkan.lama2 ganti bank lain aja mendingan,gak ribet",2025-04-28 08:11:13
c6ecd005-c6e8-483f-b682-77a4e003cf89,Ricky Hermawan,1,Selalu seperti ini masalahnya. Mau jakone lama atau yang baru masih aja belum bisa memuaskan nasabah. Udah makin banyak fitur yang hilang ditambah transfer antar bank juga ga ada. Kalo boleh mah udah pindah bank nih... Tolong untuk segera diperbaiki ya...,2025-04-28 07:27:41
4dcd0708-e478-48d2-b1ea-d775889e6cb4,fitri Apriyani,3,transfer ke bank lain ga bisa tarik tunai gagal terus,2025-04-28 06:23:48
0b847afb-ac98-402e-b50b-1f8745c5b7d6,dwijo purnomo,1,"aplikasi sampah... 1 bulan layanan lumpuh & kalian masih bisa menghidupi anak istri dari para nasabah pegawai DKJ yg kesusahan karena kinerja kalian. udahlah pak gubernur, bubarkan saja bank ini, alihkan ke bank nasional yg lebih sehat. kecewa atau merger ke bank nasional aja.",2025-04-28 01:13:25
6b6c5c29-513d-4834-8804-9baef42c8e02,Resianta Saragih,1,menu transfer ke bank lain mana? kok sering banget bermasalah sih?,2025-04-28 00:48:38
9449c4fa-fe21-4a3e-99fa-8448e1a37a70,ahmad mashuri,1,apk masih perlu banyak yg di perbaiki. masih sering terjadi masalah. apk yg selalu bermasalah = sampah.,2025-04-28 00:26:58
ff4afc18-e785-49a4-875f-537469558e6d,Neni Handayani,1,aplikasi tolol gak bisa login,2025-04-27 23:30:03
73b027c3-9928-4a8a-87f8-d97d2870ae0e,Dani Alfarikhi,1,kode OTP nya ngga di kirim kirim bujang nginam lolot ko ya,2025-04-27 21:00:53
4cb441b6-e2df-4043-8e7a-804a96f0ba6c,Taufiq Hidayat,5,mau konfirm saya pake jack one mobile untuk Tf ke bank lain kok dah ilang ga da pilihan nya.. biasa nya ada mojon penjelasan jya,2025-04-27 15:24:35
54f79a20-c7c7-4b0e-98b1-0c940f8df3b0,Intan Prams,4,maaf ini ko setiap mau transfer ke DKI keterangannya sedang gangguan terus kenapa ya ? mohon diperbaiki dong developer terimakasih,2025-04-27 13:07:24
de5103f8-80ad-4f48-931c-37c264555bc4,Jeffrey Zain,1,apa2an jelang lebaran sampe sekarang g bisa TF antar bank dari aplikasi!,2025-04-27 12:00:46
be03967d-fa02-4329-90a2-0426734118c5,wahyudin hanifali,1,ini kpn bisa TF antar bank lain woyyyyy ???,2025-04-27 09:39:07
72fb108f-d0de-4df3-b2f2-605ffef76a68,Riama Hutabarat,1,"sudah lebih dari 1 bulan ini tidak bisa transaksi di luar bank DKI, tidak bisa transfer ke bank lain, tidak bisa isi e wallet, tidak bisa dipakai belanja, sudah pilih barang tidak bisa bayar, buat malu aja! maksudnya bank DKI apa ya menahan uang saya? harus ambil cash, bank agak jauh.. sangat menyusahkan di era cashless ini",2025-04-27 06:40:54
0bc9f829-a390-4202-8303-e9acad7f6420,Sri “Suezhanty” Susanti,1,"Fitur BI Fast tidak ada,, segera diperbaiki ya",2025-04-27 06:04:01
a8eaeb62-6566-4761-86a5-68b5f850758d,Panji Winata,1,"benar-benar mempersulit penggunanya. transfer antar bank tidak bisa, Qris tidak bisa, untuk membayar listrik air tidak bisa, isi uang elektronik gopay ovo tidak bisa. Bank DKI kan BUMD, kenapa jadi downgrade begini??",2025-04-27 05:53:21
19f2d6f8-91e6-4ae5-b5c5-e2621f288fec,fajri 1992,1,"gak bisa transfer dan terima tranfer dari bank lain, dari bulan april jelek kualitas bank DKI",2025-04-27 03:07:59
a360eb2b-3251-4ce5-a9a0-f30868b6aef1,BUDI WIBOWO,1,"smpe skarang masih blm bs transfer ke bank lain, isi gopay, ovo dll.. kalian kerjanya ngapain ????",2025-04-27 02:19:41
5f4fa98d-3356-491a-8941-aacd2cbfebd6,Tempe Mendoan,1,skrg tidak bisa transfer ke bank lain...,2025-04-27 01:39:37
9a6eb47c-c3f2-4ec9-8126-bc3c24d92910,muhammad miroj,1,"BI Fast ilang,QRIS gak bisa udah 2 bulan ini,Mau minta penjelasan operator nya Telpon nya susah,Seblmny juga gak ada info Eror,bener bener payah ini aplikasi,Klo bukan buat bayar anak sekolah di Unpam,ogah sy nih Download nih aplikasi",2025-04-27 01:22:24
429539e8-6c06-4bf3-a343-b08cbf36f1cd,Maymun bawazier,1,bank kocak,2025-04-26 15:47:53
9634f650-c9d9-496b-806f-e20dc300186c,Muti Latifah,1,kenapa sampai sekarang tidak bisa transfer antar bamk,2025-04-26 15:32:14
569f25d5-0272-4c05-9cd4-df321fa21877,Wanda salsabila sihotang,1,kecewa bngt fitur transfer antar bank ga ada. sebelumnya sih ada tapi tiba tiba ga ada kan aneh banget. udah coba instal ulang tapi tetep aja sama hasilnya fitur top up gopay juga hilang. login pakai sidik jadi juga tiba tiba ga bisa padahal sebelum nya bisa. padahal udah sya ulang setting sidik jarinya tapi sama aja. kecewa bngt,2025-04-26 13:37:22
3658e852-315f-464d-bf91-e960ee7712a2,Dhaniel BLACK EAGLE SQUAD,1,semakin di perbaharui semakin jelek banget.transfer ke bank lain aja sudah tidak bisa makin kacau banget jadi susah buat transfer gajii ke rekenibg bank lain.tolong di perbaiki agar bisa transfer ke bank lain.coba liat banyak orang ksih bintang 1.krna susah untuk transfer ke bank lain,2025-04-26 10:59:51
8cc770df-8ab2-498c-810d-118a06c227d6,BlackHoodedCat,1,otp tidak sampai,2025-04-26 10:13:24
b505251d-7cab-4ad6-aba0-ed1370cb990d,Dedi SKP,1,Aplikasi sampah,2025-04-26 08:45:59
54eb3da9-2075-4e4f-9673-81c36e3be48b,Muhammad Abdul muhgnii,5,MOHON UNTUK TRANSFER ANTAR BANK DI ADAKAN ..... SEMOGA LEBIH BAIK LAGI,2025-04-26 06:07:22
5e6bc49c-27e5-42af-8e06-e368ff4848a3,Rahman 82J,1,"sekarang di aplikasi gak bisa transfer ke bank lain, knp y ada apa ya?",2025-04-26 01:33:32
8a65e00a-c8be-4532-98d5-efcee34e2d97,Dani Prasetiyo,1,Belum ada perbaikan sama sekali untuk aplikasi yg tidak bisa tranfer dan lain2.,2025-04-26 01:00:41
9f7c0059-c3b8-4288-b250-7b560218603f,wira septian,1,Ini mau sampe kapan ga bisa transfer,2025-04-25 22:55:00
33a7fab0-1d56-48a3-a54a-483becd865b5,galih buwono,1,Norak lu makin menyulitkan pengguna aja.,2025-04-25 21:05:31
a9867a00-be8f-4336-bf0f-4f21723d847a,Ghibran Aryasena Avianto,1,"apk sampah GK bisa kirim uang antar bank dan tidak bisa melakukan pembayaran, udah email cs cuman dapet jawaban tidak masalah padahal sudah di berikan bukti errornya , tolong perbaiki",2025-04-25 15:24:14
a1ffeb08-6794-4271-9cbf-45b510a2e0f5,Edhi Salim,1,gak bisa TF ke bang lain,2025-04-25 14:10:33
ada6c6b2-b840-46fc-9285-6f9172af63fb,Bento Keren,1,"seandainya gaji bisa dipindah ke bank lain,aplikasi bobrok ini",2025-04-25 11:58:53
7fd60bfd-535b-4465-903a-a42b8b1789f8,Alfian Dicky,1,banking ter RIBET🤦‍♂️🤦‍♂️,2025-04-25 11:07:13
2c201202-6be2-4493-a50e-94f1324cdb2c,Henry Arshyl,5,orang2 bikin aplikasi bank bagus-bagus ini DKI aplikasi kya anak bocah baru belajar buat ...miris nya akun bank pula yg kaya gini??kalah IT lo sma IT MICHATTT,2025-04-25 09:38:34
97738d1a-aec7-4012-b591-d10de9a1bc55,Mela Herawati,1,apk terGAJELASSSS .gabisa tf ke bank lain ataupun e wallet menyusahkan harus nya dengan adanya jackone bisa memudahkan secara online. ini malah error mulu. nol besar buat bank DKI jackone.,2025-04-25 09:09:23
b41ecad5-44c3-4c91-a67b-f19fc9e5d769,Rendi Octafian,1,"mohon maaf mulu, pikirin lah. bisa sampe lama begini . bikin repot. mengecewakan .",2025-04-25 09:07:36
69456dfb-431e-4071-9384-e0a2f621a095,Sufirman Sujai,1,"paraah paraahh paraahh ampun dah!! hampir sebulan belum beres juga masalahnya!! daripada ga beres-beres mendingan dihapus aja.. percuma!! biasanya paling lama 1 minggu, ini hampir 1 bulan, masih blm optimal juga!!",2025-04-25 07:57:09
f1920774-a1c3-4b13-b034-09a960ada3e7,Randiansyah Yudhistira,1,tidak ada perbaikan dadri sebelum lebaran . payah harusnya 0 bintang ini . g ikhlas saya kasih 1 bintang,2025-04-25 07:04:55
4e44d046-45dc-4233-8665-ea51d497023b,Ars Ardhi,1,bank plat merah paling sampah di Indonesia. njs,2025-04-25 06:49:33
011a0892-0330-479f-89e8-467830ae6ae8,amin Nuloh,1,payah apk ini transaksi sering gagal uang terpotong sering banget gangguan apk ini transfer bank lain ga bisa,2025-04-25 06:22:04
877fd5ae-58a9-4196-b0dc-3a86775369e6,arie pratomo,1,"sampah. kalo bkn buat nrima gaji mah ogah.. udh atm jarang, jauh. dih alah. Menu transfer ke bank lain nya mana? payah.",2025-04-25 05:42:52
c78d507a-c869-46e9-97fb-bafa1a030349,Ahmad Mawardi,1,Tidak bisa TF ke bank lain,2025-04-25 05:42:07
9bc35822-bae1-440c-83f0-7bcd5225622a,Yusuf Djamal,1,Sekarang malah g bisa TF ke Bank Lain,2025-04-25 04:47:33
9ae4bb2a-10e0-431c-86c3-38f536e343a8,gopen kurniawan,1,"gabisa Transaksi, payahhhh",2025-04-25 04:43:00
2314261b-98c9-49f8-9526-78dab239a4f9,imam aziz,1,TIDAK BISA TRANSFER KE REKENING LAIN,2025-04-25 04:20:07
bd0547b7-e67a-444a-bead-1921f338b34d,Eliyas Store,1,ini mau sampai kapan ky gini ..woooyyyy... yah salammmmm...,2025-04-25 04:14:39
e111d3ef-11d0-4001-a163-5751dd283629,Heru Handoko,1,kalo bukan karna gaji uda gw hapus di aplikasi,2025-04-25 03:34:23
f7e2d8e3-e34b-4303-836d-177d69efed92,Dana Talang,1,"apk dan bank Ter gak jelas. masalah sudah selama ini tapi belum ada tindakan apa apa malah sekarang ada rumor data bocor, pegawainya tidur aja apa gimana sih.. bisa bisanya pimpinannya juga ada kelalaian dan di pecat. percuma juga after di pecat 2minggu gak ada perubahan. bener bener kecewa dengan kejadian ini.",2025-04-25 02:53:18
c5f35a72-cd98-4294-ae72-1560a081ed2c,Ida Faridah,1,"sampai kapan jackone mobil stabil kembali, dari sebelum lebaran sampai sekarang masih error saja. mohon di jelaskan",2025-04-25 02:38:41
8f694564-aba4-44b7-88a9-a5d7f691dccc,Tika Tika,1,"percuma g bsa buat transaksi sama sekali,sistem bobrok",2025-04-25 01:31:45
b8463cbf-44e0-45b9-9b7e-bd5671df9f61,jay zet,1,"Menu Bi-Fast kenapa sekarang ga ada? Udah mau 1 bulan,kenapa belum dibenerin? Sekarang Aplikasi JakOne nya jelek banget👎👎👎",2025-04-25 01:30:08
ac7068bc-5a68-45cc-8f8b-596d6548621e,newfan vlog,1,Pemeliharaan system sampai mau 2 bulan. Tf bank lain aja kaga bisa. Kacau sihhh,2025-04-24 22:45:54
02760da3-2c27-41ec-8767-d9fa141e4065,Ade Suryadinata,1,gak bisa transfer ke bank lain.. jadi fungsinya apa M-banking...??? kocak,2025-04-24 18:42:36
e9d653f1-a94e-4cf5-929a-db72254c0699,Iis Sukmawati,1,"mobil banking dan bank paling under rete. sudah hampir 1 bulan mobil banking masih saja berkendala, menyusahkan customer. klo bukan krn payroll wajib gak akan pernah mau pakai bank DKI.",2025-04-24 14:16:30
b596cf29-c935-4d7d-971d-ccca219fd21d,Gendies Wulanda bekti,1,"gimana sih pake harus ke cabang! prosedur nya terlalu sulit, mohon diperbaiki!!!",2025-04-24 14:04:27
cac65d40-ce18-4ca5-b8a3-0591434bf43f,Acep Sonaji,1,Trash app !,2025-04-24 12:02:53
395aeb9b-24d6-45e1-bba3-aefc649efca5,Zakiah Suharman,1,gak bisa transfer ke bank lain,2025-04-24 09:47:47
4920acf2-158e-49fd-a481-a4685045b970,Ratna Nurwulan,1,"APLIKASI GAK JELAS, BANKNYA JUGA GAK JELAS BANGET INI. UDAH SEBULAN SEJAK LEBARAN MASIH AJA ERROR GAK BISA TRANSAKSI DI ATM BERSAMA. KETUANYA UDAH DI TANGKAP TAPI MASIH AJA JELEK KINERJANYA. KALO BUKAN KARNA GAJI YA MALES BANGET PAKE BANK LOKAL KAYAK GINI",2025-04-24 07:12:00
fe17a3ec-9fb5-4ed0-8475-31f453ae5d3f,Alan Shari,1,Serius ini dr bulan puasa ga d benerin?,2025-04-24 06:04:16
5818babc-8582-42f8-b312-209748cea08d,Eka Putri Suhartiningsih,1,ga guna!,2025-04-24 05:21:11
bddd595a-4864-47d4-a7be-c80214ab359a,Abdul Aziz,1,"kalo bukan gajian udah gw hapus akun bank, dari sebelum lebaran sampe sekarang belom bisa transfer bank lain , qriss masih gak bisa !!! aplikasi sampah giliran potongan admin aja paling gede 15 rb baru tgl 15",2025-04-24 04:55:00
6fe42002-da41-4b69-8bd7-247c6fbe1fb7,Shofa Rifqi,1,"mbanking apaan bjir. masa mau narik duit ga keluar duitnya, top up ga bisa tp saldo kepotong. balesannya mohon maaf atas ketidaknyamanannya mulu. lama2 nasabah pd susah percaya woi. ga pernah bebenah. tutup telinga mlu..",2025-04-24 03:53:40
907d9aa2-a4ea-4af1-9d67-91f37b5319d0,Poppy Nursyamsiah,2,"tadinya mau menghubungkan informasi KJP plus dengan aplikasi mobile ini tapi ko setelah ikuti step stepnya malah jadi buka rekening baru ya, mau cek KJP nya dimana ? menu aplikasi yg tertera di web sama di mobile-nya berbeda ? bagaimana ini ya, malah sudah terlanjur buka rekening baru padahal saya cuma mau cek kjp",2025-04-24 01:57:27
6899cef4-8233-4a90-84a8-3825eb77a68f,krisdiana 01,1,"liat tutorial Jakone mobile buat login KJP tidak sesuai di YouTube , di YouTube ma gampang, giliran login ribet scan KTP isi data alamat udah gitu notisnya disuruh ke cabang terdekat ribet yaah gak canggih",2025-04-23 13:56:35
5a25cfa1-8764-4073-8d3a-b7c729c26608,ELA NURLAELANINGSIH,2,"Lama sekali sih pemeliharaan sistem, udah mau sebulan sulit untuk transfer. Copot aja DIRUTnya, mundur lebih terhormat daripada nasabah geram!!!",2025-04-23 12:11:07
a59ae96c-4179-4635-8311-53d1f7921324,Radit Aim,1,SAMPAH.,2025-04-23 12:06:06
5406482c-c8d3-4c46-8684-fc07fd63f15f,Abdul Hakim,1,BI FAST nya sering ilang di aplikasi. Nongol sangat jarang sekali. aplikasi apaan ini. ampas,2025-04-23 11:53:02
19fe95cb-d32d-464b-8c60-6784cd953e5f,Ganindra Yusuf,1,"knp yaa klo d luar jakarta itu susah d akses'y by ATM (non DKI) padahal, sllu trtulis ""transaksi anda tdk dpt d proses"" padahal cma d depok dn bogor ....",2025-04-23 09:00:53
a93ff338-f9ed-43fa-9fe9-f03bf8ce3002,tirta dilis,4,"Kartu atau rekening harus aktif dulu,baru bisa masuk ke aplikasinya..oh iya kalo bisa tulisan di menu huruf besar dan gbr menu agak kecil biar enak bacanya. buat yg tua2 tulisan nya gak kelihatan☺️😂",2025-04-23 06:41:17
07e3d352-225f-4baa-91f6-0c320056cefd,Trisnowati “Iyos” Rosmala,1,"Bisa kasi jawaban ga min sampe kapan pemeliharaannya...? masa udh sebulan lebih ngga ada progress apapun...ini dari pihak bank DKI ngga ada yg bisa kasih penjelasan? trus nasabah cuma bisa nunggu dan sabar aja,SAMPE KAPAN????!",2025-04-23 03:57:34
2c4de25f-ae0a-4fd0-9e8a-7da107ddd9a3,Rizki Kurniawan,1,sering erorr aplikasinya.,2025-04-23 03:30:06
a0f8a5e7-a842-4f5d-88b5-280a49732c2a,Ari Kun,5,kapan bisa untuk transfer antar bank,2025-04-23 00:02:50
2a0d1e1e-0197-40b6-97ea-0f2664a591ad,Arahap Satu,2,bank payah bermasalah gak bisa di pake transfer antar bank sudah hampir sebulan. payah payah. jelek jelek,2025-04-22 23:24:25
e3801be7-ccd7-4faf-8c9c-2a2167d8c72e,Abdul Khalim,1,"tolong kek di perbaiki sistemnya. udh banyak komenan jelek bukannya instropeksi malah diem aja. saya warga rusun yg kalo beli token diharusin pake aplikasi ini. tp aplikasinya jelek bgt. udh isi saldo, udh masukin kode VA, sinyal baguss, tp terjadi kesalahan mulu. kl kek gini mending beli token lgsg di bank aja deh. ganti tuh peraturannya. bikin aturan tuh yg memudahkan jangan menyulitkan. ada fasilitas tuh buat penunjang bukan buat makin susah.",2025-04-22 22:46:11
6b223765-2be2-4552-a2d2-5c9988e8819a,Millenial,1,"Kalo gk sanggup bikin aplikasi yang bagus, sewa ditempat yang baik dan benar.",2025-04-22 16:27:34
46abd07a-84ee-42be-82dc-0948d973f3da,Anom Iskan,1,terpaksa banget pake aplikasi sampah ini.... udah sebulan lebih.. ga ada perbaikan yg signifikan.... sekelas provinsi DKI Jakarta pakenya server imitasi... memalukan....,2025-04-22 15:38:57
897a877b-5578-41fd-a842-294bfd737293,phiz rulez,1,Bank paling kacau. Dari dulu sering error. Sering gagal transfer saldo terpotong. Sekarang error dari sebelum lebaran sampai sekarang. Gerai ATM di jakarta aja ga ada. Yang di minimarket sudah habis kontraknya ga diperpanjang. Parah,2025-04-22 13:56:18
d0c93011-b648-4f21-ad85-7c6307986487,Inspektur Jalanan,1,"tolong uang di bank ini dikuras aja, jgn sekali2 simpan uang disini... bs mempersulit diri sendiri, aplikasi gak bs tf ke bank lain, atm sering masalah. sue",2025-04-22 12:35:10
fba68afd-d8eb-4075-aeb8-eb8bc7b9dfe2,Muhammad Syarifudin,1,"aplikasi sampah, kalo bukan rekening gaji malas bgt pake aplikasi macam ini. Pantesan dipecat direktur IT nya.",2025-04-22 12:25:13
490baa0e-8c4e-4966-abea-1457f78eacb3,susyono nyah,1,"ga bisa transfer ke bank lain,.. menu BI-Fast jg ga ada... aplikasi busuk,.. yg bergerak di IT amatir",2025-04-22 12:12:21
cb15f597-ae34-48b8-947e-3015b27f7e4e,Rudy Rahardi,1,"tolong fitur tf ke bank lain diaktifkan kembali, aplikasi jadi ngga guna",2025-04-22 11:46:57
a95dea31-ef00-4529-8fa8-49baaa3d6ff5,Djoy Iskandar,1,"gk bisa di transfer dari e wallet..tambah parah aja,biaya admin nya stiap bln jln terus👎👎",2025-04-22 06:55:32
1aef6be0-0a3c-4d6a-9d28-a096871b46ca,Ivan Setiawan,1,mbanking terburuk. mau tf ke bank lain ga bisa / dari bank lain mau tf kesini juga ga bisa,2025-04-22 06:10:57
8c482bbe-62c2-4246-afd6-319657ed2cff,Abdoel Haliem,1,"Kami memohon maaf untuk kendala bapak ibu alami bisa menghubungi call center bank DKI. mohon maaf, menu transfer ke bank lain kapan di update? kita mo ambil di atm ga bisa transfer ke aplikasi dana kadang bisa kadang nggak. Mohon Maaf atas kendala yang bapak ibu alami bisa menghubungi call center. terima kasih kami sedang mengupayakan yang terbaik bagi nasalah bank dki. semoga sehat selalu dan jangan lupa kasoh rating bintag 10 ya bapak ibu.",2025-04-22 05:54:45
0182106e-48db-42a5-b204-a325c0ef99b1,hi ihwan,2,e-wallet gopay nya dihilangin kenapa? edit: ok tak tambahin 1 bintangnya. nanti full 5 kalau sudah normal,2025-04-22 05:13:41
eecbc52a-5665-4413-a4d1-274327d1890d,Surya Saputra,1,buruk seburuk buruknya dari sebelum lebaran eror sampe skrng belom bisa untuk tf ke bank lain😏😏,2025-04-22 05:07:50
b6e62a85-8f8d-4a5b-ab50-5bcb83aecf4f,Desiarianti Desi,5,sangatpuas,2025-04-22 05:00:16
9dfe253c-f801-4a1f-8586-960d79e6e1a4,Mono Nur,1,TOLOL,2025-04-22 04:13:57
31d73a3a-c4d8-4730-9f92-d043c14a15cc,Tito B,1,jelek,2025-04-22 04:05:49
82aee4ed-9873-47cc-9613-9c4c14f5ac6d,Arul 123,5,bisa dua akun ga yah?,2025-04-22 01:48:32
79461422-2b62-45c7-bcbd-5afede67aa75,atissa nurbaeti,1,bobrok banget sistemnya kacau,2025-04-22 01:03:44
a9409d9f-d395-4a20-af9d-568c8ed36d47,Ripki,1,Asalamualaikum. maaf tolong yah untuk aplikasi diperbaiki. aplikasi tidak bisa dibuka.. terimakasih.. jangan lupa sholat dan mohon ampun kepada maha kuasa .,2025-04-21 23:51:06
004bda22-0d96-407e-9ddc-b4d235dc8bef,Eduar Hulu,1,Layak utk dpt bintang 5 🌟🌟🌟🌟🌟 sangat membantu... Mobile banking paling keren yg pernah diciptakan manusia 👍🏼👍🏼👍🏼👍🏼,2025-04-21 15:22:18
9b4422fe-0788-4261-9c14-4d867a26d886,Yudha Indrawan,1,sudah bermasalah dan delay terus,2025-04-21 10:54:57
ff3601dd-9305-4df2-aa23-4f3a85d6771f,Eva simangunsong,1,"ini gimana sih mobile DKI , qrisnya gak bisa , trus TF ke bank lain sekarang gak bisa juga , tolong di perbaiki lagi , kemarin itu masih bisa TF ke bank lain sekarang gak bisa gak jelas ni bank dki",2025-04-21 10:47:33
1b5efacb-b48f-4bb8-8486-bdd649e8395a,Mr. Anto,1,"sering banget top up ke dana atau isi pulsa pas masukin pin gagal tapi dana kepotong, dan dana ga masuk, ngajuin pengembalian ribet, lagi keluar kota mesti hub cs dengan biaya pulsa normal, hapus aja lah apknya bukannya memudahkan malah meribetkan",2025-04-21 10:23:11
0af9754d-95b1-4e46-a8ed-cd9876208dd7,Sara kartika,1,Mau top up dana saja harus nunggu 10 hari baru pertama kali nemu bank selama ini proses top up dana,2025-04-21 09:58:23
d329267b-e730-433f-9284-5a9f26768ceb,Laelya Paraswinda Ayu Yuniarti,1,sumpah yaa ga ada perbaikan sama sekali dari sebelum lebaran wkwk,2025-04-21 09:11:48
e504b1cc-093c-4258-853b-2ec8144b1e60,Hengky Rembet,1,kenapa sekarang ngk bisa tf dri bank lain ya...? sekarang jd jelek sih,2025-04-21 07:32:25
b649b69e-e97a-4793-8078-9cd355257f95,Generasi Thefelix,1,Aplikasi bank paling busuk. Banyak korupsiny,2025-04-21 05:49:07
41868147-5a53-4377-a71f-ca03d022d720,Muhammad Rizki,1,halah gw gabisa recovery akun,2025-04-21 03:26:51
9a195aa0-1fbc-4683-91fb-9eeb72e0bbfb,Clif Nobel,1,"di mbking DKI GK bisa transfer ke bank lain , Tarik tunai melalui Mbaking tanpa kartu juga masalah , GK muncul Kamera foto untuk Screnn barkot & juga pas barkot bisa di scan masukkan pin juga GK bisa di proses pengeluaran uang .mohon di perhatikan ..bener "" sampah ini amplikasi .",2025-04-21 02:00:39
380e738f-47d5-4b3b-b37f-788dfb764700,Rendro Kuswibianto,1,"Setelah di update tetap gak bisa masuk meski pake wifi sekalipun. masih parah aja jak one dari sebelum lebaran sampai saat ini tidak bisa kirim ke bank lain maupun dari dompet digital ke bank DKI. sistemnya di perbaiki lagi. sudah telpon ke cs, cs pun tidak tau sampai kapan",2025-04-21 00:55:33
ccad45f4-0960-4da5-881c-7c6f3be08ae3,Wahyu Budi Maulana,1,maintenance terlalu lama,2025-04-21 00:16:39
9aa3c60f-26eb-4da1-9178-24f28f93693c,yayan firmansyah,1,"Yth. Tim Layanan Bank DKI, Saya ingin menyampaikan masukan terkait layanan transfer antarbank. Beberapa waktu terakhir, yaitu kendala saat melakukan transfer ke bank lain melalui layanan Bank DKI. Hal ini cukup mengganggu aktivitas transaksi. Saya berharap pihak Bank DKI dapat segera melakukan evaluasi dan perbaikan terhadap layanan ini agar transaksi antarbank dapat berjalan lancar dan sesuai harapan nasabah. saya beri bintang 1, jika sudah ada perbaikan saya beri bintang 5. Terimakasih",2025-04-20 15:21:54
460cf81c-d656-4bef-aff4-9ed29b7608c5,ryan lgein,1,"tolong diperbaiki pelayanan nya, sekelas bank pemerintah tp maintenance lambat, sangat merugikan!!",2025-04-20 15:05:42
7756b770-cb93-4ec7-9f46-8933efa1475a,Ari Pocox3,1,"BANK SUKA SUKA, SUKA SUKA bikin EROR SISTEM SAAT LEBARAN SEHINGGA ORANG TIDAK BISA MELAKUKAN TRANSAKSI KE BANK MANAPUN, KE WALLET APAPUN!!!! HANYA BISA TRANSFER KE BANK DKI JUGA WKWKWKWKWK KACAU!!!! BANK YG BISA SURVIVE sampai saat ini KARENA PINJAMAN ASN klu gak ada yg ngajuin KMG bisa langsung COLAPS ini BANK btw penilaian nya ada yg dibawah angka 1 gak sih? MAINTENANCE Memerlukan waktu sampai 1 bulan????? maintenance sistem atau pasang PONDASI bangunan???? 🤣 cocok nya rating PS di 0 ka",2025-04-20 14:55:23
1910ed62-ffb1-4197-8248-a500413cad88,Lisa Permatasari,1,"dari sebelum lebaran sampai saat ini sudah hampir 1 bulan tidak bisa ngapa ngapain selain tarik tunai, isi gopay gak bisa, transfer beda rekening gak bisa, gak ngerti lagi sama bank DKI ini",2025-04-20 13:57:47
b840ac32-9939-4324-853b-c685fee31295,Hardaxe,1,"kode otp nggak masuk masuk woii, tolong dibenerin",2025-04-20 12:28:05
f859855d-d21f-4e2b-a662-39f59ac40696,Taufik Hidayat,1,"aplikasi mbnking paling busuk diantara yang lain, cacat sistem, sering error, nyesel",2025-04-20 12:06:04
76714442-3686-428e-a695-bb0e9bba6ec0,Rian Perdana,1,"Sudah brpa minggu layanan jakone mobile bermasalah, ASN dan pjlp pemprov dki harus pindah bank kalo gini terus",2025-04-20 12:02:22
25b1125f-ea9f-4d8f-a723-0d8461beff5f,Dwi Teguh,1,aplikasi tidak bisa mengirim otp,2025-04-20 10:38:22
05f2d397-a4c1-40c9-82a4-d812ce7b9908,Radif Radif,1,"fitur transfer ke bank lain masih belum bisa juga , gimana pelayanan nya nih bank dki ? terkesan tidak serius dalam memperbaiki layanan karna memakan waktu yg tidak sebentar . sangat merugikan nasabah ini bank .",2025-04-20 09:42:57
5a40c651-e74f-4146-9c2a-2257dc848bd6,moeiz moeiz,1,aplikasi PLAT MERAH TERSAMPAH!!!!,2025-04-20 09:40:38
23e41fbe-be8c-4191-bbaa-85c756ff405c,Opik Nur,1,"Payah, Pembenahan nya terlalu lama",2025-04-20 07:36:25
af30d44c-7838-42b4-9e50-7cb5de8dd474,John Wibowo,1,"apa apa susah,banyak masalah beda banget sama my bca jauhhh",2025-04-20 07:09:04
d0553641-c295-4d0e-a47c-19b593950fbc,Teddy Afnieyedi,1,cuman nyari keuntungan dari download aj sama potongan otp,2025-04-20 04:59:10
40710116-83e2-4f9b-8feb-5058888f8536,Rianto,1,pemeliharaan sistem yang terlalu lama hampir 1 bulan gak selesai selesai,2025-04-20 04:12:41
ffc6cd2e-bc6e-4a51-93b7-bb7d0b17075c,Azzahwa Fajarinnisa,1,"Aneh banget baru download & daftar tapi keterangan nya sudah terdaftar, padahal baru perdana daftar jackone karena untuk KJP PLUS.",2025-04-20 01:47:01
dd0bc305-6ada-4dc5-97c7-0df0aa77baa3,mukhlischandra dinata,1,"kenapa pas verifikasi gabisa ya padahal udah bener nomor nya alasanya, kami tidak dapat memproses permintaan anda, duh gimna ini padahal mau ngecek",2025-04-19 19:34:49
79311465-686a-45e0-9714-b5fff5bbd8d4,Ahmad Kurniawan,1,"aplikasi sampah, rating ajh udh 1 bintang tapi ga ada perbaikan, ga ada update signifikan, mempersulit malah Iyah.... apk sampah.",2025-04-19 13:53:16
c164b05b-d68e-4965-9512-7038526a89a4,Yulia Puspasari,5,sangat membantu dalam proses transaksi keuangan,2025-04-19 12:58:51
c37e2d86-a899-41a1-801b-905f1478af82,yusuf bakhtiar,1,menyusahkan masyarakat. IPO bank DKI siap2 ke gocap.,2025-04-19 12:53:43
475af5b2-bb1b-4990-9a70-32f433c3f462,Jelita Shafa,1,Buruk.. Blm ada perbaikan nyata,2025-04-19 08:56:42
1cef02c5-736f-48bd-bf6e-d07cb04d19c4,pangge Saputra,1,dari sebelum lebaran sampe hari ini kenapa gabisa TF antar bank dan bayar Qris ? ga punya orang IT untuk perbaikan dan perawatan aplikasi kah ?,2025-04-19 08:50:23
1754f149-bfe8-4c4d-bf0d-8e206d52a31d,Muhammad Umar Hafidh,5,"mohon membuat tambah gopay untuk jakone mobile top up baru, terima kasih",2025-04-19 06:34:19
faf510a2-dd04-459f-9720-87b0945df114,Patera Bagus Baya,1,"sampai sekarang masih belum bisa trasfer antar bank, server masih offline...hadeeh",2025-04-19 05:49:27
996f1911-b917-46d8-a948-13e20c9ffa4c,Dewi Mulyanah,5,penting buat ngecek kjp anak,2025-04-19 05:43:02
98a8eaee-ff10-447a-9553-dd089a2ce9c7,Rizqi Lina 313,2,gimna ini masa dri aplikasi dana mau transfer ke Bank DKI gak bisa??,2025-04-19 04:13:07
9fb7ae7d-e038-452e-8a5a-d43fcda0965d,Ahmad Rizky,1,"fitur transfer antar bank lain belum juga ada, sekelas bank ibukota kualitas buruk",2025-04-19 03:18:04
88b609eb-3dec-4cb1-9ce3-8842439fa54f,apri anti,1,"Sangat mengecewakan, dari sebelum lebaran sampai sekarang belum bisa melakukan transfer antar bank lain.",2025-04-19 03:12:15
d5a55841-3b1f-407d-8e28-2179a1fbb63a,minhatul fajriyah,1,"ngga akan simpan uang di bank ini lagi, aplikasi perbankan paling tidak berguna yg pernah saya pakai. Tidak bisa transfer ke bank lain , e-wallet cuma bisa jakone pay, jak card, shopeepay dan dana. hadeh",2025-04-19 02:19:51
54d1f1cb-95c8-4d74-9ad5-4b181c3c3bef,Ilham Rizki,1,"Lebih serius lah bikin aplikasi layanan nya biar bs bersaing sm bank2 lain, dr penggunaan aplikasi nya aja msh bnyak masalah terutama utk penarikan non tunai dr th ke th sering bermasalah ga bs digunakan fitur nya",2025-04-19 01:34:56
ada8d4a8-e2e2-4ed6-8031-a4f2bee4bbcf,Pengguna Google,1,ga bisa dipakaiiii,2025-04-18 17:34:56
44b8002c-d691-4258-adf1-ab697f220a48,Alifa azkadina,1,jackone sekarang banyak gangguannya.. payah udh kaya kentang,2025-04-18 12:18:50
4fef3ced-9eb6-4ad3-97dc-9f1f60c52872,Nova Riza,1,"sudah download,tapi pas daftar saat scan E-KTP gak pernah berhasil ,berkali-kali di coba lagi gak pernah berhasil juga,ini saya harus bagaimna?masa setiap mau transaksi nontunai harus ke ATM dulu sih?? coba tolong di perbaiki sistem nya..",2025-04-18 10:22:00
de89a537-38e8-44a5-8ae6-9c74534f6705,CENTANG DUA,1,aplikasi sampah,2025-04-18 10:10:19
2cd15f4e-ae4c-411a-bb2f-2169e402a55f,Erni Rusmiati,1,kok aktivasi gak bisa bisa si udh scan foto KTP berulang tetap gak bisa,2025-04-18 09:09:26
64236910-a607-4263-862c-e3b2a5bd9159,zulhaidir resta,1,"bank DKI makin hari makin anehhh mau apa"" gak bisa hadehhh",2025-04-18 06:59:20
952f36a7-4da4-439e-9819-b431be05a371,Megan Blorok,1,"busuk.. ga bisa transfer antar bank, pemeliharaan system koq smp sebulan, kurang canggih IT-nya",2025-04-18 05:44:14
b92bff87-063a-464a-a72c-172ae568d9fc,Rijal Jabbil,2,lama nunggu tau tau time out😤 tolong adm evaluasi lg aplikasinya,2025-04-18 05:31:14
0c10f4bf-d1cf-4ea7-b1fa-8a25cee78a44,Valent Butarbutar,1,mbanking tak berguna klau bukan karena hibah g gue pakai ini. dikeadaan begini butuh uang login pun tak bisa. tolong dibenahi . 2 Minggu saya login g bisa2 juga. dimana tanggung jawabnya ini.????????????,2025-04-18 04:09:11
55cac3c9-c70e-4557-bbdd-0b86f43dad95,Muhamad Fiqianto,5,keren abis,2025-04-18 03:00:49
e59e52f5-f08a-4004-87de-981f44b69ffe,Adi Rahardyan,1,"payah 👎,transfer ke bank lain ga bisa,qris ga bisa, tarik tunai tanpa kartupun ga bisa",2025-04-18 02:12:37
ada06c4d-4001-4776-9d40-c55790dd3a6a,dheny remot,5,ok,2025-04-18 00:53:25
3f775776-48d9-4c0f-8f7e-b8dbce0ee83c,An-Nahwan Chanel,1,sampah bngt aplikasinya kek ngga niat ngurusinnya,2025-04-18 00:34:36
860d8ad3-1527-4079-b7ea-bf21986ddb78,Giri Febriansyah,1,"JELEK BANGET, MAU AMBIL UANG ERROR TERUS, APLIKASI NYA JELEK BANGET SUMPAH, GA BISA TRANSFER KE BANK YANG LAINNN... KOCAKKK",2025-04-17 23:57:28
c80d8deb-8af5-444d-badd-57624d099978,anang setiawan,1,"aplikasi bapuk, gangguan mulu kerjaannya, ngambil duit gabisa, bayar Qris gabisa, kimay",2025-04-17 16:09:21
79fbe3fe-d07d-46a6-acc4-23348125df68,Muhamad Rizky,1,bobrok,2025-04-17 14:21:54
ec3a059d-8c4d-49eb-a491-6ef77d2cb8ae,MrmnRafly.,1,aneh banget transfer kesemua bank nya di hilangin,2025-04-17 10:04:55
9c8faa20-dabe-4ca0-ba3c-0b86bc4f05ea,Ari Priono,1,"parah ini pelayanan Bank DKI sudah seharusnya dirubah semua DIREKSI yang ada sekarang!!!! menyusahkan masyarakat dalam urusan Transfer top up dana dll, pemeliharaan System alasannya, di era sekarang sudah bukan jamannya lagi merugikan NASABAH!!!!! kalau ada rating dibawah angka 1 pasti saya pilih MINUS 5 di Play store!!!",2025-04-17 10:01:34
ef65fdd8-c2b9-4823-b0a6-1e7b44c7c979,Rachmadi santoso,2,"kenapa untuk transfer ke beda bank ga bisa ya dan virtual acount juga ga bisa ,tapi kalo TF uang ke DKI masuk",2025-04-17 08:38:09
f17ab1fd-f600-4215-8683-703b45e01a21,Haris Yulianto,1,"ampun ini error trus, bikin serba susah transaksi disini",2025-04-17 06:01:10
f58500ae-e98e-4323-b631-b7cb006dd5fe,Tuti Trisnawati,1,transaksi transfer berhasil namun pada saat cek di rekening koran tidak ada transaksi nya. jadinya kan worry apakah secara pencatatannya sudah sesuai atau belom. tolong diperhatikan kembali pelayanan nya karena menyangkut tentang uang. terima kasih,2025-04-17 05:02:29
7ad31165-26dd-48e2-aaeb-d273e7546d1a,Eddy Hasanuddin,3,"Sangat memengaruhi aktifitas keuangan saya dengan adanya kendala di aplikasi JakOne Mobile, semoga sistemnya segera pulih kembali, tq.",2025-04-17 02:19:43
70bafa26-533d-4590-8777-ed5e76a662b5,Ade Intan Hafidzah,1,"parah bngt ga bisa TF, ga bisa beli token, ga bisa qris, susah bngt buat ngapa2in",2025-04-16 23:21:47
4423b9cc-f451-4a9e-8385-f47ee2020cbf,cyber bad,1,aplikasi m bangking tercacat yang pernah ada.. buat scan ktp doank aja dibilang eror lah.terjadi kesalahan lah.. pantes aj buruk penilaian y. sesuai aplikasi y gak bisa digunakan selayaknya Mbangking yh lainnya,2025-04-16 22:28:17
777a822f-06b1-44f7-8a1f-3555329922bb,FFY Loki,1,Masih belum ada perbaikan layanan terkait permasalahan Bank DKI dari Lebaran 2025,2025-04-16 22:09:25
9998e4e8-06bd-40df-ac5e-36b4992dd967,Tomy Bjoe,1,balikin lah kemenu sebelumnya...BI Fast ga ada...gopay ga ada...bikin susah aja...niat ga sih buat mobilenya...saya pake qris untuk berdagang kalau begini saya mending ga usah pake qris dki deh...pake silverlake yg mahal lah jangan yg murah...system corebankingnya benahin...ingat satu berita buruk lebih cepat tersebar dibandingkan seribu cerita baik...benahi,2025-04-16 18:56:00
ec28f29d-afec-497a-8c7a-32a6afc4ce57,Rida Zebua,1,"setiap pembayaran ga bisa Mulu, biaya admin kepotong terus, mana nominal besar, bikin rugi aja",2025-04-16 18:16:07
4fb7c8c3-b8da-4288-9d0a-98bb3470bd19,Achmad Priambodo,1,sering error.... tolong sering di maintenance,2025-04-16 16:45:19
cad61a72-c490-4ac2-aa68-8399d4c264d5,ihsan kamil,1,sangat buruk tidak bisa transfer maupun pembayaran,2025-04-16 16:32:34
5722bf0b-2029-4060-aba5-f5e27921d644,kepleh42,5,sangat bagus,2025-04-16 13:43:46
b6f7706f-caac-48bb-ba62-202c4ddd7c5a,Yudi Jack,3,"memang mudah menggunakannya, tapi sekarang belum bisa di gunakan untuk transfer uang ke Bank lain. Dan lama sekali belum di perbaiki, sudah hampir 1 bulan.",2025-04-16 11:28:45
403fc190-d211-46bc-8f51-de438d671a61,opo ipenk,1,sampai tgl 16 April 2025 apk nya ga bs di pakai utk transfer. payah,2025-04-16 10:31:21
9c9a586d-91c2-45d0-9fa8-a96b36e43338,Alfiandry,1,aplikasi bank paling ga guna.,2025-04-16 08:08:21
4ccd6141-4ac6-4005-bb3d-ee4faa31944c,Andriyana Puchima,1,"kenapa menu transfer ke bank lain sekarang gak ada sih? padahal lagi diperlukan, sama mau bayar2 air,pendidikan jga gak bisa",2025-04-16 07:53:49
44283e96-2acd-44ed-9ef8-b019099003a5,Felly Barliandi,1,"aplikasi perbankan yg paling merepotkan, utk daftar apl online saja dipersulit, utk swafotonya ertor terus...tolong perbaikin sistemnya supaya masyarakat bisa lebih enjoy menggunakannya..",2025-04-16 06:03:33
dbb9be95-898f-472f-87c8-c1e843d7f272,Ade Marliana Putri,3,sekarang knpa ya gak bisa buat TF ke BNK DKI,2025-04-16 06:01:35
34b940d2-5cc6-46ac-b229-cc202510255d,HasyazidA Channel,1,transfer antar bank ga bisa bagimana?,2025-04-16 05:11:12
7822ea37-b9d5-4c43-8ffb-3f1d3c43d89b,Yusuf Bakhtiar,1,Kendala ko berlarut larut. Ga punya IT ????,2025-04-16 04:57:15
73651807-4e68-4256-a7d7-d354279a5b7e,Adien Mahidin,1,"gak bisa transfer antar bank, layanan payah",2025-04-16 04:56:25
4867783f-c8c5-4532-9aba-38bf4a0e8510,Rizal Doank,1,"bobrok, aplikasi gak berguna, bank dki hanya nawarin pinjaman selama bertahun tahun, produk gak memudahkan nasabah... tapi malah mempersulit nasabah",2025-04-16 03:59:34
522a0d18-c0a0-4d0b-ab76-1f704eb156dc,Eben Ezer,1,fix bank dki abal abal transfer dana dari aplikasi dan bank lain gak bisa alasannya jaringan,2025-04-16 03:24:23
f9efa7a8-93ae-43fe-af52-46c7b8b41b89,nddy 23,1,mau sampai kapan ini gak bisa transfer ke bank lain,2025-04-16 03:05:48
15c22c4d-c034-4935-957e-099c812e83b9,Riezal Jago,1,parah banget bank nya sering error dan sekalinya error maintenancenya lama banget 👎,2025-04-16 01:51:49
d1ba94a3-b960-40aa-8235-d6e5ee7bc2fc,Nawi Salahudin,1,Kok lelet ya muter2 muter2 lama batu kebuka .. beda ama yg lama.. 🤭 Klo udh gk loading2 baru dikasi bintang 5,2025-04-15 23:03:45
15689703-d614-4af9-ba68-f4bb07e1ff37,wimz harimurti,1,"pemeliharaan system dari sebelum lebaran sampe sekarang kok gak kelar2, parah",2025-04-15 21:55:18
5fafa68a-cb73-4f5f-aa34-b321356bcc97,Ade Wulan,1,sekelas DKI JAKARTA masa punya aplikasi sejelek ini sihhhh... potongan admin lumayan. Uang sering ilang ga jelas.. gak bisa transfer dan di transfer.. Tiap operasional turun saya juga mau nya di tabung tapiiiii kalo dalam seminggu dana saya hilang buat apa...,2025-04-15 21:03:17
c7edced2-c022-4598-84f0-2d467218bff7,Ara,1,"Maintenancenya lama bgt, butuh uangnya tapi gak bisa dipake pd mikir ga sih uang nasabah ketahan gini gada kepastian kpn selesai maintenancenya sedangkan banyak yg perlu dibayar/dipakai uangnya:))",2025-04-15 13:13:15
40e0e0b1-d75a-4864-b707-16ef5171c8b1,Galih MP,1,min kenapa gabisa fitur layanan seperti TF ke bank lain. mohon di perbaiki aplikasi nya min,2025-04-15 09:46:37
54b7afe9-93ff-47e5-a8b4-0c248884265e,Eva Satriana,1,kok makin kesini malah nggak bisa tf antar bank dan menu uang elektroniknya nggak ada lagi gopay adanya shopeepay sama dana aja. bukan memudahkan tapi bikin sulit ini mana potongannya gede banget perbulan🥲hadeeh,2025-04-15 05:33:57
05e27e42-7cdc-4ca3-8bb7-ec0ff29bc590,Mr. Sahduryat,1,Makin payah,2025-04-15 04:45:34
36cec503-f422-430d-9403-a8fc2a3adb20,ema maria,1,sangat di sayangkan tidak ada pilihan transfer antar bank,2025-04-15 02:36:23
e3d82b6f-842c-498b-b84c-7028353c7ae1,Adi Jaya Wibowo,1,aplikasi sampah,2025-04-15 02:06:33
b0845653-89b4-403b-9439-8aa3c33233c8,heristian bale,1,sampe sekarang 15 April masih belom bisa TF Bank Lain.. gak ada perbaikan sama sekali..,2025-04-15 02:04:18
3b81e37a-0e0b-42b9-9116-6510158a2306,Zaky Zakay,1,Sampai kapan ini perbaikan. Mau TF dari shoope gak bisa²,2025-04-15 01:09:53
2cfebce6-22e4-4d16-8c58-658f68509460,Martua Edo Pardomuan Situngkir,1,"parah ni app bank DKI. potongan gede, pake QR gabisa, kirim ke bank lain gabisa, ngisi e-wallet gabisa",2025-04-15 01:09:22
cba54898-8f3b-409b-a29a-aedecc2c13d1,MASS AHMADI,4,"ada mbanking tp ga bisa digunakan sama sekali,topup ewallet aja g ada yg bisa. jd apa namanya ada tp ga bisa digunakan.",2025-04-15 01:03:35
f6aac938-7d24-4269-b309-32be617a880a,fren Yugo,4,mempermudah transaksi .. dan terjangkau,2025-04-14 23:05:05
f9b5452a-0864-498e-911f-dc8c41784776,Haryani,1,mau transfer ke Bank Lain tdk bisa tlng di perbaiki aplikasi nya jgn bikin kesal nasabah,2025-04-14 14:44:12
df66864a-9b5c-449b-997f-75c66fb5e9da,Didik sumarsono,1,mau sampai kapan jakone mobile kaya gini ? kecewa banget....,2025-04-14 14:00:49
6eec0754-39e2-4d4b-a97e-0683e02427ce,Aulia Shofan Hidayat,1,ditambahin,2025-04-14 12:38:41
39a27bc4-6fa3-4ef4-b00c-ff33d659402f,Nabil,2,"kecewa, dlu saya membangga banggakan bank ini, dengan kemudahan akses m bankingnya, Tpi sekarang? transfer gabisa, pembayaran lewat debit/qris gabisa",2025-04-14 11:17:18
805396ee-99bb-4900-9f1c-227aa2b3d41a,hrafis.workplace,1,bad bank gov,2025-04-14 11:12:53
1a02432e-f479-4380-87f8-9cf415fe6dee,balqis qis,2,pas buka aplikasi knp gk da tulisan daftar,2025-04-14 09:13:36
30f26319-ae33-4146-bfcd-ed1a3843c926,freddy Saptian,1,"ga bs transfer antar bank,kacau bgt ini",2025-04-14 07:19:28
1ae25fdb-c176-4452-b24b-75ebcbd25978,Neneng Nurbaeti,1,aplikasi yang menambah kesusahan hidup,2025-04-14 05:35:44
82afda5b-ed92-4f6a-b586-49c003435902,Ratna Avriani,3,"mohon diperbaiki sistemnya min saya butuh untuk transfer ,QR dll.kendalanya lama sekali belum teratasi,segera diperbaiki y min🙏",2025-04-14 03:42:07
4e0435a5-8614-4e44-a788-9caec3b27a6e,Lies Karim,2,"kenapa fiturnya berkurang, tadinya bisa isi ovo sekarang gak bisa, dan gak bisa transfer ke bank lain juga",2025-04-14 02:58:43
d1ca1945-f055-4afe-86c9-4fe35f676472,Novia Larasati,1,"Cuman aplikasi ini yang sering minta maaf tapi tidak di imbangi sama perubahan, liat aja ulasannya rata2 keluhannya hampir sama. Memang kocak Bank DKI..😑",2025-04-14 02:14:00
4e2c5b27-7ea0-4342-a341-30b255b99b3a,Imam Irmawan,1,"kirim ke antar bank masih ga bisa ya? masa kalah sama aplikasi pinjol ilegal, ini BANK daerah apa bank abank pusing?",2025-04-14 02:12:55
699ad625-036b-42d4-a3b2-af5dbc1c9a8a,Wahyu Utomo,1,dari tanggal 1 April 2025 sampe 14 April 2025 ga bisa transfer ke bank lain,2025-04-14 01:22:30
62afeec0-9abf-43b4-a427-bdb1c8512d95,Nurbaity Panggabean,5,"Mau registrasi saja, error terus Kacau nih aplikasi Ga rekomended",2025-04-14 01:16:49
3917522f-0e79-4725-b1a3-32d2c7c74bb7,siregar atoni,1,ini dki kenapa tf saldo grab ke bank dki engak masuk masuk,2025-04-14 00:59:03
addf73a4-0b20-4393-9d23-22bc0f7bb169,Hana Sjdh,1,"bikin masalah dari sebelom lebaran, pas lebaran ga minta maaf, ngasih THR juga ngga, malah bikin kesel terous",2025-04-14 00:56:30
879d6489-351e-49c2-94e2-435a7789d6e7,Laka Bhule,1,"dari tgl 01 april s.d tgl 14 april 2025 transfer ke lain bank tidak bisa, ambil cash di atm bersama tdk bisa, jawabannya selalu pemeliharaan trus. pemeliharaan ko smpe 2 minggu bobrok amat. sekelas bank ko kaya gini si",2025-04-14 00:50:00
1b273e95-3fa9-4083-b88f-2c7eede49767,Plenyun Plenyun,1,"masa maintenan dari sebelum lebaran sampai 12 april 2025 ga beres beres,, mo TF ke rekening lain ga bisa-bisa kl bukan buat rekening gaji udah gw tutup rekening dki, permasalahan dari dulu selalu berualang",2025-04-14 00:31:08
9da43b0d-e6f3-47d2-9471-783c9318ec98,arief sulistyono,1,ini kenapa jelek banget yah apk mobile.a qr ga bisa2 dr pertama pakai dan sekarang tf ke lain ga bisa2 dr mau lebaran smpe skrg udh sy coba hapus trz download lagi sama saja...,2025-04-14 00:05:09
03224d8d-04b9-4dc8-ad3c-06652cc44350,Aeinal Bernadi,1,"parah dri sebelum lebaran sampai saat ini msih gak bisa transfer dri bank DKI ke bank lain lewat jakOne ,maupun sebalik nya ..",2025-04-13 17:14:24
26089bdd-c00a-4646-a8b7-68c11220f67d,johan permana,1,KENAPA GK TUTUP AJA SKALIAN INI BANK !!! SAMPE DETIK INI MASIH GABISA TF KE BANK LAIN GABISA DI PAKE QRIS KWKWKWKW ORANG IT NYA SURUH JADI PEGAWAI PUSKES AJA LAHH KWKWKWK,2025-04-13 15:39:28
42a3cef0-d61b-412d-b3a1-198ee492c897,fajar rani,1,kenapa gk ada tf kebank lain topup ewalet juga kgk ada skrng knp jdi gini tolong gmn dong hadeh,2025-04-13 14:25:31
4a0f59b9-0d66-4eea-b036-6db9889b240f,Linda Maryani,1,kacauu transfer bank lain sampai sekarang belum bisa..,2025-04-13 13:52:07
09ca1ca8-43f2-4c28-80f9-fae4794aadbe,Andry Septianto Amar Bross,1,"sampai saat ini tarik tunai, pembayaran yg pake qris, transfer antar bank dsb sampai kapan dipulihkan kembali? soalnya ini permasalahan nya di pembayaran gaji",2025-04-13 12:18:53
8637d466-9bcd-4f7f-8459-4206de063b5e,Tasrifin ifink,5,sangat puas,2025-04-13 11:11:16
ab51962d-4028-4226-aa25-aa080fda8505,Harmain said,1,Aplikasi sampah..,2025-04-13 10:42:45
15803070-1231-49ba-a9b9-31ec85d6c0cf,fadly luddin asgap,1,"aplikasi Jack Mobilenya di tutup aja nih, kagak bisa TF kemana kemana",2025-04-13 08:42:49
3edb2c7a-2981-4667-a1de-de60dcebc1b2,afnan avrileo,2,mau login tapi kode otp ga masuk masuk gimana ini weeee😭😭😭,2025-04-13 07:11:55
b85ab6ce-8a09-404f-8d34-eae7576f797a,Arjun satria,1,sampai sekarang masih error hadehhh bank pemerintah kalah sama bank swasta. sorry bintang 1 karena emang buruk,2025-04-13 07:04:51
38c6e827-09ee-4e0b-bfd3-9de4cfa3d833,jihan olivia,1,kode OTP butuh berapa tahun dikirimnya?,2025-04-13 06:43:55
bdc191b6-7ed7-4a0b-a7ba-27642ace8b92,Muhammad Pratama,1,Ini mohon dilebih perhatikan lagi dan harus lebih baik lagi untuk mobile bank nya kecewa,2025-04-13 06:04:17
3b85a9bc-3ecf-42a0-b13b-3fb2f50a79db,Vincet Tabah,1,"ini gimana sih apk dari lebaran sampai hari ini mau transaksi ga bener2. kalo belum siap yakin ikut perkembangan teknologi jgn dulu bikin apk, mending kalo penangananya cepat seperti bank swasta. uda gtu unit atm nya terbatas, apk nya begini capek bgtt.",2025-04-13 05:43:18
e35a6475-73ed-4a24-a90f-8210391adfb3,Wahyu Romadhon,1,Udah sekitar 3 minggu dari seminggu sebelum lebaran Idul Fitri 2025 sampai saat ini 13 April 2025 JakOne Mobile dan ATMnya tidak bisa digunakan sama sekali...PAARAAAHHHHHH !!!!!!!!!!!!!!!!!!!,2025-04-13 05:27:06
bfcf90cf-e740-46ca-a32e-9cc9f39f092c,Ari Oke,1,sangat buruk! sudah berhari2 bahkan minggu. gabisa apa-apa,2025-04-13 05:07:43
66472ba5-3404-47bf-9ad4-6a1b692f86de,edi setiawan,3,tidak bisa transfer ke bank lain,2025-04-13 03:32:58
7419fad4-91d3-4da4-8d56-b905f79eed02,Deri Septi Efendi,1,sangat tidak memudahkan nasabah,2025-04-13 03:23:20
fca58a2e-a082-4653-8841-e44139ee0cd1,Irfan Hariri,1,gila pemeliharaan lama bgt edc ja g bisa2..g bisa masuk .. jakone jg sama g bisa tf bank lain dll dikerjain g si ini teknisi abal2 jgn dipke,2025-04-13 01:41:08
8c1a78bb-e354-447a-8ac1-9a0788e98f0f,Rasman Andra,1,gx bisa transfer ke bank lain payah bener mendingan hapus aja nih apk dari google play,2025-04-13 00:58:43
27511181-be48-454c-a13a-7860e92e4e00,Lencelot Akun,1,Sumpah!!! ini aplikasi banking APA!! Aku niat nyimpan uang disini. Malah ketika mau digunain eror. Udah trenfer ke Bank Lain gak ada.,2025-04-13 00:10:26
4abe5575-f00f-4210-a0e6-46d705c30c5d,Iqbal Hanif Syafii,1,"gak bisa TF ke bank lain, gak bisa top up e wallet, udh dri malem takbiran kek gini. Dripda buang² anggaran mending tutup gak sih? ga guna amat",2025-04-12 18:12:01
ceb1b7ec-e49c-4772-a612-9806470ad0c8,Muhammad Purnadi,1,terlalu lambat ngebenahin permasalahan nya !!!,2025-04-12 17:27:49
5e0b5d90-a661-44ab-9ded-ec0eb53a2740,Fikri Abdillah,1,sudah 2 Minggu fitur transfer ke bank lain belum tersedia,2025-04-12 17:11:56
c8f909d3-9d14-4555-958e-8fe880aaea97,Sayekti Fidy,1,gak ada tindak lanjut?,2025-04-12 15:28:11
d1a59f43-6e67-4a81-9aa0-ef96847970cf,Joan Akbarr,1,"pengalaman terburuk memakai bank ini, eror bisa sampai 2 minggu, sekelas bank BUMD?!!",2025-04-12 14:57:32
e161d70a-dad4-438b-b6bc-b0f03bc6f2f7,M. Slamet,1,gangguan atau gmn fitur tf ke bank lain hilang,2025-04-12 14:45:49
3d7c4b0d-4d24-43de-9baa-056e4fef1508,Muhammad Iqbal,1,"hati2 tarik uang di atm, saldo kepotong uang ga keluar",2025-04-12 13:17:10
5c59e17e-2c36-4009-9087-2ac3eef1bfbf,Fahrul Rozi Arul,1,"Tolong di perbaiki dong, Terutama Transfer ke Walet nih, seperti GO-PAY kenapa jadi nggak bisa kacau",2025-04-12 12:57:02
fe7492b4-6317-4b02-ab69-7022d9595217,meri gultom,5,Saya mau kasi masukan donk.. Mohonlah segera dipercepat pemeliharaan systemnya.. Kita juga perlu transaksi. Kita mau ke bank nya jg susah waktunya.. Mohon segera dapat menerima masukan ini. Terima kasih,2025-04-12 12:05:44
6c8501a5-22dc-423c-a728-259393025eeb,Ahmad Hanif Cahya Gemilang,1,"mau bayar pendidikan susah, gabisa transfer dari platform gopay, dana, shopeepay kesini. tolong diperbaiki sistemnya.",2025-04-12 10:54:00
cd942400-6df4-45f7-b5ef-e3c34c5fc8b8,Ahdan s,1,sementara satu dulu karena belum bisa transfer antar bank,2025-04-12 07:10:40
aa655d3b-4eca-4185-ae69-a2614c9ad982,heru arisaputra,1,org disuruh pake m bank tp ini transfer aja gak bs,2025-04-12 06:43:03
ce2cce5a-33ea-418e-89da-52d0b6188515,Miris Channel,1,tidak bisa transaksi ke bank lain,2025-04-12 03:46:25
f510037c-58db-4f56-a77d-3926338a8ff9,rizqulloh Ashidqie,5,tetap cinta meskipun banyak yg menghujat.,2025-04-12 03:23:50
a62b4917-47d1-4ae5-9b39-eb1dd3bd056e,asrifah nur istianah,1,maaf ya jakone kamu bikin aku kecewaaa,2025-04-12 03:19:09
8373667b-3815-4ae0-8c0f-e7eb75da18e0,cnnssptnzhr.,1,baru pertama download Krn kebutuhan KJP tp kenapa susah sekali dapat OTPnyaaaaaa aduhhhh.,2025-04-12 00:26:59
34ed2e45-4470-40b7-abdf-5556a9fd0d20,Muhamad Miftahul Janah,1,jelek bgt nih mbanking,2025-04-11 22:26:45
33457d6d-a5b9-4e66-abfb-0785c3293f7b,nabilah erna,1,"hai Jakone/Bank DKI.. apk nya kenapa lagi Dah.. dari kemarin ga bisa dibuka dan di akses, katanya karena koneksi internetnya, padahal wifi dirumah maupun kantor kenceng banget. Mohon profesional lah dalam mengatasi masalah2 apk nya. Kita nabung di Bank DKI adminnya kan dipotong otomatis setiap bulannya. Tolonglah Bank DKI berubah lebih baik lagi. kalo sudah oke dan mumpuni baru saya kasih bintang 5.",2025-04-11 19:43:41
992193af-e858-4fa7-b4cd-1fa790a806a2,Iyan Yulian,1,parah gk bisa tf ke bank lain dri sblom lebaran 😑,2025-04-11 17:54:43
088cbd05-4674-41ff-afb3-6ea45ef66c0e,yosi pratiwi,1,"tolong dong segera perbaiki aplikasi m-bankingnya, susah banget buat payment² mau sampe kapan eror terus.., duit gaji ketahan di m-banking, mau ambil di atm semua atm bermasalah, ke bank juga percuma narik duit ngantrinya berjubel..",2025-04-11 15:41:21
e04fa1a2-160f-4ecd-a179-44cb8a438b02,Helmy Ahmad,1,"Terlalu sering gangguan, jika tf gagal saldo kepotong, laporan ke cs proses lama dan tidak ada hasilnya juga.",2025-04-11 15:34:04
185c2bef-e6a5-46cd-bd85-2208d3b13365,Rega Ariaganda,1,kacau,2025-04-11 14:55:20
da3d1128-eeff-4491-be71-4e3f9a56eb40,Aa Muhamad Badarudin,1,aplikasi buruk,2025-04-11 13:55:09
2e0c1688-42fb-4df2-b2c2-f0bd6bf798b0,Vio Vio,1,"Aplikasi Mbanking paling lemot,ribet dan ga profesional,lebih banyak ganguanya dari pada kepakenya",2025-04-11 13:37:18
355d6a73-9174-43d3-9ee0-f70ff3de9010,Agung Nugroho Nugroho,1,"parah ATM, mbangking gak bisa tuk transaksi tf",2025-04-11 12:50:58
4e101bd5-bebd-40d0-8cd4-1ebcfb7bd9d0,Ken Garut,1,"MANA TINDAK LANJUT KENDALA KAMI. CUMA DIKASIH JAWABAN TEMPLATE, TINGGAL COPAS, NGERASA ""BERES""",2025-04-11 12:23:57
a2128ae9-d074-408a-98ba-13ea7c3b7398,Mohammad Afif fajar,1,Aneh!!!!,2025-04-11 11:42:29
383f7fdd-120f-4bc6-9311-f220a9c7d51d,Siti Nurul Fadhliah,1,"ngga bisa tf antar bank, ngga bisa isi gopay, ovo.... dah lah",2025-04-11 11:34:23
f4452209-d747-4e38-8883-3eea6e544c87,Wulan Sari,1,mau sampe kapan gabisa tf ke bank lain? lambat dalam perbaikan,2025-04-11 10:34:12
b0c33725-69a1-4dce-87d4-157e9c2b0824,Angga Dita Pratama,1,Tolong untuk bisa kembali buat transfer ke bank lain di aplikasi jak one mobile,2025-04-11 09:57:26
d19d38be-a15b-4c62-9ecc-548554674d15,nur ardli,1,"dari kemarin malam untuk transfer beda bank tidak bisa, biasanya di menu ada tapi sampai sekarang tidak ada dan tidak bisa",2025-04-11 08:32:05
162d76da-b1bf-4d98-b16e-b8a63321933d,Cranach,1,"kenapa sih ini aplikasi gak bisa transaksi sama sekali mau transfer ke bank lain gak bisa, top up gak bisa juga tolong diperbaiki ini udh parah dari lebaran Sampai sekarang gak bisa digunakan. tolong kerja ya IT bank dki dan jajarannya tolong aplikasi ini udh gak layak digunakan buat apapun kalo begini terus nasabah bisa minggat.",2025-04-11 08:23:48
b10bc69b-d65f-4744-a21c-8ce7db0f4d4f,Tri kusuma wardana,1,aplikasi sampah,2025-04-11 08:09:51
85b6e0b7-c671-47b6-930a-56108e954ede,TiN “TiN”,1,"pernah mengalami : 1. saat transfer, tiba"" gagal, terus uang ke potong, ngegantung gatau kmn itu duit 2. tidak tersedia opsi transfer antar bank",2025-04-11 06:09:37
70bd6572-ed9b-43f5-aceb-cd64771e27c4,Kincul 5150,1,MOBILE BANK PALING SAMPAH.... MAU TERIMA TRANSFER AJ GANGGUAN MULU,2025-04-11 04:43:35
681154ff-8800-49bd-ac1d-5b53bb75e515,Aris sunandar,5,ok,2025-04-11 03:42:35
c99c4c3c-9eab-4807-8795-5604932272a3,Toni Halim,1,Kapan neh mau diperbaiki? Udah lama loh...,2025-04-11 01:31:32
46c88f7d-b56d-47c7-b71f-f2e1021a6964,hani Hanipah,2,kenapa setelah diupdate gak bisa transfer antar bank lain??😭😭😭😭,2025-04-11 00:53:42
4231db6f-31d1-44f0-9477-1f0286a657cb,Bagus Indrajid,1,erorr ga kelar kelar,2025-04-11 00:38:38
3adfb397-f6fb-4ad5-bfa1-bbffa1a948d2,Mulyadi Supardi,3,sy lupa password.. maaf bagaimana sy mau masuk .. kalo kode OTP nya ngk muncul saat sy masukin no hp. mohon arahannya,2025-04-10 22:47:08
387b1192-4036-466e-9ae4-43a9878b8157,FRISKA ANGGRAINI,1,"Udah nggak bisa transfer malem malem, nggak bisa transfer ke bank lain pula. kacauuuu.",2025-04-10 22:40:00
9e0f98dd-634c-4e17-b5a6-82323a44dc76,idar12 chaidarahmad,1,parahh,2025-04-10 21:55:30
4ee85926-2a87-4c52-a77f-53eb05e6cb54,al fatih (al),1,dari hari libur lebaran smpai detik ini jakone mobile GK bisa wat transfer antar bank . smpai detik ini Lom ada perbaikan nya,2025-04-10 19:56:45
b905097e-d26e-42e6-b9c1-35b3c468240d,Rahmat Hidayat,1,"ini aplikasi kenapa ya,transfer ke bank lain ngak bisa.bukan mempermudah untuk bertransaksi malah merepotkan",2025-04-10 18:05:55
a9e1a81c-1193-4890-8980-d9004c8b8fc3,Syahrul Rahmad,1,"ga bisa tf kebank lain, top up ewalet juga terbatas pilihannya",2025-04-10 17:34:35
5c802113-1a09-4ebb-b158-b878e5671541,Rahmawati Erni,3,m banking ny knp ga bs buat trnsfer ke bank lain ya...e wallet ny jg hilang ..,2025-04-10 13:34:38
a6bec1ef-55da-40e7-aa76-2b2a7e6d0302,Titi K,1,"aplikasi payah, gak ada menu bi fast dan transfer online. gimana mau pakai untuk transaksi",2025-04-10 13:17:05
7d294ce2-9374-428a-8148-9543428cb00c,Rizky 'mln,1,"Fitur banyak yang ilang, tolong segera perbaiki",2025-04-10 13:15:17
63446970-e910-49ff-a34b-482ae193c298,M FADLI,1,mbanking menyusahkan dan menyulitkan pelanggan. di saat idul fitri mau tranfer aja nyusain. kadang mau tf bifast gabisa juga. operatornya gimana sih kerjanya. kadang suka kepotong padahal udah bayar biaya administrasi perbulan. tidak propesional sekali.,2025-04-10 12:50:33
d358822f-3d76-46d4-87c6-3b0767af69c6,Joel Dwisatrio,1,GAK BISA TRANSFER ke BCA padahal awalnya bisa. uniknya SEMUA CS bank DKI nyuruh customer Install FLIP padahal FLIP pun bermasalah. Direktur IT nya sampe DIPECAT cuuuuyyuu,2025-04-10 12:42:24
291dd791-e5b7-4f45-a5de-9d2321441ca2,Ikhwn SYW,3,ini banking untuk transfer kok ga bisa ke bank lain gimana nih kok makin kesini makin kesana dki,2025-04-10 11:09:56
34ff3197-0fe5-4deb-93ed-bd5116296e91,Ena Suryana,1,Bank Tidak berkualitas,2025-04-10 10:56:19
493cef1d-bd55-475a-bc6c-6628ff6ec46c,Novitri Andrianty,1,lelah banget ya ampunnnnn,2025-04-10 10:18:43
58682eb2-91df-4e6b-960d-c4677bfe039e,Sunarmi Sunarmi,3,"aplikasi gak jelas masa mau transfer ke bank lain jadi gak bisa,jadi menyusahkan dalam bertransaksi,tolong adakan lagi pilihan ke transaksi lain .agar lebih mudah kira kira kapan ya bisa balik normal lagi untuk bisa transfer ke bank lain",2025-04-10 09:59:11
184fccbe-e38f-4a01-be46-05b249730af0,Mochamad Syukron,1,"makin kesini bukan nya makin bagus, malah makin ancurr apk JakOne.. sering error, menu transfer ke bank lain gk ada, virtual account juga gak bisa!! masa pemeliharaan sistem sampe ber minggu²?",2025-04-10 09:47:10
c9c43ff1-3438-4f99-9dd1-9b7e36f45206,Zeni Fathul Ulum,1,"sampe kapan ini gak bisa transaksi ya? untung kemaren sempet bisa ambil tunai, kalo lagi diluar kota ribet bget bawa tunai takut gak bawa tunai gak bisa ngapa ngapain",2025-04-10 09:20:44
8b70575d-9996-409f-9f9b-b0d1cc950c8b,Michael Faraby,1,"Alasan perbaikan system, system yg buat manusia, dari dulu klo ada error alasan system terus. giliran nawarin KMG offline/online gencar banget tiap hari ada aja yg WA nawarin KMG, giliran ada error, dah 2 pekan ini loh...",2025-04-10 09:15:11
53bd3a20-a965-4f45-8738-3c4bae554986,Taufik 78,1,"sudah download dan masukkan data,ngga bisa2 alasannya data tidak sesuai, sdh dtng ke kantor cabang diverifikasi ulang datanya, 1x24jam coba masukkan data lg ke aplikasi,tetep ngga bisa dg alasan yg sama. apa yg hrs dilakukan??sedangkan data sudah sesuai semua. sudah hampir 3bln nyoba ngga bisa2",2025-04-10 08:49:08
38cd6d46-d946-47fa-a7ce-61684562e480,Deby Shoraya,1,mau pindahin mbangking aja susah bgt ! APLIKASI GA GUNA,2025-04-10 08:47:48
e170b0b2-2550-41f8-b152-cd118b4d38d8,rio aja,1,Di Aplikasi JakOne Mobile sudah dr sebelum lebaran sampe sekarang tidak ada menu transfer ke bank lain. ini kenapa..? ini ada apa..?,2025-04-10 08:42:32
ddef5fc3-342d-4173-8141-946c148014d4,Mustafid Lam Mim,1,"nyusahin.. gabisa buat transaksi pas hari raya, ngeselin..",2025-04-10 08:35:31
15711525-e887-4134-bde5-e2e26b66a061,Nurdiansyah Ramdan,1,ini fitu teransfer antar bang kapan di buka ? lelet aman ....,2025-04-10 08:21:10
ddb9017a-ffd1-4bc2-b639-7599becdf51f,Shandy Ekaputra,1,sinyal full tp ga bisa buat tf... liat saldo aja bisa 3 menit,2025-04-10 08:20:49
5c019f28-7233-4ba8-8c52-71fc55ed11dd,Agus Gendut,5,"oh maren-maren ternyata ada masalah sama aplikasinya toh,sekarang Udeh kelar kan dan bisa gunakan aplikasi jakone mobile dan fitur semuanya,jangan Ampe ngadat lagi,nasabah bank DKI bukan saya doang",2025-04-10 08:20:08
c1d4cf7c-48ea-4f11-884c-2aee7613f687,Egi Supriatno,1,Mau gangguan sampe kapan nih?,2025-04-10 07:43:26
aea2a62a-7758-40df-8b0a-65df24ba8bcc,Annisa Satiarani,1,error sampe 2 minggu tuh apaaa?????,2025-04-10 07:39:51
2f5f186e-81be-4340-973e-cad9948ead13,Muhammad Heriyanto,4,Mohon segera diperbaiki bugs nya. Terutama TF antar bank. Segera buat update nya,2025-04-10 07:27:03
ea811c1f-f9fa-42a7-9468-d8df8a73ce96,Anissa Nur zafira,1,mau TF ke DKI ribet harus make myBCA/wonder mandiri ribet luu. tau gitu gak mau ambil rumah parah DKi tutup aja sekalian,2025-04-10 07:12:23
54dd5af8-e973-40ec-9e2d-70f18f7110a8,Hot News,1,"Berbenah dong, sekelas Bank DKI loe bisa ngaco gini",2025-04-10 07:05:14
fb07ae32-4796-4a84-9b98-25eeee26d41f,Lili Warli,1,ngga bisa transfer atau di transferin kacau bank DKI ada permainan kayanya,2025-04-10 06:58:54
beb07e41-dc1e-4add-9cc8-1336997dc776,tokay channel,1,aplikasi GK jelas kebanyakan errornya ketimbang benernya....bisa ganguan dari sebelum lebaran sampe skrng....setiap transaksi gak bisa....kirim uang gak bisa... nrima uang juga gak bisa... bisanya cuma tarik tunai doang...kalo kaya gitu buat apa ada Jakone Mobile....mnding gak usah ada sekalian....tolong di perbaiki sitemnya....,2025-04-10 06:17:58
ee9be682-e70f-49a3-9956-b1ada379503f,Asep Rachman,1,Sekelas Bank DKI gini amat ya aplikasinya sering eror,2025-04-10 05:16:46
c8a9e383-062e-4917-a86f-be9e0a3543d7,Chaerul Anwar,1,parah... gak bener2,2025-04-10 04:55:16
e6eb9433-592b-4afc-9258-3a3777a7ad5e,agung badruah,1,"sudah 2 Minggu ini, mohon diperbaiki secepatnya dong...agar bisa TF ke bank lain, terutama fitur Bi-Fast nya....",2025-04-10 04:36:52
886a8a08-ae07-4324-9f9f-6cbe17273963,Jose Rijal kasyasyaf,1,Jujur sampah banget dan tariff nya agak gk masuk akal tpi masih gw pake karna kebutuhan. Ayolah masa org mau tf aja banyak masalah,2025-04-10 03:46:58
726984c8-c234-4bf9-ac3e-f6dcef54dc3b,Tasya Gustiyana,1,aplikasi nyusahin,2025-04-10 03:07:01
042fe2da-4259-4cd4-b1af-4193fbd2465a,Rapunk,1,"ini apk knp ga bisa trs ya kalo mau TF,sering bgt error",2025-04-10 02:46:57
c6c949ea-758d-4d52-a81b-6fea58a8ce76,Ros Yani,3,"untuk bank DKI ,, kenapa setiap KJP cair ofline begini sudah ada seminggu.. kita semua butuh belanja perlengkapan sekolah tetapi mesin EDC selalu ofline tolong pelayanan di tingkatkan kembali",2025-04-10 02:09:45
a73bd559-b832-419a-8657-e924d248f1eb,Indra Cahyo,1,Bank Gak jelas,2025-04-10 01:48:59
31c6e1fd-4871-4824-bc59-9d97c6bb6cc2,akbar maulana,1,ellleh mbanking nyusahin,2025-04-10 01:22:32
6a10ec70-807f-49f0-8d7d-1a3ad3db93ff,Apriadi,3,"uang saya hilang ini, transfer dari bank lain ke dki untuk pembayaran angsuran rumah ko ga masuk masuk hello ini bagimana ya",2025-04-10 01:13:47
1d4e0b3f-3795-4fb1-8200-fe77f6c9a0b4,ihsan tariful,1,"seminggu lebih transfer antar bank gabisa, topup e-wallet jg gak bisa...buruk banget tim IT nya bank DKI!!!....",2025-04-10 01:05:35
06b87ff6-7323-46ad-ace8-089a85eb9c00,ahmad humaidi,1,moment lebaran Jakone malah gak guna semua fitur e-walet dan transfer antar bank dihilangkan bahkan Qris gak berfungsi..... ini aplikasi M-banking paling parah dah dibanding M-banking bank lain......,2025-04-10 00:33:48
fde63978-f787-4199-8b02-4906213a0ac6,Gamer Santai,1,"satukata,ancur !!!!",2025-04-10 00:19:33
8855a150-40a0-4958-8052-d07e24811254,Zainatul Hamdah,1,"Knp setelah di update, sinyal lemah terus yaa... Padahal sinyal dan kuota jg penuh.. tolong tingkatkan lg performa aplikasi nya... Jadi lemot untuk transaksi...",2025-04-09 23:00:32
59d21a7d-d479-44c9-b0fd-fe381d0c3d9d,Bima Dharma Yahya,1,maintanace terlama..,2025-04-09 22:35:04
c17abeea-f6f0-42c9-8526-fc1a0c13b721,Fajri Hidayat Suriadi,1,ini mau sampe kapan eror nya woiiii....,2025-04-09 15:59:46
6d065cda-2829-4b6d-9101-35a4b69ae3f2,Rahmat Kenzie,1,ini apk untuk transfer hanya ke sesama DKI ja sih ke bank lain ga bisa gmn inih,2025-04-09 15:55:50
f5646cf8-2e44-4d17-b456-8677de1779b3,MELLON OFFICIAL,1,PARAAAHHH...GAK BISA TRANSFER KE BANK LAIN🔥🔥🔥,2025-04-09 14:25:32
d352d4a0-c28a-4e17-a2cf-06c96c812439,Fauzi Fahmi,1,"bank ga guna, bikin malu Jakarta",2025-04-09 14:10:31
c57d5dff-f843-4ee8-b7c2-6d761254e0c5,Nopi Aprianto,1,"JakOne ga jelas, TRANSFER KE BANK LAIN SKRNG GABISA. GAJELAS. ampun",2025-04-09 13:47:25
d65591ca-c635-4528-b578-5bff14978781,Haidar Ramadhan,1,KACAU ERROR GAK KELAR KELAR,2025-04-09 12:42:36
c86039aa-5b54-433a-a3c1-ce15ba5b9d7f,Bowo Coy,1,knp jakone skrg GK ngedukung android versi 12 harus 13 bikin ribet doang,2025-04-09 11:44:55
7ab50d07-5019-4286-8295-d3e461ca27d1,Taufikurrahman Taufik,1,m bankingnya tersampah yang pernah ada.servernya murahan,2025-04-09 11:43:46
53110ed1-c18f-484e-b2b7-4dcb7e680ff9,Mochammad Ali yusuf,1,"sering eror disaat awal bulan, apalagi dari tgl 29 Maret 2025 amat susah buat transaksi,moment idul Fitri malahan nggak bisa transaksi kalo bukan karena payrol gaji,udah sy auto delete aplikasi ini ,bukan menguntungkan malahan merugikan,pkknya Amat sangat buruk. dan sampe sekarang juga masih eror tgl 09.04.2025 18.37",2025-04-09 11:38:46
9d30824b-7946-4757-b2d6-202637a2b4c7,Boedy Tacik,1,sampah,2025-04-09 11:13:45
a6a1c250-2421-43a4-ba60-b984ffccdd6e,Panti Puspitasari,1,"Parah sangat mengecewakan, selama libur lebaran sampai hr ini selesai cuti bersama lebaran pun masih maintenance, banyak menu hilang seperti trf bi fast, ewallet dana ovo gopay shopee, bahkan qris pun selalu gagal. tarik tunai di atm bersama jg tidak bisa. hallooo parah banget, sudah lebih dari seminggu lho ini...",2025-04-09 10:39:14
4b02a015-0fa6-488f-8a0a-5160aa15773f,DKM Attawwab,5,Dari lebaran smp hari ini 9 april 2025 blm bs transfer antar bank jg beberapa ewallet bnyk yg hilang. Terpaksa tarik tunai. TOLONG TINGKATKAN PELAYANAN THD NASABAH.,2025-04-09 10:38:07
33e00770-ce57-4046-8f41-c8dc600917ad,Dadi Mulyono,1,"dri tgl.30-03-2025 Idul fitri dan libur panjang sampai tgl.03-04-2025. Mau beli pulsa HP menunya gak ada, Pembayaran Qris suka erorr, mau transper beda bank menunya gak ada. ini Bikin Aplikasi niat gak sih. Bank BJB lebih baik dari bank ini..",2025-04-09 10:26:18
a584a42d-2e90-4554-ae45-474aa9add88a,Desti nur Annisa,1,mau transfer ke bank lain tidak bisa kan jdi repot harus ke Atm dki dlu mana rada jauh,2025-04-09 10:21:10
3a90fd27-c7c0-4217-93c0-12a3ad536279,Arif Neneng,3,"slama sya pake dki baru x ini dki mengalami masalah tanpa solusi, dr tgl 29/03/25 mau lebaran sampe skrg tgl 9/04/25 msh aj ga bs tf an antar bank lain ke dki, yg kata ny sistem ada perbaikan knp lama skale 🤦",2025-04-09 09:51:01
fb828c92-1335-441f-ac31-2129d8d02217,jeffrey Aditiaa,1,Apakah Benar tidak bisa Transfer antar bank lagi ?,2025-04-09 09:40:24
8e17fd35-258c-4854-ae8c-36c5b3cc16b0,Liza IS,1,"Maintenance udah seminggu lebih masih belum bener juga. mana dari sebelum lebaran lagi. udah gitu gak ada kejelasan pula maintenance nya sampai kapan. sumpah dah ini bank kaga profesional banget. kalo bukan krn pay roll lewat bank ini, gak akan pernah gue mau jadi nasabahnya.",2025-04-09 08:51:55
90a7dcae-66df-4dd6-9b04-129fe68c840d,Deli Harefa,1,mau transfer antar bank lain ga bisa mending tutup rekening aja sekalian,2025-04-09 08:11:41
885968f8-b849-41fd-89da-3472f4dd4dee,Geofahri Halim,1,"Kapan selesainya ini perbaikan, udah beberapa hari gak bisa transaksi mesin EDC DKI, menyulitkan banget orang. Saya sangat dirugikan sekali ini dengan pelayanan yg seperti ini. Gk profesional. 😡🤬",2025-04-09 07:02:25
2c3d0e75-f417-4b11-9b92-863bda578ec3,Syahrullah Abd Aziz,3,eror mlu. ga jelas bgttt. sekalinya eror lama. perbaiki dong aplikasinya,2025-04-09 06:59:39
4cb7e928-48c1-4621-a9b7-b81ca06aee7d,Davita Tours,1,"mending ga usah pake aplikasi bank DKI ancur se ancur ancur nya,masa ga bisa transaksi ke bank lain",2025-04-09 05:57:54
4ca25c9f-d35d-4c74-9765-4ff52f4c7adc,PPS GERAK SATRIA NUSANTARA,1,ini gak ada yg update apa ya maintenance nya? masa menu transfer antar rekening hilang?,2025-04-09 05:22:33
ca4e838f-8d55-4211-9b37-2d507570cf1c,Made Deasy Riani,1,"Aplikasinya masih kurang baik tidak ada transfer ke semua bank, dan uang elektroniknya baru ada beberapa belum ada ovo dll",2025-04-09 05:19:22
ab53ab70-653a-43cd-b0b8-58f302dec5ce,Mas Jenggot,1,mo transfer lain bank ga bisa bayar qris ga bisa gimna sih ini bank DKI lama penanganannya.....,2025-04-09 04:53:36
9a3b23bb-9e57-4dae-b59e-8193f00019f8,Topik Hidayat32,1,"bank yg bikin susah konsumen saat lebaran 2025 Ganti aja pegawainya sm kepalanya semua... respon sangat lambat,",2025-04-09 04:48:47
ff9edcf9-616a-486c-a15a-084fac7f7f52,JUNNOT YZ,1,ini aplikasi makin aneh masa mau kirim ke Bank lain tidak bisa aneh buat apa punya Mbanking klo aplikasinya makin memburuk harusnya i berkembang bukan memburuk,2025-04-09 04:35:24
a27810f7-0887-4ec2-aa87-4cfb117b90ba,ceu wini,1,toong di segera normalkan kembali lah kita mau belanja aja g bisa duit g bisa ditarik,2025-04-09 03:39:18
8ad0fb22-b69f-41d8-88f1-0f8460069bf5,dimas sadono,1,"Sepertinya Bank sudah ga butuh nasabah..terkait pelayanan MBanking yg amburadul,malah bikin susah,menghubungi CS pun percuma...masalah ga selesai,padahal moment Idul Fitri perlu layanan yang prima...sepertinya saatnya pindah bank aja.",2025-04-09 03:37:12
9bc2c034-a3cd-4dde-9223-ac7da214411d,Irfan Hardiansyah,1,"Duuhhhh .. ini gmna yah aplikasinya masih belum d perbaiki juga , dri sebelum lebaran sampai skrg . padahal sangat d butuhkan sekali untuk TF ke bank lain dll nya . mohon untuk pihak bank DKI pengertiannya segera d perbaiki . terima kasih",2025-04-09 02:39:09
b73f9765-96c0-43b9-b91d-a96d10633cb9,Wisnu Aji,1,Bank terburuk di indonesia untuk semua halnya 👎,2025-04-09 02:32:16
7d86fa55-76c5-49ea-8146-2fbe1df4418a,heni tri hastuti,3,"kak boleh diperbaiki sistem mobile bank nya ga...menunya sering, hilang ,terus banyak keterangan koneksi trptus padhl baik2 aja sinylny...smp skg malah ga bisa dignain trf cuma antr bank dki.. terus mesin atm nya juga ga bs dpakai ..anjoy gmn ni",2025-04-09 02:18:12
a6c36ce7-5b93-4d3c-96f9-fad185988164,imam cahyo,1,1minggu lebih gabisa digunain.. buruk sekali,2025-04-09 01:39:08
d3540d4a-57fd-4752-9ce6-fef69c7ce86c,Gandhi Ramadhan,1,"udah seminggu lebih gak ada perbaikan sistem, fitur tranfer antara bank lain gak ada fitur top up ke shopee dana dan lain juga gak ada gimana nih bank dki maintenance kok gak selasai-selesai",2025-04-09 01:23:29
e50191e7-b2b1-41e0-ad21-96749f16e29e,anonim 22,1,Mau sampai kapan menu transfer antar bang ilang ?,2025-04-09 00:58:42
7ab4d9ff-de6c-41bc-a879-4a15f3730dbb,marna audio oprek,3,"punya uang tapi lebaran 2025 gua kelaparan, karena uang gajian gua ga bisa di ambil. karena bank dki ofline",2025-04-09 00:34:56
a0405b14-0b5b-48a5-9632-3e67e7d7158e,Julpan Antonius,1,lamaaa,2025-04-09 00:20:20
f2ce4813-9c44-4916-af9b-2b8e9a4fd29b,Virri Sugara,2,"tolong tingkat in lagi dong masa setiap gajian selalu bermasalah sih,,sekarang aja bermasalah transfer antar bank,,maaf saya kasih bintang 2 dlu",2025-04-09 00:07:02
8dc2e35f-618e-4243-8776-fbfa094aae70,Kasih hati,1,"sangat menjengkelkan selama 2 minggu tidak bisa tarik uang dan tf,manajemen paling sontoloyo,membuat semua pejerjaan tertunda,dirutnya harus diganti ,",2025-04-08 23:42:50
8f717360-a6a0-4222-8643-d7f061079971,shidiq pambudi utomo,1,Ini gimana ada aplikasi Mobile tapi gak bisa transfer ke Bank Lain?,2025-04-08 23:28:07
e4a1a26c-fc33-41ea-a492-e351c107bada,Cristy Depari,2,"nyesel gw udh masukin saldo ke rek DKI ,ga bs TF ke rek lain,ga bs transaksi apa2,udh awalan buka rek ga dpt ATM kt nya abis disuruh pake mbanking,tp ga berfungsi,KLO bukan krna gajian dsni ga mau gw pake..",2025-04-08 23:13:42
d34dca9b-6112-44d3-85c5-223cf56ebc4e,Jambul Burung,5,mantep,2025-04-08 22:10:56
e3f93f5c-82a3-4f70-b59c-407c7a2e4cd8,Dadang Hamdani,1,aplikasi jelek. mau transfer antar bank tidak bisa,2025-04-08 21:21:06
c8cd177f-be29-4287-8dd6-ae26bd6461ce,ahmad bukit,1,"dari tgl 26/4/2025 sampe sekarang TF KE BANK LAIN GA BISA , QRIS NYA JUGA, TARIK TUNAI JUGA GABISA",2025-04-08 19:22:45
5e85505b-f012-449e-9867-30b2b76ce75b,Kyky Fadhilah,1,"ini gmn sih ya dari sblm takbiran sampai saat ini pmbyrn qris tdk bisa,tf antar bank ga bsa,topup dana,shoope ga bsa kdg ada kdg ilang,kalopun lg muncul ttep gabsa dipake, dan sy mau isi paket data ga bsa,astaga bisany cuma tarik tunai diatm dki ,kalau tarik tunai di link gak bs, tpi potongan adm fee tiap bln berjln lancar,gmn ini,mau uangny tapi pekerjanya gamau perbaiki scpt mungkin,klo mbangking lain maintance sehari dua selesai,loh ini???ebuseettt,,duitny aja yg diptg(admfee)",2025-04-08 17:06:27
0790825b-5f3e-4a5c-bc1f-fa0c367a470d,Naro Sigalingging,1,Tidak bisa transaksi dgn bank lain,2025-04-08 15:42:45
f85c1003-61c5-47da-9ecf-2e1b93968960,Rany Maulina,1,"Ada aja problemnya, insyaallah mau langsung pindahkan dana saja lah setiap gajian. Dibuat repot dong, ampun dah",2025-04-08 14:50:19
730e6d04-222f-4a73-8df8-568df018877f,Melati Fatimah Fakhrurrozi,1,"m-banking harusnya membust lebuh mudah sy mau transfer k bank lain g bisa, mau bayar air gbisa, mau bayar cicilan jg gbisa. pk ATM eror sinyalnya. tolong dong pelayananny diperbaiki.",2025-04-08 14:26:21
371ead7c-3789-403e-9b9a-961267f114cd,Kurniawan Agustian,1,sangat mengecewakan!,2025-04-08 14:14:32
f96c4e6c-5afd-4f04-8e10-52109a3eaa10,Rudyanto,1,Menyedihkan....,2025-04-08 14:09:57
95ebb20f-2e99-4cca-9c0a-fb3d9c1cc882,Andre Prima,1,"Sekelas Jakarta punya Bank kaya gini modelnya hahaha. Masih kalah sama didaerah seperti di Jawa Barat ada Bank BJB. Rata-rata nasabah Bank DKI itu Pegawai Pemprov DKI yang gajinya di transfer ke Bank DKI dan Ortu Siswa yang dapat KJP. Kalau bukan karna itu, saya yakin semua pada hengkang meninggalkan Bank DKI.",2025-04-08 13:54:39
2880bc3d-e3f7-4530-b225-89246764d520,Purnomo Whisnu Irawan,2,Fitur Transfer Beda Bank manaaa....,2025-04-08 13:49:03
ae272c13-7c0c-4575-9ff0-e172afddfdec,ari nuryanto,1,"menu transfer ke bank lain kenapa hilang ini, pengguna dari 2015 lho ini",2025-04-08 13:36:38
25ec833c-72d1-442d-a00e-3d20b0f35837,Andi MX135,1,"tidak bisa digunakan sejak tanggal 29 , bukanya di petbaiki malah dibiarin sangat menyebalkan sekali😡",2025-04-08 13:15:59
97db1dc3-a9c7-41ac-92ab-f5d3f82fcd52,Fandi Lubis,1,mao sampe kapan jak one jadi kaya gini itu mentenace bisa kerja ga atau pimpinannya yg ga bisa kerja,2025-04-08 13:09:52
0cdca0f1-5128-4382-9b8f-189c230bef71,Achmad Firmansyah,1,"ikutan ksih rating 1 deh, beli pulsa pernah gak masuk, sekarang malah gk bsa transfer ke beda bank coba cek di playstore gk ada pembaharuan...jadi mksdnya gmna ya??",2025-04-08 12:51:45
d8f0ee5d-0a2f-4269-8166-34b9f2dc0f47,Iyan Boy Setiawan,1,"Mohon maaf sepertinya untuk sementara saya kasih rating segini dulu ya karena nyatanya sampai sekarang tidak pernah ada itikad baik, juga keterbukaan dari pihak bank tentang problematika masalah yang sedang di hadapi sehingga merugikan banyak pihak. semoga semakin ke depannya bisa di perbaiki lagi sistem maupun yang lainnya, sehingga bisa merubah citra buruk yang ada kembali lagi menjadj baik *jadi bahan evaluasi nanti setelah sudah baik pasti akan di ubah rating nya kok makasih. makasih",2025-04-08 12:32:59
6a8db337-0f78-4c5a-b076-7f550aa99410,Robbyansyah Asmir,1,"libur panjang, trf antar bank juga libur .. luar binasaa",2025-04-08 11:53:52
43d55edf-dcfb-4524-8111-37296d05e035,Gufron Gufron,1,bener bener ga bisa buat transfer / terima tranferan parah ini si tolong lah d perbaiki LG.,2025-04-08 11:32:49
c2452b3f-0b66-454d-81c1-25b9b255890e,Sahrul Jaman,1,apk J*MB*T 🦧,2025-04-08 11:24:20
68dffaf3-8cbc-448d-b602-2dfdc50ecdc6,Ibet Nibos,1,apk gabisa di buka seminggu maintenance ga kelar kelar ambil duit pake kartu di muntahin lagi ama mesin makin rusak udah gatau di kemanain duitnya,2025-04-08 11:20:46
5271dec1-fcee-4ab8-85ea-62821483c312,Nmosselman Mossel,1,"hanya tertawa... dr sblm lebaran sampai lewat lebaran, hari ini tgl 8 April 2025... masih tdk bisa transfer ke bank Lain.. Marketing Digital sedang mengetik : Mohon maaf atas ketidaknyamanannya.. Kami hanya butuh Solusi & tindakan Cepat ... Jauh sama Aplikasi M-banking biru..",2025-04-08 11:16:49
84351c39-2bd9-4e05-a22b-6878cf0582a4,Rifki Briliant,1,woy gila gangguan berhari-hari,2025-04-08 11:02:57
9c1e1c89-16f7-4d21-be1c-32e7e7f78672,SURYA aditama,1,"tolong diperbaiki lagi aplikasinya, masa kode OTP gamasuk masuk",2025-04-08 10:57:48
8d391875-c3cf-47b7-9855-4c29ccc9fbaa,Daniel Bohal,1,"Sangat Mengecewakan, 1. aplikasi lemot dan sering eror 2. bayar qris eror 3. tidak bisa trf antar bank sudah 1 minggu lebih 4. Tidak bisa isi OVO, Gopay 5. Dampak dari 4 masalah itu duit jadi nyangkut dan sangat merepotkan.",2025-04-08 10:25:47
06186257-50d3-48fd-8a7d-c466fb71eee7,Ahmad Sistio,1,aplikasi sampah loading masuk nya lama bngt,2025-04-08 10:03:41
a4a16eee-7ab2-4d3b-8a54-bb39f6ecf14c,Andi Suwarna,1,Aplikasi yg buruk ... pada saat dibutuhkan tidak bisa dipergunakan. Dan tidak ada upaya perbaikan sama sekali.,2025-04-08 09:48:52
b3ab4e5d-ec17-405c-8b9f-6ff7cead4b19,Muhammad Alief,1,kalo bukan karena gaji juga ga mao bikin minimal yg jelas lah,2025-04-08 09:32:33
8e91014f-3bd9-4fdd-a297-3131ae00aef8,Ade Fauziah,1,mo buka dgn nomer hp susyah bingit ..udah ketik nope gk nontif di SMS pisan ...,2025-04-08 09:21:58
7b80bc54-3ad0-4860-b7a5-a847077d025b,abdul mujib,1,"padahal bank punya pemerintah dki,bukan daerah. tapi kok ya gak bisa jadi percontohan bank bank daerah.malah buruk sekaki",2025-04-08 09:15:54
c3d0dfa3-6476-4ee4-b0fa-0eb726f8bb14,Sigit Poekel,3,"tolong untuk bank DKI kok buat transfer ke bank lainnya tidak bisa,ini sudah hari ke 10.",2025-04-08 09:12:19
c3d361e0-c160-4d24-8272-380d61bce239,erna sari,1,parahhhhhhhhh,2025-04-08 09:08:17
978b799a-ba36-4a10-b0d2-4f409e7494cb,Andry yana,1,aplikasi cuma bisa lihat nominal. kaga bisa transfer antar bank atau ewallet lain. sekelas bank daerah gini amat.,2025-04-08 09:03:47
295e9689-787f-43bc-85fa-62bd0f4fd715,Fadli Chever,1,aplikasi paling terparah..,2025-04-08 09:02:45
4f116583-2e11-4199-a72f-f78efe4e8507,amalia hasanah nur ahlina,1,Maintence kok lebih dari 7 hari. Menyusahkan banyak orang gabisa transaksi di libur lebaran,2025-04-08 08:59:14
cfa49545-1e9a-48fb-a018-451bee2b9b51,velin doren,5,hallo Bapak/Ibu mohon diperbaiki jackone mobile'nya karena tidak bisa di gunakan.,2025-04-08 08:52:50
e4e02f71-2646-41b5-99eb-0067141b0c98,Feri Dulpatah,1,"aplikasi semakin lama semakin ga jelas saya beli pulsa selalu gagal melulu di pemberitahuan dan saya cek saldo tiba tiba sudah kena potong saldonya mana pulsa juga blm masuk dan aplikasinya juga selalu lemot, nih saya pake aplikasi ini gara gara gaji kalau ga gara gara gaji ngapain saya pake aplikasi ini ga guna.",2025-04-08 08:48:38
a28fdc10-d529-40e4-a4b7-d7768276e5ce,Rm,1,tidak ada opsi transfer antar bank,2025-04-08 08:47:03
a3bbc2dd-1c1c-4d2b-9a8b-1df0b4130c92,alfin Doraemon,1,woi tolong lah buat qris gak bisa buat tranfer gak ada apalah ni apk,2025-04-08 08:22:34
e428afb2-5461-4f02-b40f-2d7ed2b2e35b,Galiliga 17,1,sudah lebih seminggu ini ga bisa di akses bapuknya ampun dah.,2025-04-08 07:48:17
2c7f823a-c147-4d16-b29c-3864ff87ded7,Rizky Juniarto (Qjo),1,"aplikasi perbankan yang paling parah , semua pelayanan hancur ,",2025-04-08 07:35:44
99d314ed-dc0a-40e8-88c8-2ba8e2c4184d,Sri Sumanti,1,"Bikin susah orang!! Lebaran² kartu ATM ga bisa, Qris bantet, ambil di ATM lain ga bisa, transfer ke bank lain ga bisa. Maunya apa coba?? Payah",2025-04-08 07:31:52
e0fa59fd-19cc-47f0-b100-8e687f99c2ad,A.Kesuma.W Moelyadi,1,"mau koment yg buruk tp udh bnyak yg mewakilkn,smua komenan yg di bawah sma yg kita alamiin,,ini bank BUMD kan,knp gx respon sma nasabah nya ya,,??????",2025-04-08 07:31:25
5e865930-7136-41d0-acef-469bdc37cff5,arief dicky setiawan,1,Aplikasi jakone sekarang buruk tidak bisa transfer antar bank,2025-04-08 06:32:55
eb18116a-f6bf-4095-a454-2cd92ad85a6e,Fachry Auliya,1,kacau udh 2 minggu aplikasi jakone gk bisa di gunakan. orang mau tf ke rek dki pun gk bisa🤦🏻,2025-04-08 06:22:19
2a56de49-2f3d-4e76-83f7-0fae78ef3198,Prasetio Wicaksono,1,buruk,2025-04-08 06:17:15
08918bf7-68f2-49ff-8188-a264fad5bb63,Sunarsih Bbs,1,"aplikasi error, tidak bisa untuk transfer ke lain bank",2025-04-08 06:13:21
48648110-fcef-4305-ad64-77a4ef733139,Naurahfad 25,1,"aplikasi sampah, kalau bukan karna gaji udh gw apus dari kapan tau. mau tf antar bang ga bisa, pindahin saldo ke ovo/dana/shoope pay juga ga bisa. udh seminggu lebih bermasalah tapi ga di perbaikin juga",2025-04-08 05:55:58
7060052b-6492-4a3f-afdb-824816a84455,Syakira Indri,1,"kegunaan mbanking untuk mempermudah transaksi tapi ini bisanya cuma untuk cek saldo doang, TF ke bank lain tidak bisa, TF ke uang elektronik jg tdk bisa, sudah berhari2 seperti ini!!",2025-04-08 05:44:45
dac86042-8e83-4571-aeb0-fc81ec2dfeee,Abdul Gofur,3,payah 👎👎👎 sekelas bank yang katanya punya bank ibukota masa transfer ke bank lain dan ewallet tidak bisa di gunakan hapus aja dari playstore kl aplikasi ga ada fungsinya,2025-04-08 05:43:35
94ac5587-94ef-4498-8602-18f0476aec9b,Joni Indrawan,5,pelayanan bagus,2025-04-08 05:41:57
7199a5f9-9fb6-4241-8971-a4b309e33cf8,raden ilham arief prasetya,1,kocak tranfer ebanking ke bank lain ikutan libur cuti bersama lebaran,2025-04-08 05:34:49
8faf77d1-b949-4919-a074-8bf6270634e3,Gaffar Arman,1,ni aplikasi ga bs tf k bank lain,2025-04-08 05:10:19
1613548b-47bd-4e3e-aac0-7da12d980c99,Wahlan Al-Ayubi,1,satu-satunya bank yg memiliki masalah fatal dalam maintenance yg merugikan nasabah.. dikala nasabah membutuhkan Mbanking dikala liburan lebaran untuk berbagai keperluan malah tidak bisa digunakan bahkan di kantor bank nya aja pelayanan sangat2 terbatas.. ini Udeh kelewat batas.. yg rugi bukan 1 atau 2 nasabah saja tapi semuanya.. dan bayangkan berapa ribu nasabah yg anda rugikan dari kasus ini hanya karena mbanking nya tidak bisa digunakan.. copot direktur operasionalnya dah mending..,2025-04-08 05:03:39
8bb9365b-cddd-443f-a07e-c6a19e6d93dd,Teguh Riyanto,1,aplikasi busuk,2025-04-08 05:01:04
d7bbbed2-b8c4-494b-a7b1-04b6e18f7af1,MOCHAMMAD WILDAN S R,1,Transfer ga bisa sering maintenance giliran bayar pake Q-Ris gagal mulu kan malu di depan kasir ga bisa bayar pake m-banking DKI. akhirnya ke bank sebelah deh,2025-04-08 04:48:14
1b7cc2d4-f4a1-40c8-b8bf-99de58b17543,Kepegawaian RSUD Kepulauan Seribu,1,tolong lebih peduli sama customer.. pelayanannya ga ada yg bisa digunain sama sekali dari cuti bersama lebaran smpe saat sudah masuk kerja.. prioritaskan nasabahhhh nyaa !!!!,2025-04-08 04:38:12
6f4aa781-4948-478e-bc13-5cdf6e354de9,Yasa Wicak,1,maintenance kok lama banget,2025-04-08 04:08:53
33797c98-e287-44f8-a4f2-7e7618b4606e,Henjae Coffee,1,"Bapak Ibu Manajemen Bank DKI. rekening bank dki adalah rekening gaji. dimana sebagian besar (bahkan seluruhnya) uang kami ada disini. saat lebaran kami butuh banyak pengeluaran, tp uang kami tidak bisa diambil, tidak bisa ditransfer. padahal kami banyak kebutuhan yg harus dipenuhi. banyak rencana gagal. kami juga terpaksa mengecewakan banyak orang. sebagian dari kami yang punya tagihan KPR, KartuKredit dll terpaksa tidak bisa membayar tepat waktu. akibatnya kami harus menanggung denda.",2025-04-08 03:47:23
2603759f-2dbb-4631-bd20-9c722a410d9f,Panji Bernady,1,gangguan saat liburan lebaran itu nyusahin banget asli,2025-04-08 03:45:10
13c3d34c-b0e8-4852-87e5-416327d2088d,IPUNK REAL,1,ga bangettt deh . menu transfer antar bank aja ga ad .kecuali yg udh pernah transaksi . kalo bukan krna gaji ga akan mau instal .,2025-04-08 03:45:05
05cd7c05-be43-456d-b60a-c2baf3cdf393,EDY WIDODO,1,"Pelayanan saat libur lebaran 1446H sangat merugikan nasabah, tidak bisa tarik tunai di ATM Bersama maupun transfer beda banK.",2025-04-08 03:36:07
24640ce4-8906-48c4-8fd7-0c5935ef95f9,Anwar Zaelani,1,Error sudah lebih dari 5 hari. hadeuh,2025-04-08 03:27:33
7a7c7c20-b4c0-498e-becb-09f018b93081,Peter Parker,1,"Error' terus, katanya habis perbaikan tapi setelah perbaikan malah tambah error'.",2025-04-08 03:24:53
e0fbd79d-d731-4635-8648-9a4c955ed379,Muhkamat Solihin,1,It's been a week since Eid fitri 31st of march 2025 up until I wrote this message. I still can't send any money towards different bank. suddenly the menu was dissapearing. How can it be?!,2025-04-08 03:09:22
05f47efb-b737-4063-bf39-4f14054d62c9,Dedi Gunawan,1,Kenapa sekarang kaga bisa transfer ke bank lain?,2025-04-08 03:08:29
b273c8bb-81b4-40bc-8078-994772f43743,Zebhe NewBie,1,dah lah cukup tau,2025-04-08 03:07:48
6713d58d-a6f0-473c-94ad-32a7b5ac6374,Ikhsan Maulana,1,aplikasi sampah hampir tiap bulan eror nyusain banget transaksi qris sering gagal + transfer ke bank lain sering juga saldo ngendap ga terkirim,2025-04-08 02:58:04
eb49b60c-9eeb-49e6-b292-d9180f413e98,Febri Widiyanto,1,aplikasi Mbanking paling bapuk... klo ada bintang -1 .. gw kasih nih,2025-04-08 02:57:48
489d8260-0c9a-45e9-8235-9166eed50a54,Linda Fitriana,3,kok menu transfer antar banknya hilang? jadi bagaimana mau transaksi nih?,2025-04-08 02:40:54
23d70582-be20-4640-8553-90c49e8f4ff7,Edi Purwanto,1,ini knpa gk ada layanan transfer ke bank lain... sedangkan sy jauh dari ATM DKI,2025-04-08 02:37:30
6f61ce68-2c7e-442f-a798-29a70204de97,NY yusuf,1,"ampas bener, klo bukan karna gaji males gue pake bank ini, transfer ko cuma bisa ke sesama bank dki doang, kocak",2025-04-08 02:29:59
4e1db38b-fcf4-4217-93b1-ec94f2c8c585,Untarti Eko Nofiatun,4,kenapa jakOne sy fitur transfer tdk ada menu BI Fast dan transfr antar bank,2025-04-08 01:45:19
24bfd4fd-d6db-4d80-8568-af701a8398ae,Indra Ramadhan,1,ini gimana sih udah berapa hari ini masih ngga bisa aja melakukan transaksi ke bank lain,2025-04-08 01:25:36
be6ea153-04a3-4227-bbd5-0f90392f64a5,Gandy Frans Metias,1,Ini kenapa QRIS nya gabisa sih haduhhhhhh,2025-04-08 01:25:26
5ee0c46a-1db9-424e-b444-6b97fb8c266b,Wet Gedang,1,aplikasi paling jelek sedunia,2025-04-08 00:54:15
42ca4dc3-b66f-443c-970e-f4541a384f18,bapakkau pup,1,"mimpi pengen jadi kota global, bank daerah aja susah bener. lemot, pada ilang fitur nya, bentar-bentar koneksi terputus padahal jaringan sangat bagus. hadeuhh meresahkan.",2025-04-08 00:51:11
6609b301-a31b-45d3-9fcd-914d8a8bb381,Mamay Gumelar,1,cocokny sgni,2025-04-08 00:39:05
93483da4-d472-4113-9786-689e8fa88faa,Radinal Utama,1,"aplikasi m banking paling kacau,lagi musim lebaran transaksi lg rame2 a malah gak bisa transaksi.mending BCA aja",2025-04-08 00:33:06
84c6bd60-06f0-4f67-957c-66e2642428e6,Ma Mu,1,"aplikasi paling kocak, orang cuti bersama lebaran, nih aplikasi juga cuti, ga bisa TF ke bank lain, ga bisa isi shopeepay dll..",2025-04-08 00:33:03
0110fa7e-6900-445f-9105-18feeac44b72,hambali albangbali,1,selama libur lebaran aplikasi tidak bisa digunakan....sangat menyebalkan,2025-04-08 00:27:19
915fcc65-45b0-4595-9f8f-fdbef2da8414,kanzaki kaori,1,"bi fast diilangin maksud apa coba, nyusahin aja",2025-04-08 00:11:34
799b8719-7fe4-4d7b-b479-a62b6e7ba8f7,Muhammad Faruk,1,"sumpah dari awal lebaran sampe sekarang gabisa transfer ke ATM lain , aplikasi paling menyebalkan yg pernah saya temukan",2025-04-07 23:51:27
e2223bca-b35f-445c-9c93-e87999aea659,Gie Kayangga,1,"Bank bikin gue susah,disaat butuh gak bisa di ambil di ATM Bersama....!!!! Nyusahin Luh",2025-04-07 23:47:53
c2405852-637b-4c7e-b846-55810c8098d6,Taurus Boy,1,"Aplikasi SAMPAH dari tgl 1 sampai saat ini Ndak bisa buat transfer mending dihapus aja jangan diposting di playstore.... lebaran di kampung mau ambil uang Ndak bisa transfer antar bank juga Ndak bisa malu pakai nama DKI, ganti nama bank Gono gini",2025-04-07 23:42:10
96f84bfd-c7f2-44a6-bbf6-b3b8689336d7,Tintannia Salsabila,1,"aplikasi yang sangat sampah, kalo bukan karena beli listrik via aplikasi udh gue apus dan enggan bgt nggunain aplikasi ini",2025-04-07 21:04:31
ae79e911-af9a-4bca-b885-678db4500021,Siapa Ajaaa,1,mbanking sampah levaran gk bisa transfer antar bank,2025-04-07 20:56:58
51810632-fbce-4a06-b86d-3286433a1f0a,Idris Hidaya,1,"tolong dong di perbaiki, sampe sekarang mau transfer antar bank gabisa, e wallet juga gabisa. gaada tindak lanjutnya kah dri aplikasi ini?",2025-04-07 20:54:01
afe6eae1-18ce-4d72-98ba-3b2f927ebd92,Jegeg Elite,1,Payah pada bikin semua orang pusing,2025-04-07 20:43:25
49423857-d10c-4476-9e8a-3be91260f11d,jejen juanda,2,"Sayang banget di bulan ini lagi error, nggak bisa transfer ke bank lain dan top up e-walet lain.",2025-04-07 20:30:15
15e354a3-9ebd-4639-9a16-0ab0cca3c24c,Patric Rizal,1,"no coment dah, mbanking ada untuk memudahkan bukan untuk menyusahkan..👍 kasih *1 bkan untuk merendahkan, tapi biar ada perbaikan👍",2025-04-07 18:23:24
1906f0e2-2b0f-402b-91ee-04727da0e3e8,Hanif Az Zahrawani,1,"sudah hampir seminggu masih ga bisa transfer antar bank, ini mau sampai kapan? udah melakukan pengaduan melalui email tetap aja ga ada kepastian kapan bisa selesai ini masalahnya? coba pastilan tanggal berapa transfer antar bank bisa digunakan?",2025-04-07 17:50:48
4cfadcc3-ace3-4e3f-af12-e015eee3ac72,adila ace,1,mundur ajalah direksinya saat lebaran kok error,2025-04-07 15:55:43
82ffef00-7003-460f-bfe9-9e7ee0b5e4e9,pangeran suryo,1,"jakone paling terburuk di banding bank lain,ada garongnya taun lalu masa stiap gajian saldo sya ilang mulu 250 kadang 200 mangkanya skrang pas gajian lngsung sya pindahin ke bank bca lebih aman,tambah lg baru kemaren pas hari raya waktunya pada blanja apkikasi eror seminggu lbh ga bisa tarik apalagi transfer bikin susah nasabah semoga kepalanya mengundurkan diri saja demi mengembalikan kepercayaan nasabah,tolong tambahkan atm setor tunai di perbanyak seperti bank bca",2025-04-07 15:47:40
1c9f4f44-6b43-4a42-a5ec-efe41b196c3b,Nita Oktaviana,1,"bi fast ilang,, qris gak bisa dipakai,, transfer antar bank gak bisa. aah kenapa jadi jelek bgni,, padahal tadinya aman² ajah",2025-04-07 15:22:42
50157f60-ff25-41d1-90c9-ec5b55b2fb59,Jazillatul Rizkiyani,1,"susah banget pake ini... mau tf antar bank gabisa, e wallet nya juga ilang semua. percuma aja punya saldo tp ga ngerti",2025-04-07 14:58:18
16d72c8e-6cbc-4848-8d90-586891264751,Dhika Firmansyah,2,Ini jakone mobile lagi kenapa ? Ga bisa utk transfer ke bank lain dan top up,2025-04-07 14:45:52
b41943ec-1d82-40f5-8eb8-b1655d50230d,Sarifudin Didin,1,"pelayanan gak memuaskan via aplikasi jakone, mau transaksi via QRIS gak bisa gagal trus, mau ambil tunai di ATM DKI pun gak bisa gagal kecuali tarik di atas 1 juta baru bisa, dan untuk layanan transfer ke bank lain juga tidak ada dan layanan BI FAST juga di hilangkan dan sampai saat ini juga layanan untuk pembelian pulsa atau transaksi lain gagal tetapi ada yang saldo rekening ke potong sedangkan transaksi gagal, tolong team IT DKI di perbaiki sistemnya, cari ahli IT yg lebih kompeten di bidanny",2025-04-07 14:22:28
dbe3c874-87bd-4d45-aa4c-99f0cab9da92,yadi bray,2,ini gmn kak jadi nya ? masih belom bisa yahh tuk menu Transfer ke Bank Lain ? dan Virtual Account nya jg belom bisa / gak ada Menu nya ?? sama Qris nya ??Terimakasih,2025-04-07 13:56:42
71964452-cdce-4c6c-b9ee-e792c8c981b2,Sebut Saja (Limbad),1,"Saya yakin, manajemen bank pasti tahu maksud dari banyak nya bintang 1. Karena 1 pelajaran penting yang dapat diambil dari lebaran tahun ini. Kalau bukan karena gaji, aplikasi ini pasti sudah hilang dari aplikasi android se Indonesia.",2025-04-07 13:43:38
7a3ea76a-3d12-454a-b2ec-d39ae540c0d2,Julia Restu,1,"Potongan bulanan nya gede bgtttt, tapi apk nya sangat tidak sesuai. dan sama sekali tidak memberikan kemudahan dalam bertransaksi. Udah kelamaan masalahnya dibiarkan, dari sebelum lebaran sampai orang orang dah balik bekerja lagi, tapi sistemnya belum juga diperbaiki. harusnya IT bank itu gak ada hari libur panjang, dan pnya Shift nya tersendiri. tpi knpa seminggu lebih berlalu gak ada hasilnya. ini IT nya pada gak ada yg mantau sistem apa!!!",2025-04-07 13:42:53
56666298-fc07-4def-b464-1acd5a6dcb95,Johan,1,setiap lebaran selalu eror mohon cepat diperbaiki sistemnya,2025-04-07 13:18:59
5e37952f-4dee-4618-a1d5-110fb5561f53,Selvy H.N,1,"parah banget gabisa tf ke bank lain, gimana ini tapi untuk biaya admin terus berjalan.",2025-04-07 13:00:28
567858f3-08b3-4b74-902f-73a443d1d013,Angga Prasasta,1,mbanking paling parah.. dari tahun ke tahun kek gini teruss apa lg pas momen lebaran sama setiap gajian pasti ga bisa kebuka .. kecewa saya sebagai nasabah. kalau bukan karna gajian udh mls .,2025-04-07 12:49:10
82a30dc3-939e-4115-9662-3eb83c3fd017,Zaa Rezaa,1,"saya juga kecewa sama perubahan yang ada di menu""nya, pencairan dana sangat sulit",2025-04-07 12:23:41
3d004ca2-8c3c-42b0-a650-9002421f1437,zulkifli paldana,1,aplikasiny sangat bagus terutama pda tanggal 30/03/2025 - 07-04/2025 tidak bisa transaksi sehingga bisa nabung dan uang tidak habis terimakasih.,2025-04-07 12:16:11
731b40fc-c14c-4aa0-bf6e-3af3f27367c1,Reinhard George Sirait,1,"saya pengguna Bank DKI belum pernah sekecewa ini!! dari tanggal 31 Maret 2025 sampai 7 April 2025 tidak bisa digunakan bank dki ke bank lain. ini bank BUMD loh, kok gak bisa profesional dalam pelayanan?",2025-04-07 12:13:31
f9d88cb5-4b38-49e5-86f5-e92c78a96aed,Stya Wans,1,transaksi sulit jaringan g masalah tapi koneksi terputus silahkan coba lagi makin gak jelas menuh2in ram hp... ampe qris aja g bisa di pake hadeuhhh susah kalo urusan sama bang lokal...,2025-04-07 11:28:11
01e77376-7774-4b29-bed7-762221d66181,Romi Anto,1,"sepertinya IT nya sedang Libur lebaran.Tidak ada yang mau stanby,erorny tidak segera di perbaiki nunggu selesai libur lebaran.",2025-04-07 10:51:56
4dee5f95-af4a-4b7e-b2e8-39ba259a667d,Unknown Din's,1,"mau sampai kapan gak bisa transfer dan transaksi lainnya ??? harusnya sebagai perbankan itu harus profesional jangan kaya gini , kecewa SAYA !!!",2025-04-07 10:43:14
04d033e9-2792-46a3-8c62-81262f824bf0,Derajat Habibi,1,udah lebeh dari 7 hari ga bisa tf ke bank lain,2025-04-07 09:25:32
3d66fd59-7dc7-446b-9808-58b25f85b31d,Wa Pemilik Toko (083136379614),2,kenapa aplikasi ini skrng tidak ada top up ewallet seperti ovo dana dll,2025-04-07 09:15:30
623a1a49-0587-43ad-9720-ca00ed4a6df6,Setia Prasetyajanuareka,1,apalah ga bisa tf dan semuanya,2025-04-07 08:57:19
cc495919-2d16-4581-8c5b-4cb4c0bb63dc,OKI Oktafiandi,1,"alhamdulillah lebaran saya kali ini berjalan lancar, tapi duitnya ketahan, Terima kasih bank DKI",2025-04-07 08:56:08
fd9af944-dd05-4e99-93e1-0e37a925661e,Elmina Soesanto,1,"tutup aj bank dki,ga pantes jadi bank daerah apalagi buat jakarta",2025-04-07 08:48:37
369e35eb-4d87-436a-b489-97f9986240f3,Sugiyanto,1,"mbanking sampah, transfer keluar/masuk bank lain gak bisa, bangke emank ni bank dki, kalah sama sistem ovo",2025-04-07 08:41:39
f2507524-5290-483f-81be-f44375e23bbe,Anna Nurhayati,1,kenapa menu jak one mobile pada hilang dr top up dana sampai transfer ke sesama bank ga ada semua...kapan menu2 tersebut muncul lagi.tlg d jelaskan buat pihak terkait🤦‍♂️,2025-04-07 08:30:36
530bd5bc-6c96-4bee-b2ab-f245dd7d6c6f,Pang Shoei,1,Aplikasi mbanking bukannya mempermudah malah mempersulit.,2025-04-07 08:30:09
2b6b44e8-93ed-4621-91e6-3ac57c096128,abdul sukur,2,belom bisa melakukan transaksi apapun dri sebelum libur lebaran,2025-04-07 08:22:42
0be96ee2-bfc5-4f17-8696-4757b90b64ca,aditiya permana,1,"dari awal libur sebelum lebaran sampe hari libur terakhir senin masih aja kaga bisa , parah parah",2025-04-07 08:19:00
c6d5bc21-8e50-4996-a3bc-d5399b540e3b,M Kurniawan,1,udh seminggu ga bisa tranfer ke bank lain error . apa ga ada solusi apa aplikasi gini mulu,2025-04-07 08:15:11
f785ecca-ec13-4c4a-b776-0f491d8cfe29,Muhammad Ramdhani,1,mobile banking dengan aplikasi terburuk di indonesia.,2025-04-07 08:14:41
d61838c6-650a-41c4-8dfa-a6676579b81b,Muhammad Nuruzzami,1,"aneh bgt dari awal lebaran smpe skrng beloman bisa transfer bank, ke AtM ny nya jg kadang"" eror mulu hadehh, (eh katnya si nunggu cuti bersama dulu baru dibenerin kacauu) wkwkw",2025-04-07 07:49:14
875753e9-8632-4f65-ae87-aa12c4838e30,BZA BZA,1,bank bobrok..aplikasi bobrok..ga rekomen..make bank ini karena payroll aja kalo gaji masuk langsung gw pindahin ke BSI atau BCA gw..ga rekomen ga rekomen,2025-04-07 07:21:42
544870e2-93f7-4743-bac4-7fa09d44678d,Luqman El ghifary,1,"kalo ga butuh idah saya hapus ini aplikasi, masa mau tf ke bank lain gak bisa hanya sesama dki aplikasi gila",2025-04-07 07:13:47
711c6141-af94-42e4-8759-5c0c3c3c7fd7,said lubis,1,"ini sudah tanggal 7 April 2025,masa menu transfer ke bank lain belum ada juga,ini saya mau membayar hutang,kalo begini caranya bagaimana saya bisa membayar hutang, apakah kalian mau menanggung dosa hutang saya",2025-04-07 07:11:07
8d4f10d9-e545-4a45-8598-ed8be8b22674,Dovinda Rd,1,"org lagi mudik malah maintenance seminggu lebih, benar benar-benar merugikan kami sbg pengguna, mana setor tarik tunai sering bermasalah, transfer uang sering pending, sampai kapan akan spt ini?",2025-04-07 07:05:28
e64bd03d-7fc0-4e68-b077-dd4bd50bcab4,Achmad zakaria,1,aplikasi sering eror,2025-04-07 07:05:14
aa6a8364-68ee-41c5-864a-cb0ea8b004ee,Dedi Ayy,1,gila si udah seminggu lebih transfer antar bank lain masih belom bisa.. sampah banget,2025-04-07 06:18:31
0e527841-9d5d-46ae-9151-fb41203e7fcb,Bibir Lancip,1,bintang 3 udah skr bintang 1 ...bikin susah customer ajah.. Sampai tanggal 7 April 2025 siang ini belum bisa digunakan untuk transaksi..mau sampai kapan ini Jak one bgini?,2025-04-07 06:13:45
7681596c-e7b6-48ce-8b47-9fedd4ff9562,Ir One,1,"aplikasi sampah tidak bisa transfer antar bank, tidak bisa bayar dg qris, tdk bisa top up uang elektronik. klo bukan karena gaji udah diapus",2025-04-07 06:13:05
0f124470-d20a-440b-a69b-4542c7a8fcb3,Youz Cen,1,aplikasi 👎👎👎,2025-04-07 06:09:01
1369b6df-4896-4019-85e8-f9aa1ce6f29a,Dellia 1KA03,2,kenapa ya kok tidak bisa tf antarbank... padahal sebelumnya bisaa? kalo sudah bisa akan saya tambah rating nya,2025-04-07 06:00:45
ac762eb0-3350-4526-8970-df7babb44228,Nandang Priatna,1,"Ini Bank klo bukan dipake buat pembayaran gaji PNS DKI udh bangkrut dr kapan tau kali, Bank Daerah tp gak bisa maju walau didaerahnya sendiri kalah sama tetangga sebelah, bayangin klo orang gak punya rekening lain ketika mau transaksi tdk bisa gmn coba?!!",2025-04-07 06:00:34
a5e84ae2-82da-447d-912f-4d32f9f1b755,Yehuda Rianto,1,ga bs transfer dh seminggu mau bayar kuliah jd terhambat sm ini bank mana gundar kerja sama nya ama bank jelek ini😊 sehat² bank dki,2025-04-07 05:54:52
c010d3b8-a199-4130-8888-60d54348b67a,Ummu Nurul,1,sejak 4/4-2025 tidak dapat transfer ke Bank lainnya? Mengapa?,2025-04-07 05:43:32
d2cc7fac-2ff9-4022-be12-7a3d2ee497c8,eff ndey,1,"masa perbaikan sampe bermingguan, bapuk banget dki.",2025-04-07 05:39:03
9a4b6a34-229f-4e6b-9c11-5741076fd1a5,albukhori puri,1,parahhh,2025-04-07 05:33:02
5c443e41-dbae-4005-8bfd-497dd373d1d9,Ahmad Tasrifin,1,sementara 1 dulu...saya isi pulsa gagal tp kedebit...kira kira balik ga ya,2025-04-07 05:25:23
4600cc12-91d9-4662-95b4-c2b46c61e438,destama115 destama,1,"mbangking dari lebaran sampai skr blm bs transfer ke bank lain sedangkan lebaran butuh bnyk pengeluaran,",2025-04-07 05:20:06
4b6610fb-ca23-49d4-8ea9-e98bfca508e8,Embos Sayuti,1,"jakone makin busuk beli pulsa aja gak bisa,gagal trs.,gmn ini apa gak ada keinginan untuk ngbenahi.",2025-04-07 05:03:17
b5c6941b-ef3d-4fdc-a066-197779ea965f,Muhammad Yusuf,1,maintenance yang merugikan,2025-04-07 04:56:59
b517d008-8ace-49fd-874b-5bdd3614f341,Nurul Muslikhah,2,"ini aplikasi kenapa iyakk. susah banget mau aktivasi,",2025-04-07 04:56:18
a173a439-ad3f-4555-b52d-d30b9c11e93c,Tria Sari,1,parah banget mau transfer antar bank aja ga bisa layanannya ga tersedia,2025-04-07 04:55:18
a72a6324-a8c4-4406-a5ca-cdb85332cd7e,Kartika Sari,1,buruan deh dibenerin mau tf susah ah elahh.,2025-04-07 04:33:06
db9ddcec-785c-43d2-ae29-f8b754cb9726,JUZE,1,bank paling parah sei indonesia rating udah hancur sekarang tambah hancur hanya karena momen lebaran atm maupun m-banking DKI tidak dapat digunakan sama sekali masyarakat sudah pada kecewa sama bank DKI,2025-04-07 04:06:50
7c59232a-eda2-464f-8a26-ee5dc30328bc,Toto Supriyanto,1,"ancur ini qplikasi, ga jelas penyelesaiannya, kalau di tanya yg jawab robot, mau di kata2in jg jawabannya tetep sama",2025-04-07 04:04:41
713465d1-99ea-4186-ad40-9434b740925c,arthur morgan,1,"Sangat tidak bisa diandalkan, tidak bisa transfer ke lain bank, sudah lebih dari 2 Minggu.",2025-04-07 03:45:14
f5f11038-5554-4134-9551-111289918f67,Susan Budiarti1908,5,"Ada apa dengan Jackone mobile, aku mau melakukan transaksi jadi tidak bisa mohon penjelasannya, terima kasih",2025-04-07 03:40:16
b8860f6d-a28e-4b07-a825-001a0657f4c3,Anzas Adisecha,1,"hahahahaha, APK busuk semua layanan tidak bisa",2025-04-07 03:37:47
7ba96481-cddc-4c8a-b1ac-4fcbd3055edf,eno generasi biru,1,"Luar biasa, Bank DKI! Di saat semua orang butuh akses mudah untuk silaturahmi dan belanja Lebaran, kalian justru kasih kejutan transaksi error, saldo ngumpet, layanan hilang entah ke mana. Memang, hanya bank pilihan yang tahu cara merusak momen spesial dengan elegan.",2025-04-07 03:31:30
79c84af7-d8dd-4e3f-8836-44144b0c5219,Deltyn PU,4,oke,2025-04-07 03:27:08
71d9299e-361b-475f-b436-47ed2eb7c799,lizar hikmatul,1,"banyak masalah, penanganan lama.",2025-04-07 03:03:18
c63f3b3f-3eb9-494c-b21d-16f321a1b946,Nurul Khikmah,1,bintang 1,2025-04-07 02:58:30
a037dc47-b67b-4983-8639-5beceaa5801c,Iswahyudi SPd,1,"mohon di perbaikilah, rempit gak ada transfer ke bank lain, e-wallet nya error",2025-04-07 02:44:01
981ebbc6-a300-480e-91c2-fd56bfb931ca,Kelas Online,1,"dah beberapa pekan (Maret-April 2025) mau transfer antar bank gak bisa, hari ini coba pembayaran QRIS ga bisa. mau transfer ke bank lain : 1. tarik tunai di ATM dki 2. datang ke bank yang dituju (bank lain) 3. setor tunai di teller",2025-04-07 02:40:38
e307f7a8-1e2d-4c81-a44b-c073d618631e,Pupu Srirahayu,2,percuma download nggak bisa dibuka,2025-04-07 02:36:13
51890e3b-e692-4feb-ba9b-6c642cfa8737,rachmadi Madi,1,aplikasinya jelek. mau Log in aja lama di tambah transaksinya malah ga bisa digunakan. sumpah ga guna banget. udah pembiayaan nya mahal.,2025-04-07 02:30:53
67981c85-000b-41be-97ea-769949ff35cf,Nurul Afani,2,"udah berapa hari ini, fitur banyak yg hilang. mau top up ewallet gak bisa, trf beda bank gak bisa gak guna",2025-04-07 02:29:06
9f9641c4-75b2-4e49-a892-0092331aa8da,Rizky Fadli,1,penanganan lambat jika terjadi error sistem. sering hilang pilihan transfer ke bank lain(bi fast).. sering gagal ketika login...!!!,2025-04-07 02:20:58
2c94e268-24a1-4731-9607-7c05ab75c3b1,Yuliana Puspitasari,3,sudah ga ada layanan trf ke beda bank yaa? BI Fast?,2025-04-07 02:18:59
eb9bf4c4-c1c9-4dbf-bf08-84b5693140c8,agi prayogi,1,Tidak bisa transfer ke rekening lain atau e walet 👎🏻👎🏻,2025-04-07 01:56:17
4b86a7bc-247f-4696-9a3e-10cca171bcdb,Arif Julistiyawan,2,"sering bgt bermasalah ini aplikasi parah, kmrn transferan sering gk masuk dan selalu nlp cust service, skg menu transfer beda bank gk ada.",2025-04-07 01:53:18
44c71ee6-0cff-41ea-b14a-ce606bf84d11,arif rahman,1,"setelah banyak nya org yg berkomentar buruk tentang ini aplikasi masih aja tetep seperti itu tidak ada niatan diperbaiki ya dari pihak bank dki, oh iya jgn kan aplikasi yg rusak, keponakan saya aja susah cairin kjpnya dengan alasan kartu nya gk ada lah atau dengan alasan tidak logis lain nya",2025-04-07 01:25:52
de34572d-400d-4be9-aaba-c90a829692e1,Fadil X-frontal,1,"nih aplikasi Mbanking paling buruk, nih kita dipaksa buat ganti tabungan kalau gini, dala seminggu kalau blm bisa akses transfer ke bank lain, dana dll. saya pastikan tidak akan memakai lagi aplikasi Jakeone mobile, saya bakalan beralih ke bank lain sekalian",2025-04-07 00:32:37
15eea4a1-ebd2-42e2-a1ab-71594752f99a,Labib khairi,1,"Harus dapet award sebagai bank terburuk ini, bisa-bisa nya gangguan transfer antar bank daru sebelum lebaran sampai sekarang",2025-04-07 00:00:53
f4af3f73-6bf8-4cf5-b84b-64237a75c4fc,BangTayo Gaming,1,ga jelas ga bisa transfer ke rekening lain sama topup ovo dana dll makin lama makin sampah,2025-04-06 23:53:32
01ed6f66-eb57-4cb3-a31c-0b762d55c4be,misspurple osni,1,"sebenernya niat apa engga sih bkin mbangking ? maksud dan tujuan mbangking kan untuk mempermdah transaksi, lah tapi kenyataannya jakone cm.bisa buat cek saldo saja, g bs tf ke bank lain atau virtual account, kecuali bank dki saja. nyebelin. tolong dong dibenerin. terima kasih",2025-04-06 23:52:43
a1a6da99-6bbd-4f3b-a353-417a450986e1,Syamsul Arifin,1,Coba saja nanti juga ngerti kenapa bintang 1,2025-04-06 23:21:04
47711c59-cd13-4628-9a01-e56663fadee1,Hideous RAR,1,"Gaberes bgt, dr tgl 2 gabisa TF ke bank lain.",2025-04-06 23:15:15
700cf3e3-5863-4436-a3a9-88cfca207600,Umi Thizi,3,"Aplikasi tidak bisa dibuka, padahal password sudah benar. Download ulang sama saja tidak bisa digunakan, tolong diperbaiki. Sudah dicoba berulangkali, selalu ada tulisan USER TERKUNCI, padahal tidak pernah melakukan aktivitas diluar cek saldo dan pembayaran bulanan. Top Brand Digital Award 2025?? selamat ya? Semoga cepat pulih.",2025-04-06 23:02:11
222bcfd9-acb9-4eb4-98e0-78d3d8ef278e,ARIEL,1,woiii urus jaringan Lo duit gua ga bisa di apa apain,2025-04-06 22:54:02
b734f1d6-87ce-40d2-aefd-5343458c767f,putri maghfira,1,gak rekomen untuk dipake pribadi!!,2025-04-06 22:44:27
8fa2e72f-c3e9-4f8b-bf4d-66e8bf080c6c,Darabimayu Permata,1,"ga jelas, skrg udh susah mau transfer ke emoney yg lain, mau ngambil uang jg ribet sering gagal!",2025-04-06 22:13:11
c6770bc8-8f93-4bdc-aa78-6b46a441c943,Abie Rania,1,ga bisa ngapa ngapain,2025-04-06 20:36:29
1cc38b3e-0223-4ecd-bd87-cf072c271de4,Ahmad Rizal,1,"payah transaksi selama lebaran harusnya tetap lancar eh ini gangguan mulu udah sepekan begini payah ini bank,, baik di jakone mobile maupun di mesin ATM dkinya",2025-04-06 19:56:49
0b1a26a4-c0d6-4d1a-8a74-6b17464fc88e,Yores Jordi,1,ga jelas susah di akses,2025-04-06 19:42:51
d187029d-3201-434c-a2e8-14ada02e3f52,Ika Lusiani Lumban Tobing,1,aplikasi sampah.. udah Seminggu ini transaksi gk bisa.. mau tarik tunai pun susah.. kalo gk karna gaji uda ku hapus ini !!,2025-04-06 19:32:51
90f55f69-4bdf-42bc-aacf-ce408e0c5a58,Yudistira Prayoga,1,apk rusak masukin nomor hp eror mulu,2025-04-06 19:18:59
9b549fbd-9811-4522-8bef-9c054afd77a6,Muhammad Haffif,1,"bank daerah tersampah di indon, rating bintang 1 kurang pantas seharunya lebih buruk dari bintang 1, jauhhh dan sangat lebih burukkk",2025-04-06 18:32:32
9bfd6cee-818b-404f-9e97-83254eb5092f,Fajar Riadi,1,MOHON KLARIFIKASI KEGAGALAN SISTEM INI,2025-04-06 17:51:30
649ea68a-b5b9-4995-92e6-82b8567927c0,Mujadid Afif,1,"makin paraaaah nih top up uang elektronik GK ada, BI Fast baru nih sebelum lebaran hilang. ayo adakan kembali lah. masa dki fiture nya gtu2 aja",2025-04-06 17:08:28
3aff0942-4012-475a-894c-495a3ee71b1d,Rispi Setiawan,1,"ada bintang mines gak sih, makin gak kompeten ajah nih bank",2025-04-06 16:47:42
d83b04e5-c5bf-424f-b499-ac42d4facda1,Kamal 1971,3,"tolong dong segera perbaiki,nasabah sudah banyak yang kecewa",2025-04-06 16:32:05
53925ecd-24c4-42e0-8c97-1dc078c2b9fe,N Rukman,1,"Udh tanggal segini ini aplikasi masih aja blom bisa dipergunakan ini. Tolong segera diperbaiki jangan krna masih libur lebaran ini aplikasi juga ikutan libur. Kami butuh buat transaksi transfer, top up e wallet, dan lainnya.",2025-04-06 16:22:02
dca87a61-b26f-4c1f-b3f2-a329ef37c928,agung eswe,1,parah...parah...,2025-04-06 14:58:06
30730a68-a058-4f47-9381-8c49b947243d,Ramdhan Samudra,1,Maintenance sampai seminggu lebih sungguh prestasi yang luar biasa... Membuat nasabah sengsara di masa lebaran... anda layak dapat bintang 1,2025-04-06 14:41:43
ff14da0e-e111-49e0-9e4f-b160fbf52501,Ewank 86,1,parah katanya transaksi bank lain dapat hadiah tetapi di aplikasi jakOne mobile tidak ada transaksi transfer antar bank. sebenarnya penting nasabah atau info orang pihak yang lain,2025-04-06 14:16:59
20ebf861-6230-4f25-888e-aab5c342bd27,Orang Ke tiga,1,"udh brp hari ini!!! masih g bisa transfer antar bank, dan QRIS parah...",2025-04-06 14:06:55
89bbd757-01dc-46f7-bb9c-0cf9f4117e2e,Rhega Shofana Is Putra,1,bank sampah gak bisa di pake apa apa,2025-04-06 14:03:25
c0c9be46-d4b8-4abc-92d6-0dc861610d73,Bagoes Cargo,1,eeeeerrrroooorrr.... dari tgl 30 maret 25 smp hari ini.. saldo sudah di potong pulsa ga masuk. transfer ke bank lain ga bisa. ambil di atm lain ga bisa. beli token ga bisa. bisa nya apa dong?????,2025-04-06 13:57:22
e09b7986-c295-4d7c-a536-13bf0af6cf5e,Syaikhu Kirom,5,"Mohon maaf, saat ini menu Transfer online hilang.",2025-04-06 13:44:35
58ca70e5-e6ff-4eda-8a6d-1008d2002a1f,Muhkaf007 Kaf,1,kgk bisà TF KE BÀNK LÅIÑ,2025-04-06 13:12:56
c7def934-48bf-43ec-b95e-53922bfa3475,deni anggara,1,sering (banget) bermasalah ini aplikasi heran,2025-04-06 13:12:54
d90b0a08-5af8-4b27-ad30-20de4cfd9cfc,Lobster Jhon,1,emang ga punya orang IT yg pinter ya,2025-04-06 12:35:40
64eedb5f-ba0c-4f85-aefb-cfb50a5ee16e,Niar,2,suka eror bngt g bisa tranfer kemana aja g bisa mulu .... urgent bngt padhl hdehhh cape,2025-04-06 12:23:08
82b1216f-442b-4792-8703-a1a6ef4f6399,ahmad dillah,1,"apa apaan ini menu transfer ke bank lain & top up ke uang elektronik (dana, gopay, ovo, shopeepay) gak ada, tolong diperbaiki lah, sebelumnya gak seperti ini, makasih",2025-04-06 12:22:44
0e3aaf81-6336-4f0c-957c-df1fda1b2baf,Andri Achmadi,1,Bank DKI sudah membaik sejak 2018. banyak atm di wilayah publik dan adanya aplikasi jakone tp sejak 2022 pergantian direksi malah jadi jelek dengan atm2 di ruang publik berkurang dan sistem sering jadi error. Audit kinerja Direksi2 nya,2025-04-06 12:16:44
3f0bf1b1-5582-47d8-8a45-a203eae7ae9e,Dinar Rachma Kartina,1,Kecewa banget sama aplikasi ini. sering error jika ganjian masuk. dan saat lebaran 2025 udah seminggu maintanance tidak bisa tf ke bank lain bahkan tidak bisa top up mana pun. mana potongannya perbulan termasuk besar tapi pelayanannya kureng. bukannya mempermudah malah mempersulit. klo masih menerima kritik tolong di perbaiki layanannya. maaf saya beri bintang 1.,2025-04-06 12:13:13
67c945eb-e989-4944-ac1a-d309bf09c1b6,Putri Oktaviani,1,selalu eror disaat lagi dibutuhkan,2025-04-06 11:53:01
613472e3-ed64-491b-a3fe-1d14279d1c5d,Muh. Sofian Rino D.A.D,1,ini error udah lebih seminggu gak di bener benerin kah?,2025-04-06 11:49:35
f3c2104e-4723-4602-badc-6966be6bf84d,Ela Fuji Lestari,1,Banking paling tidak oke.,2025-04-06 11:39:25
e55dca3c-a63d-4bcf-ab06-889c4d83faa5,Achmad Bukhori,1,"aplikasi bapuk orangnya libur aplikasinya juga ikut libur PA, IT nya magang apa gimana ini",2025-04-06 11:32:30
bc6c0dc2-fdb2-4d5b-b8d8-1299372a5ae3,Alif Trijulianto,1,"bank paling sampah, dikira semua warga Indonesia pake DKI doang apa???? mau ngapa2in susah, mau top up dana atau Shopee pay jadi susah, mau ambil duit harus ke ATM DKI dan mau tf pun harus ke bank DKI doang. kalo bukan karna buat masuk gaji udh gw apus ini aplikasi",2025-04-06 11:28:13
c15e1cfd-c096-494e-a029-08f36c53fb55,Doni Rahma,1,"Selamat Malam Bank DKI, sedikit menyampaikan aspirasi kita sebagai pengguna setia (di haruskan untuk payrol) jika tidak bisa bersaing dengan kompetitor yang ada, mending dialihkan ke perusahaan lain untuk perbankan yg di wajibkan bagi warga DKI yg bekerja di pemerintahan dan yang lain, supaya tidak menghambat akses semua orang yg terkait untuk beraktifitas, jadi setau kami kalau maintenance bank itu hanya hitungan jam, ini sudah hampir 1 minggu, tidak ada perubahan apa apa, TOLONG SEGERA, thk",2025-04-06 11:20:11
72d0b9ed-664d-4af6-b70b-449a689e98f4,Miranti Oktavia,1,sampai saat ini belum bisa melakukan transaksi . menyusahkan saja,2025-04-06 11:04:47
ceac44ff-9e0b-42ad-9be3-b022b8857413,son goku,1,"aplikasi yg menguji kesabaran penggunya. disaat keadaan/hari penting eeh tidak bisa digunakan untuk tarik tunai ataupun transfer ke bank lain, sungguh sangat mengecewakan. kejadian seperti ini tidak hanya terjadi 1 atau 2x tapi berkali2, MENGECEWAKAN.",2025-04-06 10:59:43
2d7e4ec7-84bc-4019-ab62-df5edc80d056,ron psi,1,"nyusahin bgt sumpah... klo g bs tf k antar bank manapun, g usah bkin bank..",2025-04-06 10:58:07
547aafc6-da16-4403-8803-5fef32299853,Opik 0611,1,kenapa masih ngga bisa TF ke bank lain atau ke uang elektronik ya ?,2025-04-06 10:22:03
bddedd55-b38e-46f7-9a38-5f6745096460,Edo Suryana,1,mbankin ny gak bisa transfer ke antara bank lain tolong dong di permudahkan mbangkin nya,2025-04-06 10:21:23
10a0dbd1-4991-4fbf-b07b-458d83f9943a,Murfi Haryanto,1,"Ini serius? hari gini masih ada aplikasi perbankan yg maintenance (alasannya siy bgtu), sampai seminggu lebih. Punya aplikasi mobile tapi ngga bisa d apa2in, bayar ga bisa,tf antar bank ngga bisa, top up gopay ngga bisa juga. Orang IT nya lulusan jaman Flinstones kah? Parah sangat",2025-04-06 10:17:30
8173471e-2e1f-4d7e-b92c-5ba43ee6effa,Inda Aulia,1,"Tolonglah.. maintenance kok sampe seminggu lebih.. di tanggal gajian dan di hari raya idul fitri, mau pake uang sendiri padahal tapi direpotin..",2025-04-06 10:04:43
4659f153-6af7-4f1e-98ed-12d0b55b85db,Yogi Irawan,1,Perlu di Ruqyah,2025-04-06 09:25:30
ef38a9ff-2061-4488-a3fe-cece21b1368e,akhmadin sugiono,1,"ini kenapa dah, kok ga bisa trf ke renk lain dan Shopee pay jg ilang menu nya.",2025-04-06 09:10:09
2f7c2efc-4d32-4c4b-ac26-a984bd313f3c,Muhammad tarsoni,1,kenapa coba tf nya engga bisa,2025-04-06 08:54:44
710be8d7-b964-4894-8162-4b3a74acceaa,Lisa Adiba,1,"perbank paling kacau,udah beberapa hari ini tidak bisa transaksi dan transfer antar bank !!! tolong d perbaiki lah !!!",2025-04-06 08:28:06
8e6b6b51-699d-4273-b8e9-d0f9833a4c09,Nur Kholiez,1,"semenjak update versi terbaru malah tambah kacau Jack one mobile, ga bisa transfer ke Bank lain,ga bisa isi Dana,gopay, Shoppe DLL, maintenance ko lama kaya gini, hadueh, payah IT jackone",2025-04-06 08:25:38
70cf086b-6993-4457-bcef-e25de0116e69,Putih,1,sering eror..parah nih bank aplikasinya..nih banyak komplain dibaca gak seh sama petingginya..,2025-04-06 08:14:42
3fc7c256-5cd3-4894-ab08-761245df11fc,Hendro Prasetyo,1,"bank bapuk, mau transfer ga bisa, mana pas hari raya lagi",2025-04-06 07:57:56
f4dcb380-8b66-49ce-a1d3-04d0ad0c9986,Hailey Carter,1,bener2 mobile banking dki bukannya makin canggih malah makin memble,2025-04-06 07:19:51
424b59ed-8510-4ac5-bcfc-6e532d8f92d7,Mayon Starr,1,"aplikasi ini sering banget ngalamin gangguan. apalagi pas momen lebaran ini. telpon CSnya, malah dijawab : nomor yang Anda tuju tidak terdaftar, W. O. W BANGETTTTTTTTTTTTT. kalau tidak ada perbaikan layanan, nasabah pasti akan selalu memindahkan dananya ke bank lain.",2025-04-06 07:12:23
cc05963e-affe-4001-8f7d-351572786e59,Irfan Streetboy,1,apk tidak berfungsi dengan baik,2025-04-06 06:29:26
21b2883e-a006-42ca-ac95-10f4c767e4d5,Aksay Grupe,1,"dua kali tarik tunai,saldo kepotong uang ga keluar, udh itu via jakone transfer hanya sesama DKI,dompet Digital pun ga ada.... payah....payah ..",2025-04-06 06:03:33
989e1200-0a75-4ab1-b57a-5861259d317f,Sammy Setiawan (Samz Store),1,"Tolong diperbaiki kembali aplikasi JakOne Mobile ini, saya mencoba masuk kedalam aplikasi dan sudah memasukan nomor telepon dengan benar namun kode OTP tidak terkirim/saya tidak menerima kode OTP tersebut baik via WhatsApp maupun Messenger/SMS. Tolong diperbaiki juga layanan dalam aplikasi nya 🙏🏻",2025-04-06 05:57:59
e3a2a697-a8b8-4d4c-96b4-f76f342b992c,Leigit KEPO,1,"Makin kesini Makin ga jelas, Uang elektronik seperti Dana Shopepay dll skrng ga ada ga bisa. bahkan Qris suka eror, TF suka susah. nyusahin doang",2025-04-06 05:42:23
058f3a6d-5a0e-48e4-876e-f77476354442,ArFaz Tube (ArFaz),1,semakin buruk....fitur transfer antar bank nya hilang... hanya ada sesama bank DKI doang.... ambil uang di ATM DKI juga ga bisa ...sangat kecewa.,2025-04-06 05:39:17
4ad32f3b-95a8-42d3-99eb-44fab0c4e893,Carbon Brush,1,masa gak bisa transfer ke bank lain,2025-04-06 05:37:16
a73568ee-94d8-43b6-8716-e6a9560bef45,Wahyu,1,"So Bad, pelayanan yg penting malah tidak tersedia, sudah beberapa hari masih gaada perubahan, hanya bisa transaksi sesama bank dki",2025-04-06 05:29:12
cb86a910-a5e2-414e-8532-300836fb4543,Umi Faiz,1,Paraaaaaaah,2025-04-06 05:28:52
bad14389-22d9-49d1-b8e2-1bd73e677395,Wiken Project,2,Bank DKI Payah. transfer ke bank lain di hilangkan. potongan admin gede. tapi sistemnya nggak beres. coba di benerin sistem nya. jangan cuma mau ambil uang admin nya aja. mau beli barang susah.,2025-04-06 04:56:29
be1f1399-ba4a-44de-964c-7529f66bdf5f,Anisa Riskyana Mustaqim,1,"gaada fitur transfer ke bank lain, top up ke gopay juga gabisa",2025-04-06 04:53:55
c13cceff-a2fb-4044-8701-b124b994884d,ogi saputra,1,"Kalo bukan karna payroll udah yakin sih ga laku ini bank, buruk banget mau ambil uang sendiri aja susahnya kebangetan",2025-04-06 04:47:49
0c3c0185-4d0e-4b8b-bcf1-3042069fcbf7,Yudis Tira,1,shame on you Bank DKI,2025-04-06 04:32:49
bda2b98e-e5ee-4b4a-ba76-4ecbb4ba861e,waskito gunawan,1,sampai kapan fitur transfer ke bank lain hilang?,2025-04-06 04:25:33
c1ec48f2-88a5-4aa4-a033-88b007c9f3f7,Pijar Kost,1,dari tgl 04 april-skrg knp ga bisa login ya ada2 aja sih,2025-04-06 03:31:29
5fb19eff-82b3-47f1-a624-c32ff12f0ec0,Putra ke Lima,1,"Sering error,smpai sekarang gak bisa tf anter Bank tutup aja lah aplikasinya klo gak bisa bikin aplikasi yg canggih",2025-04-06 03:28:36
4adafaba-03d9-4cd6-97d0-a23eade9dbd2,Asep Wahyudi,1,kalau bukan karna gaji saya gak akan pakai jasa bank DKI ini aplikasi ga guna menghambat segalanya semua layanan ga guna Sangat-sangat di sayangkan untuk jakone ini di saat momen orang-orang sibuk transaksi sana-sini akan tetapi kamu tidak bisa pelayanan transaksi. Kami sangat kecewa dalam hal ini sangat sering sekali terjadi pada bank dki / jakone Mobile,2025-04-06 03:22:44
82e930be-41cb-4e09-9f71-896001481f42,abal abal,1,"mau yang DKI konven maupun syariah, aplikasi ini ga guna, jujur kecewa banget, ini may tf antar bank ga ada, qris gagal terus, top up e-wallet bener2 ga ada, jangankan itu mau cek saldo aja susah banget, tolonglah ini aplikasi diperbaiki, fix kalau memang bukan karena gaji yang dikirim via bank ini bakalan langsung UN install dah.",2025-04-06 03:20:06
b2e44f53-e12f-49e4-9368-7cbb49e37706,Rusly,1,"transfer antar bank gak bisa, top up e walet gak bisa, mau lu apaaan sih capek banget pake mobile banking satu ini. ini lebaran orang mau transfer kesana sini jadi susah",2025-04-06 03:17:09
beedb8bd-055a-4a0b-850c-2f516b8e4ba8,Sawal Anitha,1,"payah terhitung dari sebelum lebaran sampe sekarang pun gak bisa tf ke bank lain, gabisa tarik tunai di atm bersama!! mau apa2 jadi susah. lagi momen lebaran kek gini malah nyusahin!!",2025-04-06 03:16:07
11eee79e-7b77-4252-a791-8bb33f3c1dca,Wahyu Tomo,4,"ini makin kesini makin kesana, masa sudah tidak ada menu trf antar bank",2025-04-06 03:04:08
3279cfbd-03bf-49c7-9d98-fc68c8ddce45,Haris Ahmad,1,"eror semua mau top up kemanapun gabisa, mau bayar bayar gabisa, mau tf ke bank lain gabisa iyasi.lagi libur tapi masa gada staff yang bisa benerin bug nya apalagi lagi libur lebaran gini dikampung gada atm bank dki udah seminggu gada perubahan",2025-04-06 03:02:15
4602ab44-5deb-4ad3-837a-1702e9e784bb,Purganz,1,"Bank DKI ,, aduuhh Pusing... Transfer ke Bank Lain selama Libur Lebaran Idul Fitri ini kok gak bisa sih....Fiturnya Transfer ke bank Lain BI Fast di ilangin kenapa?",2025-04-06 02:55:13
017002f3-0367-400d-a294-d370d8922719,benhil s6m,1,"Mohon maaf untuk sementara saya kasih bintang 1 dulu, krna disaat menjelang lebaran sampai skrg tidak bisa transfer ke bank lain, padahal itu moment2 penting untuk bertransaksi. Mohon saran dan masukan dari nasabah agar segera ditindaklanjuti. tq",2025-04-06 02:34:46
901d8af1-5e54-4a3f-9779-d7f61c9e1bb1,samsul bahri,3,"kenapa di apk transfer antar bank tidak ada begitu aja , apalagi momen lebaran yang sangat penting. tarik di atm bersama tidak bisa.",2025-04-06 02:27:30
74984df8-09aa-4ea2-841a-c384cf6e86d3,Bagus,1,"apk nya untuk ganti pasword knpa gak bisa,sama mau narik atau tf susah gak pada bisa semua,tolong di perbaik",2025-04-06 02:08:28
d0c87b34-da30-42b2-80fb-c66a17a981b3,adhi sardol,5,"mengalami kemunduran buka kemajuan,dari awal bisa transfer antar bank skrg jd antar rekening,dari awal bisa top up uang wallet dana shoope sekrng jadi walet jackpay saja, padahal bank pemerintah daerah!",2025-04-06 01:56:17
963407da-551c-469c-9984-3a8fbb650c42,Sri Mardiyati,1,Mau Tf ke Bank lain ga Bisa.... ini bagaimana ya,2025-04-06 01:45:24
edd8e968-a9de-4263-b21f-f147fd2cc398,Vina Rizki Qurrota A'yun,1,"Dari lebaran sampai hari ini masih aja error, semua duit gue di bank DKI weeh sedangkan Mbanking kaga bisa dibuka, terus mau ngambil duit pake ATM jg duitnya kaga bisa keluar. Tolong dong di TL ini, masa iyaa kita para nasabah DKI harus nunggu selama ini?",2025-04-06 01:20:45
7904ed36-8d7f-461a-89a4-5658fb209db7,Drs Maksum,1,"gagal pake fitur bifast transfer udah 2 kali nunggu reversalnya 2 hari parah kenapa ga ada fitur auto refersalnya sii momen lebaran ga bisa berkutik semua timeout, tarik balik itu programmernya atau vendor sebelumnya udah bagus ga pernah error. vendor yg sekarang ini error semua",2025-04-06 01:16:24
117da1e5-4a6e-4ca0-b70d-0d503b19bfab,angga kurniawan,1,aplikasi tolol kalo emang belum siap bikin aplikasi mending gak usah buat aplikasi dari sebelum lebaran sampe sekarang eror. bank DKI pada liburan apa karyawan nya.,2025-04-05 23:47:21
1b46102f-05b6-4b85-bb55-5c522f8eb899,tri hers,3,ko tidak bisa transfer ke beda bank?? mohon solusinyaa,2025-04-05 23:28:34
03344f47-4ece-4643-97e1-fd9020c9458d,Deva Maharani,1,"fitur fitur nya ilang ilangan terusss ihh, giliran pas lagi butuh malah eror gjls bangettt astaga, tolong segera di perbaiki donk, percuma bjir telpon CS gada solusi kocak bangett nih apk, pembaruan sistem udah mau seminggu kocak kocak, bilangnya kalau fitur tersedia bisa di pake, mau kirim ke shopeepay aja koneksi terputus mulu, di suruh nyoba berkala, padahal udah di coba dari 2 hari yang lalu, emang cacat aja apk nya!! kocakk",2025-04-05 22:37:08
7b73dd42-1df7-4ed3-b00c-221dcd425a58,Abdullah Nasir,1,aplikasi buruk,2025-04-05 22:07:23
e2c72185-f752-4dc6-81ba-d9e7c03c13e2,Budi kresna,1,Masih g bisa pake atm bersama 🔥,2025-04-05 21:18:38
c1a93b74-46b1-44d2-9553-182eb71d773c,Azzahra Aurellia,3,"makin kesini, fitur transfer ke bank lain ilang, waktu itu tarik tunai yg ilang",2025-04-05 19:50:30
35437982-555b-4989-b95e-87b3a5c7b4dd,Joyo Ningrat,1,"mending hapus aj app jakone mobile ga fungsi di momen lebaran ga bisa buat tf dll harus sesama bnk dki baru bisa sedangkan kami di luar kota mau tf dll tdk bisa👎 AITI ya busuk, download app banking bukannya mempermudah mlh bikin sulit org!!!",2025-04-05 19:44:01
313b3d8a-57e4-4b93-befd-8eadbf892207,Fake Love,1,"Lambat, berminggu minggu Qris gak bisa dan eror tf antarbank juga gak bisa",2025-04-05 18:19:22
63912dd2-98d8-40b2-8c47-1de587629b8d,l0zE C0ts,2,"sering error, ayolah berkembang jngan mau kalah sama aplikasi transaksi jaman sekarang",2025-04-05 17:38:17
db800061-e349-4b50-8187-64671b6bcc92,RAJA RIKSON,1,sudah berubah aplikasi nya,2025-04-05 17:25:52
2eb5ef3c-d261-4b85-834d-a76a537fa32b,irvan gunawan,1,udah seminggu lebih gabisa buat apa apa ini bank dki,2025-04-05 17:12:47
96fa4a71-049e-433f-8685-ce09b81e6a45,Robby Alwan Fauzi,1,APLIKASI MOBILE BANKING TERPAYAH !!! ga pernah mau dengerin keluhan nasabah yang pake mbanking. Cuih,2025-04-05 16:10:00
f822511f-b21b-4e6c-b901-0b66905ee5b2,Djody Afrizal,1,"kacau,,ni bank,,dikit2 potongan gak jelas tapi pelayanan kacau,,duit2 kita kenapa di tahan2,,gk bisa tf k bank lain penarikan tunai gagal mulu,,apalagi pas lebaran,,org lagi butuh transaksi malah d persulit,,",2025-04-05 16:09:56
7482c15e-3c40-46e1-b813-f1a8de4bf7ea,Myu15,1,"bukanya memudahkan ,malah menyusahkan ...kecewa",2025-04-05 16:09:35
1e6e92da-b307-4d0d-88df-6bf807fcf723,Dicky Ariyanto,1,"admin bulanan setara bca, pelayanan masih jauh 100 tahun dari bank bca",2025-04-05 15:36:29
949a564c-9aa4-46d8-9d7e-ef764980d3fe,Eka Oktora,1,"aplikasi bngsat,, PERBAIKIN LAGI APLIKASI LU , GK BISA TRANFER K BANK LAEN . KLO MAU LIBUR MINIMAL ADA IT YG STANDBYE JEMBUT",2025-04-05 15:28:15
2b76179e-3bca-4e06-b193-247a73cd86ed,Shenajulll,1,"Banyak orang yang aktifitasnya tertunda, karena mbanking-atm duitnya tidak bisa diambil/transfer. Minusnya banyak banget, cobalah diperbaiki",2025-04-05 15:28:03
4d626b67-c8d1-4d84-83fa-36ea2591b71e,Nurjayanti Habibah,2,aplikasinya tidak bisa di gunakan untuk transfer ke bank lain,2025-04-05 14:51:53
3688c476-861e-4f14-bce3-5671ca1393fa,Zeco Resha,1,"parah udh kebangetan mobile banking maintance udh kaya server kena rudal, tim ahli IT nya juga lg ikutab liburan mudik kayanya",2025-04-05 14:49:12
4ca12908-d050-48b2-b47f-8b66d79b13b1,Yatna Alkautsar,1,gak jelas menu transfer antar bank malah hilang! developer app gak jelas!,2025-04-05 14:45:57
ded836e5-6d81-4909-bb12-22f20e0fde0b,Han Ade,1,"ga berfungsi sampah , ga bisa transfer antar bank, pembayaran qris ga bisa eror terus, uang electronicnya jdi ga bisa buruk bangat it nya",2025-04-05 14:33:04
cf310243-8c42-44fa-abca-ba7d85450089,bhaskoro pratama,1,"Sementara 3 dlu (ga jadi, 1 aja langsung), gatau kenapa ketika buka rasanya lemot banget, padahal sinyal penuh , buka aplikasi lain bisa lancar, buka jackone aja nih yang lemot banget , jadi transaksi pake qris lama, transfer lama juga..... (ulasan tahun lalu) dan sekarang dari sebelum lebaran sampai setelah lebaran , masih belum bisa berfungsi dengan baik juga ini aplikasi , astagaaa, kalau ada problem sampaikan ke publik biar pada tau dan tidak bingung itu baru BERKELAS.",2025-04-05 14:11:25
bb40a5f1-168a-4334-b7a0-939cf26a9c29,Real Indonesian,1,Aplikasi Bank rasa koperasi. Transf antar bank tdk bs digunakan sejak H-1 sd h+4.,2025-04-05 14:07:36
d072e11d-4d39-47f9-a7aa-c398923e952e,ali rafid,1,"banyak merugikan nasabah, fitur mati semua...",2025-04-05 13:58:29
16f339b0-e563-4b75-9200-7274922888a9,Eva Tri Sundari,2,menu transfer ke bank lain suka hilang,2025-04-05 13:47:25
b3a8270c-db32-4b0b-865f-7952cf8aed3b,Marspippo 9,2,Paraaaaah ini apl...,2025-04-05 13:18:20
9db14503-a21f-400c-98f5-32d966a8c3d1,faeruz zahra,1,para ga bisa Ambil uang dibank ATM bersama,2025-04-05 12:50:25
071ee42f-220e-4159-a341-0ab52568a482,Rahmawati Deseamini,1,menunya banyak yg hilang. mau top up gopay jadi ga bisa. Mau pake Qris juga suka error😵‍💫kan jadi malu pas mau bayar. Pindahin aja kali ya duitnya tiap habis gajian. Kalau bukan karena wajib dari tempat kerja pasti udah pake rekening bank lain,2025-04-05 12:28:40
80d25008-cd41-4d04-9a00-a070e6e31150,DIMAS RAMADANI,1,"parah jakone bukanya ngebantu malah nyusahin uninstall auto ga bisa tf ke bank lain ke sana, ovo juga gada",2025-04-05 11:59:31
9b7474dd-d2c6-4f0a-a9c5-ac89bff6a167,Qori Ghobara,1,"layanan dari app ini sangat kami butuhkan, mohon segera diperbaiki, karena banyak fitur-fitur layanan yg hilang dan tidak dapat digunakan, terimakasih.",2025-04-05 11:50:23
b4fa628b-84ab-4454-9ea7-5fd26e05f8bd,Nita Sinaga,1,"kenapa tiba2 ga bisa QR, transfer lain bank, dan isi aplikasi pembayaran? udah hampir seminggu. menghambat transaksi sekali",2025-04-05 11:41:14
e6a54a60-c1ad-4409-9292-5bd30bad35ed,YAYAN RUCHYANA,2,Kenapa tidak bisa transfer ke bank lain ? semakin MUNDUR aja nih Bank DKI ...,2025-04-05 11:38:54
a653ac66-efd3-4a68-acdf-a9d74a5ef233,casminto sabar,1,menu tranafer antar bank hilang jadi tidak bisa transfer antar bank buat bayar2 jadi susah. tolong diperbaiki,2025-04-05 11:36:12
bb093866-104f-4200-9a91-2ad438bf3299,Yuniaeka Saputri,1,"transfer antar bank ga ada menunya, mau uang elektronik ga ada menunya dana, ovo, gopay ga bisa kirim. pake transaksi buat qris ga bisa, pake debit juga ga bisa. ga ngerti kenapa pada hal lagi moment besar gini lagi penting2nya di pake mobile bankingnya.",2025-04-05 11:07:28
0c0a77bc-4402-452d-9a4f-2387adc11e29,fikri raushana,1,"siap2 akan ada penarikan besar2an dari kami semua nasabah yang kecewa,, coba belajar sama bank daerah lain, harusnya anda di DKI jadi benchmark",2025-04-05 11:03:14
438aa5cc-7c3a-482a-bf24-e7b4c885804d,hafizh wahyu,1,kacau kacau kacau,2025-04-05 10:51:25
2ba5183a-5597-4a99-ac48-36dbcc784d14,Novan Setia,1,"tolong benerin lah masa TF ke bank lain gaada, terus kemarin beli token listrik gaada juga",2025-04-05 10:47:34
6691c30f-c11f-46f7-be1f-0c75626f6961,S T,1,"Bayar qris gagal, transfer antar bank lain tidak ada. Tolong segera diperbaiki",2025-04-05 10:38:26
72387e71-da0c-466f-925f-0b95155eef6a,Qurrota ayunina,1,"untuk programmer nya tolong di perbaiki segera,karna sampai saat ini skrg tdk bisa untuk transfer e wallet ataupun menarik uang secara offline di ATM nya...parah bngt programmer nya untuk program nya lama bngt untuk memperbarui perangkat nya",2025-04-05 10:35:44
fc9c11be-18b3-4123-9b0a-e36b2368526c,Dea Bahar,1,bank di kota besar pelayanan nya seperti ini.... sangat tidak bagus,2025-04-05 10:23:51
f2765e64-1986-4c6b-bee4-462ac14c85a8,Riki Sopyan,1,ini bank masa cuman buat tf ke dki doang fitur-fitur lain nya di kemanain aduh butuh inj,2025-04-05 10:16:16
b93e57ab-44ca-4c72-95ad-b04ab34b4fb0,Octa Herni,1,aplikasi mbanking terparah yg pernah saya punya.. Banknya mementingkan dananya sendiri.. pas libur idul fitri mbanking dan kartu atm ga bisa digunakan.. banknya ketakutan banget likuiditas dananya berkurang.. menyusahkan nasabah.. dwaktu libir lebaran kaya gini punya uang berasa ga punya uang..,2025-04-05 10:12:39
6517ee46-295c-49b9-b4cc-5be8aee09398,Achmad Yazid,1,apalah bermasalah Mulu,2025-04-05 09:58:45
7de48348-744a-4c92-aff1-e179399ec2bb,Subur Payumi,1,"ga bisa transfer antar bank, byr qris pun ga bisa. bikin pusing jakone mobile",2025-04-05 09:47:32
2cfba905-6f3c-4fa8-949c-6b30646a6ffd,Nur Fadilah,1,"BANK terburuk dari semua BANK kalau bukan karna gaji kerjaan saya buang jauh jauh, orang siapa yg gk kecewa gaji thr untuk lebaran gk bisa ambil uang, gigit jari parah anak anak nagis mau ini itu di hari raya mau beli pake apa coba, duit gk bisa di ambil, kepikir gk sih, hari yg di nanti nati kupul keluarga kesana kemari yg jauh gk bisa di tempuh jln kaki harus berkendara butuh duit buat beli bensin, sangat kecewa parah",2025-04-05 09:20:35
58e7de63-9e67-470a-a05b-630e0c94ea96,Ririn Wulandari,1,"aplikasi error ga jelas ,mau masuk ke menu saja ga bisa",2025-04-05 09:16:03
2f80cce6-f2b1-4744-8c6b-a7d170d7cc15,zakia amelia,1,"kemarin2 keluhannya adalah tidak bisa TF ke beda bank, sekarang benar2 tidak bisa dibuka aplikasinya... benar2 kecewa...mohon untuk diperbaiki yah. Terimakasih",2025-04-05 09:00:00
a8bc2e67-7ede-4068-98f0-a4c9d63398a0,Muhammad Husaeni,1,gak bisa transfer ke bank lain apk aneh,2025-04-05 08:48:20
3bed1ecd-f83e-4f67-9b3c-cbb04d8834a2,Satrian Dias,1,"sering eror susah tarik uang, , tidak bisa transfer ke bank lain,, tidak bisa tranfer ke dana atau dompet elektronik.. aplikasi buruk,, kecewa",2025-04-05 08:40:54
082dd536-4be3-4385-90de-f7599e6f88b3,irfan muhyiddin,1,"mempersulit hidup, transfer antar bank tidak bisa, topup gopay pun tidak bisa, tolol",2025-04-05 08:34:01
7076e573-7d34-4dca-86ab-c0a34ff27a9e,Rizky 788,1,ada masalah bukannya segerah di perbaiki malah di anteb pin aja dari kemaren maren ambun banget dah gua mah.... itu lu benerin itu mbangking lu.. masa ga bisa tf ke bank lain... memang nya kemna bagian it nya bujug jangan di anteb pin bae lah komplainan orang,2025-04-05 08:32:43
dd4a8afa-2366-4d58-9b62-5024228f5128,arya abdurachman,1,"Menu transfer antar bank tidak tersedia. Sudah 4x24 Jam saya coba cek berkala, dan masih tidak tersedia. Artinya pihak Bank DKI tidak ada tindakan apapun untuk mengatasi error dan bug pada aplikasi jakone mobile.",2025-04-05 08:22:16
a2f3b7a9-d160-44a1-8b62-7d3700d32812,icsan baru,1,"kalo ga karena urusan gaji di bank ini, males instal aplikasi ini...sering eror..alasannya maintannce tapi ga da pemberitahuan",2025-04-05 08:20:55
97e302ac-b717-4993-87b9-7c6a9ba2e577,Noval Andreansyah,1,"Bank Kocak, Nyusahin. Lebaran + Libur panjang malah Perbaikan. mana seminggu lebih gak selesai selesai. liat noh nasabah lu pada kesusahan dan komplen, untung ada aplikasi Flip. Gak lagi lagi Nabung di bank Kocak gini. Mending pindah bank lain.",2025-04-05 08:18:16
d52e06a6-3ea1-4795-8ed3-859b032ae5a1,Ciwonk tea27,1,"sudah mau sebulan Ga bisa transaksi, ga bisa transfer bank lain, cuma bisa Narik doank bahkan transfer ke Dana, OVO, dll juga ga bisa. mau belanja jadi susah harus bulak balik ke ATM",2025-04-05 08:13:57
6af5bad0-a362-41fb-b430-6bd20939321b,Muhammad Nur Haqim,1,bank gak jelas,2025-04-05 08:01:53
2bd81667-4021-493c-97c2-47e454696e61,dadan mulyono,1,menu transfer hanya antar bank DKI aja parah....,2025-04-05 07:34:08
6a0941f2-86e3-414f-89ac-509b71a0318e,Vhii Alphii,1,"bank milih pemerintah kok eror banget, kalah sama bank swasta",2025-04-05 07:29:03
b7ded6a7-ec93-416d-88b3-ba9839462fa7,Yasir fadilah,1,"jangan sampai nasabah pindah atau tidak memakai bank DKI lagi,,dengan aplikasi mobilenya yg tidak bisa di gunakan.",2025-04-05 07:28:56
b8cb7b61-69a6-4542-bd1d-1c7f5980f2b2,Yhudi Gaming,1,"opsi buat transfer antar bank lain tdk ad,pembayaran qris juga tdk bisa,tf melalui uang elektronik(dana,gopay,Shopee pay juga gak bisa......tolong dong segera di perbaiki masalah sistem nya udh ad seminggu ini gk bisa transfer",2025-04-05 07:19:27
8f571038-b78e-4f0f-8a5f-47aafd9520c8,Jaradot Tamba,1,"Aplikasi Bank DKI ini bikin kecewa berat! Udah lama banget fitur transfer ke bank lain sama e-wallet ngadat tidak bisa, padahal tiap bulan kita dipotong biaya admin buat pemeliharaan sistem. Heran, bank yang katanya banyak kerjasama sama kementerian gini kok pelayanannya malah kayak gini? Kayaknya fokusnya cuma cari untung aja, deh. 😔",2025-04-05 07:07:26
ae8e8b5e-8335-44b1-ab81-47452ac1a4b7,Muhammad Ridwan,1,"ni dki makin kesini makin makin cok, ampun dah, fitur² bukannya ditambah biar mempermudah malah pada diilangin kocak",2025-04-05 07:01:45
16c93e5b-2968-4ca8-a105-00136dbd7382,Dudi Chanel,1,tolong perbaiki sistem nya apalagi fitur transfer ke bank lain dihilangkan gimana inih,2025-04-05 06:48:50
ffa9b87d-c7e2-4915-9c2e-6a823b94dfbe,eko prasetyo,1,"Apk busuk ,,transfer bank lain ga bisa,,tarik manual di atm bank lain juga ga bisa,,payaah",2025-04-05 06:28:16
985b9826-f706-4242-ba3b-16bbe9bf4312,Toar Sandy Purukan,1,"parah, lagi libur lebaran malah aplikasi sangat mengecewakan, transfer antar bank tidak bisa, isi ewallet seperti Gopay, Dana, Shopeepay dan lainnya juga ga bisa. Bahkan dipakai transaksi menggunakan Qris juga gagal, ditambah lagi saldo tetap terpotong. Padahal pas libur lebaran begini aktivitas transaksi menggunakan mbanking lagi banyak buat berbagai keperluan.",2025-04-05 05:57:53
a6346360-ab77-4cda-9452-147d572186da,Zay Ipin,1,"sering error', malah bikin susah rakyat Jakarta...",2025-04-05 05:53:05
9cf55135-bbdb-4141-a3b8-cb6f35d0c204,Amri Amirudin,1,kalau lo belum siap buka m-banking untuk nasabah jangan bikin!! masa fitur transfer ke bank lain tidak ada dan top up e-wallet enggak ada sama sekali hanya ada shopeepay.,2025-04-05 05:43:47
af34f8af-e2e9-44e7-96b4-6f25afbb7ce8,khang roti,1,eror mulu ga bisa transfer ke bank lain udh mau 1 mg,2025-04-05 05:38:57
40a6291e-faa8-4db2-9685-3b9f0148d4ab,Jaenal Aripin,1,knapa sih jakone mobile sekarang gak bisa transfer ke bank Laen bahkan ke Dana aja gak bisa. 🤦,2025-04-05 05:30:43
daf8350c-62e2-4046-ae81-2bfe35b7a15e,Irham Fathurrohman,1,fitur transfer e-wallet hilang,2025-04-05 05:10:56
f78eadc8-8d95-480c-b1cf-0b902e907de1,Yuni,1,"Eh tolong dong pihak Development gimana sih, fitur e wallet aja ilang gimana sih, udah mah sering eror. kalo tidak niat memudahkan pelanggan tutup aja aplikasi nya",2025-04-05 05:08:36
6d15f6b7-36ae-47a2-a25e-ed1f4c1eaf65,Arif Nurianto,1,hallo bank dki...koq makin ksini malah bukan makin bagus malah tambah masalah..bgmn mau bertransaksi dengan aman dan nyaman..tolong di perbaiki..terima kasih,2025-04-05 04:57:48
94dcc89b-79b6-4e6d-a4dc-885758842876,Betri wianggela,1,payah nggak bisa ambil gajih lebaran kaya gini nggada kebijakan,2025-04-05 04:57:30
fb11c6c6-3cb7-428a-93ad-dc920adca0c2,abdi gustomo,1,fitur tf antar bank ngilang mulu,2025-04-05 04:53:46
867e86ac-3eab-4f82-aac3-9cb8bea3c712,topan albert sugianto,1,"pecat aja TIM IT nya, masih banyak kok orang diluar sana yg kompeten, nyusahin nasabah aja",2025-04-05 04:37:34
e6715696-828e-4265-ba29-fb8d091cbffd,koharudin koharudin,1,Pelayanan TERPARAH dari semua BANK yg ada.. maintenance sampai 6 hari...,2025-04-05 04:10:44
4718df8c-8f3b-4304-8430-6673a3e5eea3,adhy azri,1,"SANGAT MENGECEWAKAN !!! gak bisa tarik tunai di atm bersama, ga bisa transfer antar bank. sungguh terlalu bank daerah tapi kaya gini di monent jutaan nasabah lagi berhari raya",2025-04-05 04:04:38
7199095c-5670-4f82-8873-bb993b6bfd1d,J.A Pinaria,1,"kartu ATM tidak berfungsi di mesin EDC,",2025-04-05 03:41:23
e532338a-2367-4661-a39b-8b7684345e7b,ahmad husni,1,aplikasi banyak kurangnya mohon diperbaiki segera untuk kenyamanan konsumen,2025-04-05 03:35:03
d63bdf92-9b1f-462b-a7bf-698fa94d7eb5,mimbar saputra,2,Mohon dapat dibantu terkait fitur transfer ke antar bang lain dan untuk uang elektronik ovo dana dll (Hilang atau tidak ada),2025-04-05 03:17:58
0b6de498-4370-4cf9-8a74-55c3ba733b4f,Arta Pratama,2,helo bank dki. ini gi mna si. di perbarui . ko malah ruwet. menu banyak yg hilang. masa ga bisa tf ke bang lain. tolong dong di adain tf ke bank lain.,2025-04-05 03:00:21
bc421e4a-6845-43f0-bbd5-35e1b0bafd21,hendra setiawan,1,"aplikasi sering eror, transfer ke bank lain gak bisa",2025-04-05 02:50:40
243e0c3f-19f5-45f6-8710-f47e23253e23,Iwan Putra,1,"berhari2 ga bisa tf ke rek lain , kapok !",2025-04-05 02:45:02
761585a6-0493-48dd-bc11-02dbfe506389,Atik_ Kurniawan,1,maintance sebelm lebaran sampe sekarang masih blm jadi lama sekali ini pihak jakone tolong lah segera di perbaiki,2025-04-05 02:38:37
3ac08292-ef1a-44a2-930f-6f833f66611d,Dhady Alvian,1,"tolong di perbaiki lagi system nya, mau transfer tetapi hanya ad antar bank dki saja.",2025-04-05 02:33:18
5ba924e4-925b-47ab-93b3-7bca148cf06b,Farhan Farhan,1,"niat ga si?kalo ga niat bikin apk ga usah bikin, jadi beban idup doank",2025-04-05 02:23:34
f177b085-db05-4b3c-877b-3f4fbefe2113,fathir dinda,1,ampun dah nih aplikasi bank dki fitur transfer antar bank gda transfer sering error,2025-04-05 02:15:07
b6a4e06f-3af6-4294-a091-763229dbfbef,Suryo Tosisur,3,mengapa JakOne Mobil tidak bisa transfer antar bank.,2025-04-05 02:07:48
57a3b4bf-1d89-4497-abbd-58486d146feb,Rizman Akmal,1,kenapa error gini sih?,2025-04-05 02:07:37
62ead974-6043-41bd-b91d-039e1bb80777,Rahmat,1,"baru kali ini mau ngambil uang sendiri aja di persulit!!! posisi di luar kota mana ada ATM dki!!! gak punya pikiran seenaknya aja ngebekuin uang semua nasabah dki dengan alasan maintenance!!! mau ngapa2in gak bisa!!! aplikasi gak ada gunanya!!! mesin ATM pun cuma bisa tarik tunai!!! buat nasabah dki, lebih baik sehabis gajian lgsg pindahkan aja saldo ke bank BUMN lain yg gak mempersulit nasabahnya!!! dan yg baru rencana punya rekening dki, lebih baik kalian pikir2 lagi!!!! benefitnya nihil!!!!!",2025-04-05 01:49:19
d8e6b743-beb0-4f63-a5b9-af3a7a8ee07d,Kukuh Bayu Wardhana,1,MANA FITUR TRANSAKSI ANTAR BANK NYA? E-MONEY JG CM SOPIPAY -_-,2025-04-05 01:44:01
0e2cf82b-3f41-4dfd-a30b-80c72da6c48f,Wildan Fakhri,1,"Najis gk jelas banget bank dki, saran gw jangan pake bank dki dah",2025-04-05 01:29:29
4fbc680b-bff6-4674-b510-5f2d0e732c9c,Sri Diaharlianda,1,"aneh bgt gak bisa transfer antar bank, cuma bisa ke sesama bank DKI aja. introvert lu jadi bank!!! top ovo, gopay aja gak bisa katro banget ini aplikasi.. bikin susah gak memudahkan, yg bikin aplikasi ruwet kayanya pikirannya.",2025-04-05 00:30:10
c89ed7c9-595b-4768-a677-fdb1332c840c,Dina Marwah,2,"tolong dong segera diperbaiki, mau bayar apa2 gabisa transfer kemana2, top up e-wallet pun jg gabisa2.. dr sebelum lebaran sampe skrg jd ilang semua top up e-walletnya..",2025-04-05 00:17:33
ed997f7d-1829-42d5-a668-3d6b747ca851,Terawati Rahayu,4,"mau transfer antar bank tidak bisa karena menu nya hanya sesama bank DKI dan virtual account saja, tolong di perbaiki aplikasinya biar lebih nyaman buat penggunanya",2025-04-05 00:09:34
61826251-b69d-4a4a-b36f-99c14e19b147,muhamad sahri rizki ramadhani,1,"Sekelas apk keuangan perbankan ini bener"" buruk.",2025-04-05 00:08:41
ddbdc05b-f66a-491d-b427-8e64403ab73d,sags Jakarta,1,"tidak bisa transfer maupun QRIS antar bank. hanya bisa antar DKI, tidak bisa isi ewallet kecuali JakOnePay. busuk dah",2025-04-04 23:19:23
5380f7ab-b04f-4009-96ad-fdacdb30a2d5,I Putu Wisnu Pranata,1,tidak bisa di andalkan,2025-04-04 23:09:39
a8688021-e2a9-444f-9580-4632b5a5b827,achmad irdans,3,transfer antar bang suka ilang. sekarang mau bayar pake barcode juga kaga bisa. manteb bener... jangan ikut2an kaya tukang oplos bbm lah. ada dana kembangin aplikasi yg maksimal. masa kalah sama bsi... terima kasih mudah2ann ngga ada morupsi di DKI,2025-04-04 22:17:43
81bb3abd-c3a8-42df-8409-dc3dd6f195b0,Mas rul,1,"aplikasi ampas, gabisa digunakan untuk apa apa, semua layanan hilang, galayak untuk digunakan aplikasi ini membuat kerugian penggunanya",2025-04-04 21:54:55
d78a8346-2c40-42b6-a344-2d1643206daf,Sandy Winatha,1,"error mulu, sering banget server down, kalo lg maintenance sekali duakali gpp lah, tp ini sering banget, gajelas lama lama",2025-04-04 20:32:01
8d53cb3c-e729-4376-ad22-38813879c146,Warga Erangel,1,"saat lebaran malah pemeliharaan.. kecewa berat, mw transaksi transfer/QRIS di atm/mbanking ga ada yg bisa. tarik tunai ga bisa jg.. apakah sengaja spy duit kami² ini ditahan saat lebaran.. jangan pernah jadikan bank dki mnjd bank utama utk simpan uang/transaksi kalian. cukup numpang lewat aja di bank menyusahkan ini",2025-04-04 18:50:37
73cfea63-3136-4f4c-aa2c-cf3b30342674,Tiara Diva,2,"Ga bisa top up dan gabisa transfer antar bank, hanya sesama DKI",2025-04-04 18:20:53
ed935da4-c855-4107-81e7-013243b97f04,Adam Dermawan,1,"Pelayanan terburuk sarjana hanya kertas bukan kualitas,",2025-04-04 18:12:31
83a44d19-8e20-4050-be3c-a663cc3fc41b,Rizky Fauzi - Boudonk,1,tolong segera perbaiki.... sangat menggangu.. tidak propesional.. saya kecewa.,2025-04-04 17:12:02
1849aede-5d7a-4af0-abe7-2c2d587d9900,Faezal Asmara Diah Arianto,1,SETARA PEMERINTAH DAERAH LIBUR LEBARAN SERVERNYA IKUTAN LIBUR WKWKWKK,2025-04-04 17:11:52
9304db78-d9ee-494b-b157-e229010e5308,irfan ahmad,1,"TOLONG DONG DI PERBAIKI, SUDAH BERHARI2 GA ADA PERUBAHAN, MASIH EROR NIH JAKONE MOBILE NYA",2025-04-04 17:02:23
91cd052a-3c9a-4c79-bddb-85681e71d4a5,Uyang Fajar,5,mantab,2025-04-04 16:56:32
811bbd08-0908-42ed-92d6-7076a874c127,Ichibobo GamingYT,1,"Sekelas bank daerah dgn pendapatan daerah tertinggi, melakukan maintenance hingga 1 minggu belum selesai.",2025-04-04 16:39:43
bbf79fee-0c89-40ab-8924-cc04690fce00,Muhammad Arfan Naziro,1,"aplikasi sering eror, ga bisa TF dan topup",2025-04-04 16:24:47
9b0dbe06-966d-4571-a1ad-9eb9b02b9f20,Irfan Triyadi,1,"aplikasi bangke masa transaksi semua gabisa aneh, klarifikasi di sosmed layanan udah bisa pas di cek tetep aja gabisa payah DKI",2025-04-04 16:19:37
1f09932f-0c29-4917-8665-5f88af49bcfd,topixs 1804,1,apl ORA jelas mesti di uninstall serentak,2025-04-04 16:09:25
87862fb6-20ac-4b19-a362-e714fd7249a9,wendisopandi 1996,1,error terus,2025-04-04 16:00:25
08d0390d-d40b-4b01-8044-83bb5afe96b7,atos turangan,1,"mau sampe kapan ini trouble nya? payah banget sekelas bank provinsi pelayanan busuk begini uang Paypal saya nyangkut 5jt , gila banget ini bank DKI",2025-04-04 15:28:15
bc1efb22-5ac3-49fb-b0b8-befcbadd77b6,Eti Rukini,5,bagus .tp kok mau byr tagihan pascabayar gak bs ya,2025-04-04 15:26:36
53660b92-527f-4cad-bf13-70c1e280a722,Okta Juniyanti,1,dari malem takbiran sampai sekarang 4/april/2025 bank DKI eror !! kayak gini mau banyak peminatnya ? mendingan perbaiki sistem dan kwalitasnya terlebih dahulu deh !,2025-04-04 15:09:22
4ec01acc-5dc1-435e-bea6-77ab3289a16e,Odih Diansyah,1,"fitur uang elektronik dan transfer antar bank hilang, sangat sulit utk bertransaksi di momen hari raya, apa lg jika diluar jakarta",2025-04-04 15:06:32
a9eef85f-a618-4880-9e7e-fea26a2a3690,Arfian Rifki,1,"bank paling parah, di tahun 2025 padahal tapi pelayanannya ga bener",2025-04-04 15:04:00
019d85f7-1027-46ad-bea1-f434aa9d3b76,Sayyid Arrasul Sayyaf,1,gila nyesel punya m bangking ini lagi urgent2mya gabisa tf antar bank,2025-04-04 14:52:06
89a914b8-8023-4d8a-be00-c34540d99ab1,Renat Dasayev,1,"paraaah offline dari hari kamis pagi sebelum lebaran sampai detik ini,transfer kaga bisa apalagi pembayaran Qris....pemprov DKI lebih baik kerjasama dengan bank BCA atau bank lain untuk urusan gaji pegawai",2025-04-04 14:09:39
c9b4d485-0581-46da-ae07-c131af769a85,Rimba Ayu Putri,1,jelek bgt asli. kalo lagi urgent susah bgt malah digunainnya. gak buru buru di tl lagi kalo jakone bermasalah,2025-04-04 13:58:15
c802110d-8ecc-489c-810d-c9854a264e84,Billyy Saputra,1,aplikasi tolol bank dki gak bisa trabsfer ke bank lain tolol,2025-04-04 13:49:27
f5a2ec3a-3a3f-49c9-b745-422f6a38419d,Wahyu Andryanto,1,"transfer bank lain gak bisa, virtual account gak bisa, qris gak bisa, tarik tunai di atm bank lain gak bisa, cek saldo kadang error. mending tutup aja bank DKI lah. Kalo gak bisa bikin aplikasi, infrastruktur belom kuat jangan gaya gayaan bikin. Mending bikin aplikasi hello world",2025-04-04 13:38:11
ed0b02f9-a994-4f7f-9fa0-53593b9cd1e2,Surya Saputra,1,"hadehhh bgni amat sih bank dki gak bisa diapa-apain jadi gak bisa bayar apa"" transfer antar bank juga gak bisa blokk.",2025-04-04 13:34:19
5d281b59-ecad-4f66-8a99-4b54b9b06353,vician movi,1,"bobrok bnget dki, tf ke lain ga bisa2 smpe kapan ini",2025-04-04 13:25:29
3ead7da5-7dd6-4367-a0f3-978cd78ae35f,Omar Dave,1,"Aplikasi gajelas, gabisa transfer ke rekening bank lain",2025-04-04 13:02:16
a1ec4a4c-75ef-490d-b6ee-2218f188b557,astri fisip03fe06,1,aplikasi kembali ke jaman tradisional=> hanya bisa sesama DKI dan tarik Tunai hanya ATM DKI. QRis tak bisa TRF beda bank tak bisa Top Up Ewallet tak bisa Beli Pulsa juga tak bisa dimana Sisi kepraktisan dalam sistem yang dibilang=> ONLINE?? Sudah dari Tgl 29 Maret 2025 sampai 4 april 2025... BELUM JUGA ADA PERBAIKAN?? SAMPAI KAPAN??,2025-04-04 12:52:33
dee40ba9-f794-4540-ade2-3a84793475db,NonaVah1tr NonaVah1tr,1,kurang ajar eror di hari idul fitri!!!!,2025-04-04 12:44:15
9a48747e-a4d1-422e-91bc-9d8de23b927a,Baitul Komariyah04,1,bobrokkkk bgt herannnn,2025-04-04 12:37:56
f046f6e4-a342-446d-9978-347bc9d76fb7,Iam Iqbal,1,selalu gangguan tidak bisa transfer,2025-04-04 12:32:31
0720aa50-c8d4-4f4b-8ac2-1e580e83a5da,lina iryani,1,"maintenance kok sampai berhari-hari. tidak bisa transfer antar bank. tidak bisa isi ewallet, tidak bisa pakai qris. mana musim libur lebaran begini. buruk sekali",2025-04-04 12:18:16
135f4022-41e9-486b-a491-3023ccd79e48,Rizkan Deni,1,Sandera uang nasabah sehingg ga bisa TF ke bank lain biar apa? Supaya laporan uang di bank dki terlihat banyak gitu? Selama ini dijadiin transit doang untuk ke bank lain seharusnya bisa jadi bahan evaluasi kenapa orang lebih pilih bank lain untuk mengendapkan uang..,2025-04-04 12:10:55
272cfca0-7693-4492-817a-60a6a7534c5b,SuNardi Nardi,5,bagus sih selama ini oke oke aja kk,2025-04-04 12:10:19
8caf8afb-2ca6-48a8-8d07-7dfc06b65997,hermi nani,1,"ga bisa transfer ke bank lain, ga bisa top up kemanapun...",2025-04-04 12:09:30
ac9b1fb0-b42b-481a-9340-49502ad5b644,Ilim Hilimuddin,1,"Woi, duit gue ngendep. ga bisa transfer ke bank lain. payah!!!!!",2025-04-04 12:07:51
71b7f964-441c-4c87-85f3-8f7b4fb60993,Rara Rany,1,"Tolong segera perbaikan systemnya diselesaikan ,tidak bisa transaksi apapun,payah!!!!",2025-04-04 12:07:23
d21e4ad7-be16-4bdc-8a22-0d6d71048260,Maya Hariyanti,5,"qris tidak bisa dipakai kenapa ya? dan ini ko tidak ada transfer beda bank,, hanya ada transfer antar dki , ,",2025-04-04 12:05:05
765069d1-94dd-4417-9411-ffbac2f7e9a9,Ibnu Yaman,1,"apaan sih ini ATM DKI semua serba gabisa 1) tidak ada kirim antar bank 2) tidak ada dompet digital seperti ovo , dana,gopay dll 3) tarik uang di ATM bersama gabisa 4) tarik uang di ATM DKI pun gabisa",2025-04-04 12:02:37
117ee0fa-2ee2-4fef-a77b-c9af0008b6c6,Fathur Rahman257,1,transfer antar bank tiba-tiba tidak ada bahkan e wallet juga tidak ada. kacau ini takut dana nya pada keluar apa?,2025-04-04 11:58:43
721516d7-c382-45e7-b0ce-9e7c7e665a0d,Masyudi .a,1,"apa apaan ini begini .. disitu ada hak orang Mau ngambil juga susah, kasian orang yang penggajian via bank dki ,gajinya gabisa di ambil orang juga punya kebutuhan . transaksi Di ATM nya tidak dapat d proses terus . jakone nya cuma ada fitur transaksi sesama BANK DKI . tolong dong segara di perbaiki",2025-04-04 11:46:18
003eac85-fab2-4982-b4ae-926fdb404a40,Zain Ar,1,Biaya admin terlalu besar,2025-04-04 11:41:59
55131cc4-ac15-4947-85f3-e16145e2b6b3,Ryan Al Dzaki,1,"hapus aja ni aplikasi, ga guna banget",2025-04-04 11:38:14
245580da-4101-4ac1-9b80-1b494c734e8e,Rustian Ramadan,3,gimna ini tarik tunai gak bisa transfer anter bang gak bisa . transfer ewallet juga gak bisa.. gimna coba org duit nyangkut percuma transfer sesama dki kalo gk bisa tarik tunai,2025-04-04 11:00:05
8de8cfe8-3bf1-47b4-a90b-a1d3acc26161,90_N4N9 _74,5,sangat bermanfaat,2025-04-04 10:53:32
f191e04c-605e-4f72-ae63-4f42fad5ba50,Boss Tp,1,kenapa top up iwalet nya gak ada ini bank apa an coba kok di hapuss,2025-04-04 10:43:26
ceffbc94-f599-4104-aeb2-6567a0f0dc74,Hari Prasetya,1,"payah bgt, bwt tf,ewallet, qris, gak bisa semua",2025-04-04 10:20:55
4bb97414-55bf-4ff0-befc-caceada9998a,Kenari Retro,4,mudah2 bagus,2025-04-04 10:12:53
c5c8773f-61a1-4968-91bd-5c1c4dc4da06,TI Umar,1,gak guna jadi Mbank-ing . parahh,2025-04-04 09:56:40
4bd992d5-51b8-4e60-ad21-a735b8cffe98,Dwi Puspitasari,2,"sumpah ini qris ga bisa, gimana ya tolong dong butuh banget, ini bukan mempermudah malah mempersulit transaksi, inimah tolong banget cepat diperbaiki ya.",2025-04-04 09:55:33
8d2e49b1-1ddc-4ef4-8ab1-02056baede77,Qhinoy Creator,2,"uang elektronik seperti shopee tokopedia dana hilang, sampai kapan pemeliharaan apk ini selesai? sedangkan banyak yg harus di bayar.",2025-04-04 09:53:55
a2f7c320-8cdb-4bad-a120-c74e8cc0608f,Ro'i Fahreza Nur Firmansyah,1,Selama Lebaran tidak bisa ambil uang dan transfer berhari hari mending pindahin uang biar aman,2025-04-04 09:30:26
9e13fff7-cbfa-4dbe-98c4-a6225c966e1c,Bagas Renar Radittya,1,kelamaan lu,2025-04-04 09:28:43
76f4c864-14c7-4436-818a-54e52c70b081,Ridho Febriano,1,kapan nih perbaikannya. dan beberapa fitur pembayaran e wallet. pembelian pulsa. hilang,2025-04-04 09:18:16
d5b8030b-1641-48d8-9203-13b1026fc297,YM,1,"Haloo Min, Kenapa Fitur Transfer Ke Uang Elektronik (Gopay, Dana) Hilang. Tidak ada fiturnya",2025-04-04 08:47:58
6136e5ce-3081-42a2-80ca-949abc19773c,imam sibawaihin,1,sekelas bank Pemda pelayanan begini momennya ga tepat orang lagi lebaran minta maaf eh malah bikin masalah berapa orang kesulitan gara gara error aplikasi Jak one kalian harus tanggung jawab pecat semua tim IT nya kalau ga sanggup ganti,2025-04-04 08:45:26
67bdeb80-6d7a-4a5d-8a20-4be9fd6cdea9,ferry aldi,1,SEMINGGU APLIKASI GABISA DIPAKAI UNTUK TRANSAKSI KE BANK LAIN ! PECAT AJA TEKNISINYA,2025-04-04 08:45:25
f11b1c11-e0ca-477c-8b51-6653d090eab0,Erawati,1,kaga mau login login woe ini kenapa yaaa,2025-04-04 08:24:08
1b9118dd-15c1-4ffd-b188-881c05151deb,Muhammmad Alfauzi,1,DKI KOCAK WOI GIMANA MAU TRANSFER KE E-WALLET KALO GK ADA SEMUA,2025-04-04 07:51:12
217d3010-26d5-4793-865c-31610ebf9597,Fadil Baehaqi,1,buruk,2025-04-04 07:27:13
1fe17f21-5bdb-446c-a1ed-32d76c11d8ee,Muh Raihan Hidayat,1,"Bank ga jelas, nyusahin nasabah buat transaksi di waktu krusial.",2025-04-04 07:14:09
55a9ea91-667b-48a6-baf3-425ba1b40013,Annisa Septia,1,GMN SI TRANFER BANK LAIN GK AD PILIHAN TRS MO TOP UP SHOPEE PAY GOPAY DANA GK ADA EROR MLU SERING BGT EROR JD SUSAH MO TRANFER,2025-04-04 07:11:55
b0cb7d3c-6259-4ff6-b4f2-47e3848939c7,Eti Nurwendah,2,"Ga bisa tf ke beda bank, Qris, gopay, shopee, dana, dll. Sampai kapan?",2025-04-04 06:47:08
6325d81c-2fd7-4317-a804-f8bcfdde67aa,Sumi Yati,1,"aplikasi bodoh,menyusahkan pengguna,,,woiii depelover bangunnn,,,benerin nih aplikasi",2025-04-04 06:44:03
3b817bc5-1a74-4497-8cd4-1a8573ab69e0,Bastian Dewantoro,1,"Tidak bisa transfer ke bank lain, sering eror juga, bukannya tambah baik malah kualitasnya menurun",2025-04-04 06:34:22
28c0beb3-0ec3-488d-b3d1-9a9cbee9057d,Wahyudin,1,Maintenance fiturnya,2025-04-04 06:05:20
a5f392ca-1aa8-4aa8-bc41-03209afe4f57,novi wahyuni,2,selama ini pakai aman tp di momen idul fitri bgini fitur transfer antar bank hilang jadi sulit kalau mau transfer beda bank apalgi atm dki sgt jarang ada tolong segera di perbaiki..,2025-04-04 06:01:46
5e421ad2-1048-43b8-bb32-910bc5beea1c,Ika putriyani Utami,2,"ini kenapa ga bisa transfer ke bank lain,, parah sih,,udah beberapa hari ga bisa,",2025-04-04 06:01:45
ce8b61a2-8236-4900-b5de-42189f3cdf3f,OLERMAN SIHOTANG,1,"mengapa tidak bisa transfer ke bank lain dan ewallet ga bisa .... bank paling disayang oleh pemda DKI, tetapi...",2025-04-04 05:51:54
2f496411-c325-421e-bf96-297588a63e01,-10_Coconut_Raihan Zikri Ramadhan,1,Saya ingin mentransfer kan uang elektronik tidak ada tolong di perbaiki dan pada sistem lainnya,2025-04-04 05:18:05
859b388f-cd43-4776-b0d8-b672b7a82aae,BERKAH WICAKSONO,2,aneh... ga ada transfer ke lain bank ????? pernah pake qris uang nyangkut hampir 3 hari,2025-04-04 04:56:19
37d42309-4a74-47c3-87f6-1cdfa361a440,Muhammad Fatan,1,"ini kenapa yaa, menu uang elektronik HILANG SEMUA kemarin ada gopay, sholat, dll sekarang kok GAADA??",2025-04-04 04:53:45
3b528942-2172-4de8-9bd5-28cd7fe9777b,Muhammad Ikbal (Ikbal Dono),1,"Aplikasi EROR mulu, transfer antar bank tidak bisa diaplikasi JakOne Mobile. Melakukan transfer antar bank lewat mesin ATM saldo sudah terpotong namun belu masuk ke rekening tujuan, ngurusnya lama nunggu 14 hari kerja. MOHON KEMBANGKAN DAN DIPERBAIKI LAGI SISTEMNYA",2025-04-04 04:44:14
d2e098ac-d211-479f-9eeb-44930fb85e81,Narwan Gk,1,kecewa berat,2025-04-04 04:39:09
d96d2e28-37b7-4bc7-a323-b31d3ebf8f41,heru wahyono,1,Bank macam apa ini. Karyawan Bank yang libur customer yang repot. Bank yang lain tidak ada masalah. Tolong segera di perbaiki.,2025-04-04 04:34:47
e12d98a3-f918-46f3-94fb-3c47ee4ab3a1,Sekar Titis1910,1,"INI BANK KENAPA LAGI SI MASYALLAH???? TF ANTAR BANK GA BISA, TF KE UANG ELEKTRONIK KEK SPAY, DANA, GOPAY AJA GA BISA, TRANSAKSI QRIS AJA GA BISA. NARIK DUIT DI ATM AJA GA BISA, KENAPA SI?? DARI LEBARAN LOH BEGINI TRS, KATANYA MAINTENANCE CMN DARI TGL 31-1 DOANG, SEKARANG TGL BERAPA WOI?? CS DIHUBUNGIN JUGA GA ADA YG BISA, DUIT GUA DISITU SEMUA WOI.",2025-04-04 04:26:48
40e0e9a2-fab0-4aa5-b4e1-c655d3cafa27,"P, Nova Irawan",1,"Fitur transfer antar bank hilang, aplikasi bank macam apa ini?!",2025-04-04 04:08:04
897bafb6-59a2-4fa9-929a-5628e95adf04,PapahnyaMesut&Rayyan,1,tiap bulan ada aja kendala di menu apk nya,2025-04-04 04:01:52
f9fddd14-97ca-4141-b277-4f48dae965fe,Ruben,1,"Aplikasi Mbanking paling sampah, klo bukan Krn gaji udh diapus. Sering bangat bermasalah yang di kirim tidak masuk ke tujuan, bila proses loading lama saat pengiriman di mutasi berhasil tapi tidak sampai ke tujuan mau itu Transfer, Qris atau Topup. Aplikasi ga pernah dibenerin, beda bgt sm mobile banking lain. JakOne Setiap gagal transaksi lsg ke potong, dan harus laporan trus yg habisin waktu dan pulsa. Setiap tanggal gajian aksesnya lemot bgt. Ini bank memakai IT magang sm server murahan.",2025-04-04 03:55:16
f0eab379-180a-416e-90c2-9d380eb16188,Sukardi Hasanudin,3,"Tolong kembalikan fitur top up e wallet, pada hilang semua ini, sisanya cuma yg bank DKI aja, ada apa ini?",2025-04-04 03:50:34
1effca96-a8a6-420b-a655-8a7400af4a52,Selamat Jo,1,"Aplikasi Macam apa ini, perbaikan kok berhari hari, ga bisa tf ke bank lain",2025-04-04 03:34:47
9cf1f34e-aa2b-49f1-971b-d1f4a6739eb0,kusman danu,1,aplikasi buruk,2025-04-04 03:26:14
7263b11e-4c56-47e4-9d54-f64f01c14c25,Adiana Dzulkifli,1,"kemarin saya mau top up cuman ada pilihan nya shopepay doang di uang elektronik, sekarang cek dipilihan uang erektronik ga ada pilihan nya sama sekali. aneh ambil uang diatm malah ke blokir pembayaran disupermarket malah salah pin. qris di indo/alfa aja engga bisa. aneh",2025-04-04 03:19:34
ec43a0c5-d7b3-49b2-9ce4-5d2d91278724,Ilham Ramadhan,1,"gajelas asli , mau ngapa""in susah ga bisa TF kemana"" anehh.",2025-04-04 03:08:42
85873022-eecc-40c6-8abe-1ec48c7d2164,Dedi cenel91,2,"tolong perbaiki masa G""bisa buat trnsfer bank lain bisa'a sesama DKI prcuma ada'a jakon mobile kalau kaya gini mah",2025-04-04 03:06:47
0f5f56ad-c873-4f07-b79e-8817b6c39dd4,Sinta Yunita,1,sekarang tahun 2025 jadi susah transfer dari Jack one ke bank lain gak bisa di klik tujuan bank lain dan gak bisa transfer juga ke bank lain dan gak ada fitur menu nya buat transfer ke bank lain dan gak ada juga fitur menu juga trasnfer make bi fast cuman ada fitur menu transfer ke bank DKI aja sama virtual account aja minta tolong dong aplikasi nya diperbaiki sekarang jadi susah begini buat nge transfer dan lain-lain 🙏🙏,2025-04-04 03:06:00
7978110f-428b-4fb9-a7ce-849b252a024f,Robi Gliano,1,"Bank pembangunan daerah pertama di Indonesia namun pelayanan aplikasi yang lemah, tidak lengkap dan sering bermasalah terutama di hari-hari besar seperti Idul Fitri",2025-04-04 02:47:54
73b7c0c9-8edf-4e0f-9c7f-1c5a3ccf4e9e,Mohammad Ismail,1,Kacau banget fitur nya sering bermasalah Klo urusan utang aja gercep,2025-04-04 02:45:44
6a5e2249-d828-4322-82af-37d8767fed4e,Agung Setiawan,1,buat bayar apa apa jadi susah...lagi dibutuhin,2025-04-04 02:25:29
799d6f9c-aadf-4adc-90c8-4d60b4407c92,anita marlinda,1,"jackone mobile ud seminggu tidak bisa untuk yg antar bank lain, tidak bisa pakai qris... sudah sering seperti ini .. amat sangat mengecewakan",2025-04-04 02:14:05
720e8ebb-5e3a-45b6-820c-e8b527ceb6cb,Afan Nafa,1,"Bikin kecewa.. udah berapa hari ga bisa di pake buat transfer bukannya makin bagus gimana mau bersaing dengan bank yang lain malah parah begini, ini mesti di ganti pejabat-pejabatnya, malu-maluin DKI.",2025-04-04 01:57:06
241a8120-a436-46af-95aa-a9df91fa7fe6,Alam Dwiki F,1,"Sudah hari ke-6 tidak bisa TF ke Bank Lain, isi Gopay, isi OVO, bukannya segera di Maintenance malah pada lanjut liburan... Cuma bisa sabar",2025-04-04 01:35:31
0a3aec71-3030-4013-ba53-6b6e8c98e0ee,Bagus Nugroho,1,"udah 6 hari app gak bisa dipake, TF, qris, tarik tunai ATM juga gak bisa.",2025-04-04 01:34:50
446f8ada-b192-4ed9-8f1e-ece08fd12aa1,Luthfy Rijalul Fikri,1,"aneh, mobilr banking paling aneh. mohon segera diperbaiki",2025-04-04 01:34:43
3261b34c-4ba1-4f13-8102-6d02b6277c99,niken utami,1,"tolong perbaiki sistemnya. masa tidak ada transfer ke lain bank tidak ada dan uang elektronik tidak ada gopay, shopee pay dan ovo. sangat mempersulit nasabah dalam melakukan transaksi",2025-04-04 01:23:25
f95c500f-a8a5-435c-9a8b-bd226e9b497a,kang achmad,3,"mohon infonya untuk uang elektronik Shopee dan gopay sudah tidak ada, apa sudah tidak kerjasama lagi? 2 aplikasi uga sangat bth belanja online",2025-04-04 01:11:05
49a07c19-265b-43fe-aa88-2333f05bf20d,Suyatno 025,1,sering error dan lama perbaikan nya,2025-04-04 01:06:16
9294f7dc-ea4f-4f84-b2e9-cb039e3fe647,Dedy Chairuddin,1,"gabisa transfer antar bank, qris gabisa, top up shopeepay gabisa, transaksi debit gabisa, tarik tunai duit ga keluar kerenn",2025-04-04 00:49:22
edb0b772-eee6-4ecd-b73b-4d1ffd3adbef,japri japri,1,cacat masa gangguan hampir setiap hari mau TF ga bisa uang punya sendiri kok susah banget buat di pake,2025-04-04 00:17:29
964fb9be-a294-4fcd-8441-875d4c9baf86,M GATOT KAMBUNA DANI,5,mantap,2025-04-04 00:16:24
0085c562-1f7a-464e-9083-b576caba30b3,Yahya Ramdhani,1,"orang lagi lebaranan, tapi TKD dan Gajih ditahan... dengan menghilangkan transfer antar Bank dan QRIS diblock",2025-04-04 00:14:40
0367462f-32cb-4181-bd80-f09406bcc5cb,Anita Maryam,1,Kapan nih dibenerin Sistemnya. Gak bisa TF ke Bank Lain. Offline terussssssss. maintenance masih pada Cuti Lebaran apa ini ? Tolong segera diperbaiki,2025-04-04 00:08:36
c407b8db-ce7b-45a1-b6ec-cb67c26d6879,Ardiansyah Ardiansyah,1,isi gopay sama ovo tidak ada tampilanya..kode QR tidak bisa juga.. teransfer bank lain tidak bisa juga.. virtual account tidak bisa juga..wkwk yg bisa malah gopay..buat teransfer bayar KPR BTN.. teransfer bank lain..,2025-04-03 23:54:14
9befd9c9-d6cc-49a4-abcd-47e0d5bdfb01,Eko Suprihadi,1,"saya rasa sengaja di lock aplikasi nya y supaya tidak bisa transaksi??... Mesin ATM juga sama semua nya eror/rusak, apasih tujuan nya...",2025-04-03 23:53:21
4022133d-760e-4cb7-b650-100415ee5080,srwijatmiko gatot,3,"betapa malunya aku.... tf antar bank, tarik tunai atm ngak bisa, yg aman apa lagi yaaaa",2025-04-03 23:48:27
aafc45b2-191f-4f6a-8197-e0fcff07c5dc,DEK BANGS,1,kebanyakan problem,2025-04-03 23:08:11
a8fa440d-74d7-4194-8b6d-622b7dc93f47,Ahmad Fajar Burhanudin,1,"Ngambil di atm ga bisa, transfer ke rekening bank lain biar bisa di ambil di rekening lain ga bisa juga. Jadi bagaimana caranya biar uang itu bisa di pakai?",2025-04-03 23:04:33
97472373-9447-4674-acad-3203407cf281,Agus Anwar,1,"aplikasi nya jelek, sering eror, lebaran ga bisa transfer keluar DKI, pembayaran qris jg g BS, terpaksa pake Bank DKI karna gajian lewat bank DKI",2025-04-03 22:54:57
b1174aae-062c-43f2-a673-8d01f46cfe21,Fajar Widyaharsanto,1,menyusahkan nasabah ga berusaha berikan solusi terbaik dan tercepat,2025-04-03 22:46:31
d47992fa-e93f-40c6-9cff-156c9b26cb1d,Mohamad Isnandar,1,"aplikasi ngga jelas, cuma bisa transaksi ke sesama DKI , mau transaksi Ovo,dana, shopepay ngga ada , padahal cuma 1 provinsi doang tp sistem lemah , malu2in kalah sama BCA,BRI,livin",2025-04-03 22:25:52
b1c8420d-72af-428b-88c2-fea429180948,Mi CAST,1,"gak bisa tf ke bank lain, sering kali error",2025-04-03 21:54:37
637350a9-b9b7-4637-9e01-6b0d7325030d,andika dikai,1,"paraah,mana tanggung jawabnya?perbaikan kenapa lama?IT nya mana? libur juga kah? 👎",2025-04-03 20:26:19
5ac67e8e-c175-4520-8ea5-5d36043a5bff,nate river,1,"Bank gak guna, layanan isi ulang e wallet dinonaktifkan.",2025-04-03 19:40:50
300c9e36-d95b-4705-9ec9-027a3f9a8cf6,Mr. X,1,"tolong perbaiki, menu2 seperti top up e wallet dan transfer bi fast yang sangat di perlukan ini mengapa tidak ada",2025-04-03 19:25:06
3ca132ee-079a-4b2c-b4e9-4c8866b29322,Mohamad Feri ismail,1,transfer antar bank knp ga bisa ini oi penting bngt padahal,2025-04-03 18:45:16
18207960-3e3f-4c92-bb40-05a384faf22d,Bayu Pamungkas,1,tidak bisa transfer antar bank ataupun topup ke aplikasi pembayaran lain,2025-04-03 18:21:43
9c2c44d8-63a8-4e38-a306-b582dd1038da,Ikhwan Prasetya,1,"paling layak bintang 1, bank daerah yg ga mau berbenah, kebanyakan maintenance!!",2025-04-03 18:11:13
738d8de2-b1a8-415c-8d0b-de367eee3255,Syofyan 1983,1,"Saya sbg pedagang sangat kecewa pakai Qris bank DKI ngak bisa transaksi sangat memalukan.setelah saya tarik uang saya semuanya,akan saya tutup rekening saya di bang DKI ini.Bikin rugi usaha saya.😡😡",2025-04-03 17:52:11
77d6b3af-cc1d-4e8e-8e1c-f38f4998b4a1,Agung Syukroni,1,suka down mulu sistem server nya.,2025-04-03 17:49:01
c6830053-47e2-4b33-b846-5cee3d4100e9,Muhamad Vikri,2,"Fitur Transfer antar bank diadain lagi , tolong",2025-04-03 17:20:43
4b921638-539c-4bbc-bb25-182e347fee5b,Samuel Giftman Sagala,1,sebel banget banyak aplikasi yang hilang,2025-04-03 17:10:52
c92b93fd-88a2-4acf-b305-3c32e4934ae8,Ratma supriatna,1,"jack one knp jadi seperti ini,,, banyak fitur2 yang hilang. makin kesini makin buruk saja.",2025-04-03 16:55:02
3e61fc66-1fc5-42c3-a99a-8c9baeaf25f2,Nazifa Almahyra,2,"halo, ada apa dengan jakone kenapa fitur-fitur nya bnyak yg hilang tidak bisa tf ke bank lain dan untuk tf uang elektronik tidak ada Shopee, ovo, dana dan lain lain bisa di kembalikan seperti semula",2025-04-03 16:33:20
c5f637c4-44f0-4dc9-8cf0-514bda979401,Danu Pamungkas,1,"lebaran syahdu gara2 bank dki error ga bisa transaksi kmn2, ga bisa tarik tunai pula",2025-04-03 16:10:57
3fd0ab52-d4c8-4401-8bf9-4f6a2d89c39a,Hendro Saputro,1,parah lebaran di kampung gabisa ambil duit di ATM bersama,2025-04-03 16:08:30
e9d318e4-b01a-4b4c-bc9f-393f235c3b69,alfajri aulami,1,transfer gagal tapi saldo kepotong aplikasi jelek banget,2025-04-03 16:01:50
ad4da895-d58f-4de5-8ee8-81c9e6593aa6,ambri yadi,1,User saya terkunci. Bagaimana cara resetnya? ada tambahan. jakone sudan tidak bisa transfer ke bank lain atau qris. yuk kita kosongkan saldo,2025-04-03 15:53:13
0e97d063-f585-42ce-9855-4e4a46b74bb8,Muhammad Rivaldi,1,"Ini gimana si e wallet gaada, transfer ke bank lain gaada. Gausah lah sok eksklusif, gajelas",2025-04-03 15:43:34
7528548b-9a05-412d-8043-612e4dd4d0c9,Ray Up,1,"makin aneh jakone,kagak bisa tranafer ke bank lain,apk error apa human error nih,paraaah liburan lebaran koq apk nya ikut libur,IT nya kemana?gabut koplak",2025-04-03 15:28:58
0341e461-f7fb-43a0-949b-248481f0c2e9,Muhammad Reza Saputra,2,ini cara aktivasi kartu debit gimana? kok gaada menu aktivasi di jakonemobile?,2025-04-03 15:20:56
5b2d661c-029f-410a-8fe2-c59dd36defbf,muhammad iqbal,1,BANYAK EROR TRANSAKSI ANTARBANK JADI GA BISA BANYAK FITUR² YANG HILANG. TOLONG DI PERBAIKI SEGERA.,2025-04-03 14:51:50
b25cf9af-b11b-4da8-b128-fa430225d8f3,samuel siburian,5,mantappp,2025-04-03 14:48:10
913f66c2-29d8-4796-af45-f97b0e79b4f3,Firman Suryadi,1,ini fitur banyak yg ilang ya wkwkwk,2025-04-03 14:47:41
e1a6f4fd-9569-43c6-8e0c-4f48f3f8fdb7,Kupluy Kampleng,5,"Tolong aktifkan lagi menu untuk topup Gopay, karena sangat membantu pembayaran. Terima kasih.",2025-04-03 14:38:10
9ec618bc-5080-45b3-aa8a-3c323960daea,Dasep Wahyudin,1,Ada apa Bank DKI dengan Hari Raya Idulfitri hari raya Umat Muslim sehingga terkendala layanan lebih dari 3 hari sehingga sangat berdampak pada nasabah yg mudik ke luar daerah,2025-04-03 14:37:31
8eb66fe5-1bb8-4297-948f-4de49da9eda5,Ahmad Irgi,1,RIBET HARI' ERROR TRS,2025-04-03 14:33:46
922baccd-2755-4513-9f5b-60c14674f6c9,Leo Rizkyy,1,"kacau lebaran 2025, aplikasi kaga bisa buat Transfer ke bank lain, udah gila kali ya!!!! benerin oyyy!!!!",2025-04-03 14:33:33
099effcd-32e0-4c24-ac7e-beda247a7cb8,Andika Prihartono,1,"tolong dong appliksinya diperbaiki transfer antar bank gak bisa skrg, topup e wallet juga banyak yg gak bisa juga.",2025-04-03 14:14:30
9c78937f-14ee-405c-a169-8366403cab2b,FebriAr,1,sering eror tiba2 fiturnya banyak berkurang,2025-04-03 14:12:53
b75ebf44-ec5a-4dff-8bb5-2dab5f21a987,Gilang Dwi,1,"menu transfer antar bank ilang QRIS tidak bisa, dompet tunai seperti ovo, gopay dll ilang , cuman shopeepay, tapi tadi digunain juga ga Isa shopeepaynya",2025-04-03 14:10:26
cb730323-dda0-4319-812c-e417c902078c,Awan Kurniawan,1,Kok tidak ada fitur transfer ke bank lain? banyak fitur yang hilang. bukannya mempermudah transaksi malah jadi mempersulit,2025-04-03 14:07:45
9ada1552-bb47-4fea-9306-be8d1f377576,Wildan Ramdani,1,gangguan mulu,2025-04-03 14:02:24
dd4edb41-35a2-4438-bbbc-c899f1d40214,Bang Sapri,1,"fitur ngisi dana dan ovo sudah tidak ada,gmn si min,malah mundur manfaatnya",2025-04-03 13:51:24
841a5434-6331-4f58-bdcc-142b866c199b,Zidniagil El Farhan,1,ribet masa ga ada bakal tf dana ataupun ke bank lainyaa,2025-04-03 13:42:08
d42884d1-6bdb-4043-8e3b-ffdf9f8a29e9,surabina cyntia,1,BANK YANG MENAHAN UANG NASABAH,2025-04-03 13:10:14
4ab510f3-56ca-4581-9fd6-d0774f7d7d2d,Saidah 4F13R E,1,"maaf tanya,ini aplikasi mempermudah apa nyusahin",2025-04-03 13:05:08
f6c82710-5e10-4076-a1c0-e7cd20818fe6,Rizal ngguncuyuy,2,"kenapa sekang susah banget ga bisa ngambil tunai pake aplikasi , transfer saja susah ke bank lain.",2025-04-03 12:36:34
6863a7ee-15d6-43a5-9953-6ff8cc3af7ca,Afnan Syahdila,1,"mbanking errorr, sedang dibutuhkan tetapi offline berhari2",2025-04-03 12:35:58
894392e7-7f80-4ecb-b055-00af69fbffb3,Rudy Rafiudin,2,menu transfer ke bank lain lenyap ditelan bumi...,2025-04-03 12:35:55
0cf1af5a-e16f-425f-9c5c-f9f6bacb4f00,randika adi,1,"menu transfer ke bank lain tidak ada, transfer di atmnya pun tidak bisa",2025-04-03 12:26:51
80c2b61d-63f4-4c3b-84a0-70c48342ba32,safarudin jaya,1,"aplikasih perbankan paling buruk,,, semakin lama bukanY makin baik malah makin turun... percuma punya aplikasi jakone cuma bisa cek saldo sama TF sesama DKI. kemaren2 masih bisa TF k bank lain, sekarang malah di ilangin... kacau malah makin parah...",2025-04-03 12:18:08
1afeedb2-f6d9-4ea9-895f-1348f5a9a672,muhamad apri perdana,1,payah bat fitur transfer ke bank lain gak ada mau transfer ke dana juga gak ada lebih nyaman jakone yg kemaren maren lebih mudah dan gak bikin susah nasabah nya,2025-04-03 12:13:28
283972d4-ed6d-4545-96fe-21b8f93cb6f2,Dian Islamiyati,1,"uang elektroniknya sekarang kok ga ada gopay ya? aneh bgt, shop*pay nya dimunculin, gopay nya dihilangin. Qris nya juga gaje, scan berhasil tapi setelah masukin pin buat payment malah ga bisa, gaje!",2025-04-03 12:09:02
a915ae7b-00db-428c-8276-c68b1d2c002a,Adji Suryo,1,"tolong di perbarui ini jakone mobile, fitur banyak hilang dan 3 hari lebaran ini tidak bisa pakai samasekali notifikasi servernya ofline",2025-04-03 11:44:17
257fc9cc-81ee-4696-8fe1-9b5e5fc956ea,Andri Ana,5,kenapa saldo saya tidak bisa ditarik,2025-04-03 11:41:17
0fe90938-6ddc-4c65-9cb0-b2ac9d57da40,I'm Lapindo,1,"maaf saya kasih bintang 1 , karena banyak fitur aplikasinya yg tidak berfungsi, contoh sbb : - Tidak bisa Transfer ke lain bank - tidak bisa utk belanja pakai Qris - tidak bisa beli dan bayar apapun melalu online jakOne mobile. dan masih banyak lagi firur² nya yg tidak berfungsi. ada apa dengan JakOne Mobile ??? tolong segera diperbaiki aplikasinya !!! .🙏🙏 -",2025-04-03 11:41:03
3c04c98a-b317-4f4a-ad9a-2e521d2722da,Iqbal Tanjung,1,"banyak eror nya, maintenance sampai berhari hari gak rekomendasi, padahal Bank BUMD,,",2025-04-03 11:36:39
abf010c9-6538-4bfe-a9d6-e2daa625b63e,ace kosasih,1,"parahhhh makin kesini makin parah saja pelayan dan fitur di aplikasi jakone, masa setiap gajian selalu gak bisa transfer ke bank lain. maksud nya apa.",2025-04-03 11:20:52
2f445194-75f8-46e2-bf50-8ec2c16a9d9e,Salsa,1,"jelek ih lama lama, ga ada dana ga bisa tf selain bank dki biaya admin gede",2025-04-03 11:18:31
0d0db3a9-bcf5-48f7-80ef-a8da62e58458,andung poppies,1,"kenapa jadi buruk begini sih,bukanya pungsi Jak one untuk mempermudah,ini malah jadi memperburuk sih,hadehhh",2025-04-03 11:17:25
b29c45cf-8652-4f5a-8d5f-732954a1da9b,Suwito Muhammad,1,"aplikasi sampah , sekelas bank ibukota Indonesia bisa bisa nya eror di hari genting !!! mau TF susah mau top up susah ,jadi pajangan aja ni m-banking",2025-04-03 11:14:07
98de5f28-d4c0-45cf-9a33-e182bb9ca330,Untung Fudjiarto,1,aplikasi bobrok...!!,2025-04-03 11:07:50
001085e2-1e49-4448-b87d-9671dbd2268b,Tri Wahyuni,1,"kalo ada penilaian minus, saya pilih itu. maintenance sudah 5hari ga kelar². transfer ga bisa.ambil tunai ga bisa. punya uang berasa g punya uang. Hari raya ga pegang uang. cuma bisa senyum dan minta maaf. perasaanmu piye jal....",2025-04-03 11:04:02
d0586d5e-8c63-452d-a083-51e3e1ab489b,Triztan Qyu,1,tolong di perbaiki dong jakone...fitur BI fast ga ada dana pun ga ada. jdi kerepotan buat transaksi.,2025-04-03 10:31:06
9817c61c-29b8-47a9-bf06-df1cea9cd2f7,Ahmad Rayhan,5,good 👍🏻,2025-04-03 10:21:17
1c88072f-334d-4837-a05b-cdeed780bd4d,Muhammad Irfan,1,"eror sdh 3 hari tidak bisa transfer ke bank Laen, top up ke dana, gopay , bayar Qris dll",2025-04-03 10:17:50
66d0196c-a1fd-462b-8e12-63fa9a3d0f51,Adhen Lesta,1,suka error knp y pas penarikan bnyak kendala y,2025-04-03 10:14:22
c9802bc1-0ece-43a3-a8e3-d28695b4c1f3,Siti Syafrilia,1,erornya gk selesai2 paak.. masa mau ambil uang sendiri gk boleh,2025-04-03 10:03:08
dab2c036-3130-4828-984f-8101ca01b492,ang angga reksa,1,"ini apk gmna sihh??? kok cuma bisa transfer ke sesama bank DKI ajj, gaak bisa transfer ke bank lain,,, bapuk banget nihh apk, apk kaga jelas. update terbaru, malah bikin emosi,,,, pelayanan Bank paling kaga jelassssss, pelayanan bank jelek",2025-04-03 09:34:19
95b45af0-bbd3-4965-adc2-9be08d45c143,Danar Meiryan,1,"fitur nya sangat tidak jelas dan banyak yang hilang, sering juga error mau tarik tunai tidak bisa terus tolong di perbaiki lagi sistem nya",2025-04-03 09:33:53
73a0bdc0-194c-4311-8703-30073e6bb75d,rohman Warohman,1,JAKONE TIDAK BERFUNGSI,2025-04-03 09:25:21
3aa4bc99-d45d-49d6-8e00-dff7ecf73638,Dadung Awung,5,"Hallo bank DKI ,,,knp sih Jak one sangat menyebalkan menu2 ada yg hilang saya mau transfer ke anatar bank menunya hilang saya mau transfer ke DANA ,OVO GOPAY jg menunya hilang knp bisa bgtu c,sangat menyusahkan",2025-04-03 09:16:00
9b1d0bd8-02c7-4e96-8995-242a75846a02,Vandra G Saputra,1,"ketara banget pegawainya males males, bisa bisanya ada trouble, ga ada yg stand by hari itu juga pas tanggal merah, ga bisa transfer ke bank lain sampe beberapa hari",2025-04-03 08:58:39
29ccae25-b086-46d1-b75d-ab02c1fd0d39,Andreas Komul,1,setelah di update koq jadi gak bisa transfer ke bank yang lain???,2025-04-03 08:56:49
085823b3-4637-49a2-b920-09a5a56a94a7,Komarudin,5,Sayang tidak ada pilihan metode transfer untuk biaya yang lebih murah,2025-04-03 08:49:52
0cac9d09-de21-4719-95e0-0f96390ea0fe,Ahmad saparudin,1,"ele elean , di bawa balik kampung kaga bisa di pake , astaghfirullah belom siap yah tutup ajah .",2025-04-03 08:44:02
dd40f40e-cb33-4aab-a578-eb0e1a943e6e,story official,3,"ayo segera diperbaiki, trobel yg ada saat ini di aplikasi ini",2025-04-03 08:40:27
af693ff1-e831-4968-b7fb-c9b4d46ada34,Putra Demiquele,1,"aplikasi menyusahkan,pengguna. giliran potongan aja cepet....15000+adim 5000..tiap bulan nya gak jelas...giliran lagi genting eror mulu...",2025-04-03 08:36:25
ddb7c6d0-56f3-4af8-b751-bcd863dc8d67,Yandi Haris Munandar,1,"parah bgt di hari raya idul fitri malah sistemnya maintenance, ga bisa trf ke bank lain dan ewalet.",2025-04-03 08:22:45
68fb489c-40f1-4418-9b50-6e6ddbd549dd,Rizka Dian,1,kirim ke antar bank tidak bisa ketika perlu,2025-04-03 08:19:19
302dc3d4-7ee2-4988-ad3c-860c0bc715ff,achmad taufik,1,"Sangat buruk sekali pelayanan di waktu libur, tidak mementingkan nasabah untuk bertransaksi",2025-04-03 08:17:21
9bc38131-8d54-4df2-8588-9054e8a5d004,Gunawan Paramita,1,orang lagi butuh. kenapa sih harus error di saat hari penting,2025-04-03 07:58:32
093e7ae6-0b55-4737-86c7-1ccced45aa0b,andibudigunawan oke,5,mempercepat transaksi,2025-04-03 07:56:06
4f62105e-3f06-4727-ac7e-0a1fc7e2db16,Deski Ahmad Maulana,1,"mobile banking paling ga berguna, tf antar bank gabisa, top up ewallet gabisa, tarik cardless gabisa, semuanya serba gabisa, hadehh",2025-04-03 07:51:26
8bd0f840-f032-48d0-a131-ab1be2ce2970,Prience Saiya,1,busukkk banget aplikasinya,2025-04-03 07:37:50
2e0a9c07-9e80-4c2e-a423-1c61394e5d9c,Albait Fikri,1,payah. admin perbulannya gede tapi layanan eror lambat diperbaiki. tolong lebih cepat diperbaiki layanannya dan lebih ditingkatkan sistem dan layanan nya agar nasabah menjadi lebih mudah menggunakan aplikasi jakone mobile,2025-04-03 07:15:31
abee7488-a2b1-4c7b-b4bb-a604c3583abc,Shareen Ayesha,1,makin lama makin gembel aja nih fasilitas dki? jakone mobile knp ini bnyk fitur hilang???,2025-04-03 07:03:10
e56d7adb-a31a-4aa5-b70c-2c8fd4232664,Muhamad Tiar Muharam,1,aplikasi bego,2025-04-03 06:51:48
84ce8c98-6104-446f-ae02-dcbde682c742,Arie Efriandi,1,aplikasi ga berguna masa ga bisa transper k bank lain mana sedang d butuh kan hari raya ...buat apa aplikasi ini ga bisa d pergunakan,2025-04-03 06:49:00
b03bbacd-e6fb-48aa-bb32-f3622ec9df76,Rudi tok Padang,3,kebanyakan erornya dari pada bagusnya dari atm sampai m banking dan hilangnya menu transfer ke bank lain,2025-04-03 06:27:21
f6094206-1f4e-4e8d-89eb-1995b7792cd0,Devi Maryatin,1,Very bad,2025-04-03 06:25:39
b6430dca-2589-4e9f-85a3-5eedfc83f90c,maulana syahroni,3,"Kenapa sih sering sekali hilang fitur mobile banking nya? ada aja permasalahan nya, saat sy mau isi ulang pulsa, fiturnya hilang. isi dana, ovo atau lainnya hilang juga. tolong diperbaiki dengan serius, agar kami nyaman dan aman saat mengunakan apk perbankan JakOne Mobile. Terima kasih.",2025-04-03 06:17:37
b2f92e94-46bf-41d1-9466-db53d2f944ea,Asep Saepulloh,3,waduh gimana ini layanan yang sangat dibutuhkan hilang semua.,2025-04-03 05:47:11
e85d40d4-f3a3-48ba-8ac9-eb50816816fb,Muhammad Khusairi,1,"ini aplikasi bapuk banget, developernya bisa kerja gak sih? bisa-bisanya saat libur panjang malah aplikasi jadi error. bayar admin bank aja tiap bulan gede tapi gak diimbangi dengan pelayanan yang baik.",2025-04-03 05:40:00
084da68c-b9b9-4d38-a2af-c665d4a9206c,Unay vinza,3,Saya suka saya suka kenapa kesini kesini fitur fitur Jakone makin jadi tidak bisa transfer ke uang elektronik dana dan ke bank lain lagi,2025-04-03 05:33:21
0e03752d-27b7-440a-9340-7958cd412463,Satlakdik Kec. Tanah Abang,1,"Di update malah jd masalah, menu transfer ke bank lain hilang.... Menu buanyaaaaaaaaak banget yg error.... Perbaiki dong segera.... Sangat mengecewakan",2025-04-03 05:24:57
06560c18-3dc8-4609-9e60-23979b51d217,Rhenis Azzilzal,1,"jakone bobrok, padahal Mobile Banking Pemda, kinerja ga becus, top up shopeepay aja koneksi terputus, padahal jaringan lancar",2025-04-03 05:05:25
d38e2e75-6f35-4e1a-af5b-5b4bdc59b624,Ridwan Zafran,1,Ga bisa transfer ke bank lain.... kusut...,2025-04-03 04:38:56
43dc5946-a0b9-402a-a0b1-e17f1a74509a,Uchiha Madhon,1,"Engga ada menu transfer ke bank lain, cuma sesama DKI sama VA doang.. payaah bangat..",2025-04-03 04:28:02
2f780351-111d-45be-84c6-3e944c93d82a,Ldrudiyt10,1,"payah, tiba-tiba tidak bisa transfer ke bank lain. hanya bisa sesama dki.",2025-04-03 04:23:26
99a46c87-f951-48fa-be81-2765721dcfa3,Jakiyah Linda,5,ok,2025-04-03 04:09:01
7e61b358-eae1-407f-9678-67b81381cf3c,Sunan,1,"tolong diperbaiki aplikasinya,menu transfer cima bisa sesama bank dki dan acounvirtual saja",2025-04-03 04:07:16
f57dc716-1979-4264-80fe-7d1da1499330,Faiza Lala,1,heran gembelita banget sistem jakonenya,2025-04-03 04:06:31
2858f1da-48b8-4e1d-bfbe-c0b68113e9fe,FarhanR,1,kenapa tidak bisa transfer ke bank lain? sangat aneh!!,2025-04-03 03:55:15
40c4deb0-68c6-476b-8929-26909855d0d5,Mukti Wibowo,1,udah 2 hari gak bisa transfer ke bank lain & E-wallet. kaciwwwww,2025-04-03 03:48:56
87a17b91-d856-4492-82f8-0b667eb746b1,Indang Adhi,1,"Beli pulsa lewat jakOne biar lebih praktis gak usah ke conter.., tapi malah amsyong., Saldonya sudah diambil., tapi pulsanya gak tau kemana.., mohon segera diperbaiki masalah2 yg seperti ini.,",2025-04-03 03:48:26
0d63568e-cf56-42f4-903d-2f67a975859a,Djawa #80,1,transfer ke bank lain tidak ada.... tolong segera d perbaiki... jadi memperlambat transaksi...,2025-04-03 03:43:44
c63e194c-38ce-45dd-bc2c-a23cb6ddd4f4,Riki Pebrianto,1,apk kaya gak siap buat launching malah di paksain kesannya jdi nya bnyak eror trus,2025-04-03 03:34:15
74669dfd-36d7-451c-aaf8-8367fa970a5a,Ananda Pratama,1,"tidak bisa transfer ke lain bank, tidak bisa top up dana, gopay, ovo, dan lain nya, payah mempersulit hidup",2025-04-03 03:31:49
6b1867ac-e4ea-4127-9c96-048355ee9875,zoel69 amour 69amour,1,"bank DKI jakone dah mau bangkrut ky nya. pelayanan tarik tunai gk seperti ATM bank lain.. klo penarikan gagal.. knp penarikan dalam proses.. tapi berjam"" di tungguin.. yg di sesali.. kita dah transaksi.. uang kita diambil org... jika gak bisa di gunakan ato gagal transaksi... jgn di buat tarik tunai dalam proses.. di tungguin lama ampe berjam"" dlm ATM... klo mang gagal. katakan gagal..",2025-04-03 03:27:57
35ec717d-b1b8-49d5-9153-fdb38d1ea907,Viki Jong,1,ini kenapa lagi ya jakone ngga bisa tranfer bi fast dari lemarin padahal lagi butuh banget,2025-04-03 03:09:06
c97829d7-730f-4308-ad40-8fb6b99be431,Suaeri Eri,1,gk berguna di Luar Wilayah Jakarta.. Gk usah simpan uang Banyak2x d Bank DKI..,2025-04-03 02:48:45
780e0a27-5ce4-40d3-a35d-00ada190d811,Teguh Abdurrahim,1,baru kali ini mbanking gabisa TF ke bank lain. ngakak,2025-04-03 02:42:41
5a82925f-1a13-44d8-b11b-771122717ca5,Pijar Qolbu,2,pelayanan sekarang gak ada transfer antar bank,2025-04-03 02:30:07
1606b25f-6534-4547-ac23-1bc26a1b4a3c,Be Bee,1,Sangat Kecewa udah 4 Hari E BANKING EROR dan pihak BANK Tidak Bertanggungjawab!!,2025-04-03 02:23:44
ef535f2c-c812-4b4a-9b09-f55898b0294c,ori andina,1,"aplikasinya ga bisa trf antar bank tarik tunai di atm bersama, gopay, ovo tidak ada lagi pembayaran qris ga bisa...maunya apaa iniii",2025-04-03 02:20:52
a62cbd1c-b735-4f85-9bda-5d2d5e377f23,Hasan samuda,1,"Knapa kalian Sering Eror??? Skarang menu tf antar Bank ilang, pembayaran pulsa ilang! Next apalagi yg ilang?",2025-04-03 02:10:05
25e7b14a-e698-4026-80c3-03e93965e16e,bang joe,1,"Bank paling tidak profesional!!! masa perbaiki jaringan samapai berhari, udah gitu di moment lebaran lagi, kan orang butuh transaksi, emang bang DKI banyak ATM nya gitu!;;",2025-04-03 02:01:14
4390d98a-7afb-40dc-a078-6510ad47f335,andri amon,5,Sebenarnya memudahkan...tapi kadang suka error,2025-04-03 01:50:08
dc84ff44-f066-49b4-afa2-b254df77cec0,Echa Elfinsa,1,"selama cuti bersama dan lebaran kalau memang mengurangi operasional offline mohon onlinenya di tingkatkan parah sekali. masa tidak bisa qris, tidak bisa transfer ke bank lain, tidak bisa tarik tunai di atm bersama",2025-04-03 01:24:08
9de8ab7e-89a2-4b06-8a35-512eb409f94f,Ahmad Alfiansyah,1,"sumpah ini ngapa dki kaya apk busuk gini,buat apaan buat bank tapi gabisa tf ke bank lain ,sampahhh",2025-04-03 01:07:25
a99821d9-82c8-4265-9e20-61666991edfe,Susanto Azis,2,"Ribet error mulu mau transfer ke Bank lain aja susah, tolong di perbaiki aplikasinya.",2025-04-03 00:58:59
1df17a0e-8797-4b89-8cfa-a4f61e13245f,Ruri Adiansah,1,Bank Macam Apa ini... Sering Banget Erorr...,2025-04-03 00:53:13
7dc9c6df-3067-4f64-8ce6-062483f13066,dicky wilianto,1,"aplikasi kacau, ga bisa transfer ke bank lain. apk 4njIn9 ini",2025-04-03 00:36:49
0c10d78b-256a-4d65-9bce-923c5979f267,KM QT,2,"kacau2 dari Lebaran Ampe sekarang ini app kagak bisa kebuka,",2025-04-03 00:28:29
c0af12d3-5366-4bc9-979a-1fe559c32cf0,Dody Prasetyanto,2,"aplikasinya fitur transfer antar bank dan pembelian uang elektronik tidak ada, tolong di perbaiki",2025-04-03 00:12:13
7cea4799-82fe-4d4a-8d13-49cfe500dfa5,echo froggy,1,aplikasinya selalu error hanya untuk transfer antar bank DKI saja tokong diperbaiki,2025-04-03 00:11:30
4f6265de-e8c3-48aa-807c-53ca19b0e098,supriatna 1987,4,tolong diperbaiki saya isi pulsa 4 × masih dalam proses tapi dana tidak balik. mau tarik atm bersama gagal terus. mau isi ovo pun tidak ada.,2025-04-03 00:04:56
d6396663-9e56-45b7-aef0-467cb72aa00d,ari andrias,1,sekarang mau transfer ke dana kenapa dihapus ?,2025-04-02 23:45:08
898868b0-2541-4efb-83b1-5a036827ee02,Riki Atmakusuma,1,"Sejak tanggal 30 Maret 2025, Jak.One mobile tidak bisa melakukan transfer antar bank maupun melakukan pembayaran via QRIS, ini sangat merugikan kami sebagai konsumen setia Bank DKI.",2025-04-02 23:10:51
081b1215-ea06-4cf1-bceb-e34d3f3afafe,Rizki Ramdani Subahan,1,tidak ada menu transfer bank lain sudah beberapa hari ini,2025-04-02 23:08:03
e7bb7beb-3b81-48d9-9e98-7d0e16e3ba73,halimun 126,1,Tolong diperbaiki menu transfer dan pembayaranan e wallet seperti semula..,2025-04-02 23:03:16
fa2a1a46-d0f2-482e-b6f0-554b2a0b1afd,ADHA ',1,"tolong di perbaiki error di aplikasinya, masa transfer ke bank lain tidak ada dan untuk topup dana juga tidak ada",2025-04-02 20:14:16
50ed9de2-8321-4357-a84f-34cca5a34772,Irfan faris Sagita,1,gak ada transfer antar bank.... percuma mbanking jadi gak guna....,2025-04-02 19:25:53
d9c20bb1-8c0b-46f1-8b4f-c9c276a28e95,Eterno Young,1,makin nggak jelas,2025-04-02 19:07:59
a2740efa-f51f-4644-92d9-3f541457736e,Ibnu Gunawan,3,"kenapa tidak keluar menu transfer ke bank lain ya, gimana caranya tolong arahannya",2025-04-02 18:57:36
712b968e-2bb2-457e-9c08-b30922acbd45,Toni Note,1,itu gmn caranya mau transfer? menunya kacau balau. mau transfer masuk atau keluar error. knp jg pilih error waktu lebaran gini. yg bener dong minnnn. minta dimaki2 kali y,2025-04-02 18:49:51
7a99394f-12f3-4f55-87d7-3b21d974eeee,Gunawan,1,"Kalau upgrade harusnya lbh bagus, ini makin jelek. Sblm upgrade msh bisa transfer antar bank, namun skrg gak bisa..",2025-04-02 18:26:16
538ae0fd-11a4-49ca-9ecd-d9ceade30c90,Firmansyah Asmari,1,menu transfer ke bank lain malah di hapus di aplikasi mbanking ini gmna woyy masa cuma bisa sesama rek dki bikin susah kita yg usaha kan nggak semua pengguna bank dki,2025-04-02 18:22:39
136499b2-5e5e-4daa-8933-5a92d55512d3,Putri Mulyani,3,"uang elektronik kenapa cuma ada shopeepay, jakcard, sma jakone pay ajaa.. selebihnya kemana yaa transfer pun hanya ada antar bank dan VA hadeuuhhh menyusahkan",2025-04-02 17:33:08
4ec7c71e-9872-4344-a18c-3c3aa9ea62f6,Ika Willis,1,"1) Tak bisa transfer antar bank yg berbeda, padahal lagi diperlukan banget untuk Idul Fitri. 2) Tak lagi tersedia gopay, padahal dulu ada, bagaimana caranya mau berkeliling Idul Fitri dgn ojek online? 3) Percuma ada fitur mutasi tapi mutasi masuk/keluar nggak ke detect. 4) Percuma nelpon CS kalo ada masalah, karena selain tekor pulsa, masalahpun tak selesai. 5) Qris tak berguna, tak bisa untuk pembelian. Aplikasi sering eror. Sampah. IT ganti aje. ATM DKI pun jauh dari rumah",2025-04-02 17:00:39
0e26bdf7-d4bc-4261-baf8-747489f6fdd9,Suharyono AMP,3,"sekarang tidak bisa beli pulsa, tidak bisa isi gopay, ovo",2025-04-02 16:41:13
0b0e7e33-9ec6-4727-946c-13d2823738d7,fitriani adam,3,kok saya engga ada pilihan tf ke bank lain ya di jackome mobile saya,2025-04-02 15:55:22
4951592b-2715-4d2a-bd70-58fcc0736427,Do'a ibu,1,kenapa fitur dana gopay di hapus padahal kami sangat membutuhkannya,2025-04-02 15:51:38
4313a4cf-75b3-4732-a9f7-ce0b6cf09182,Jihan Sajidah,1,dari sebelum dan selama libur lebaran seminggu sudah ga bisa transaksi transfer antar bank ga bisa isi shoppe pay payah banget Bank DKI,2025-04-02 15:34:06
3ccb436b-341e-4e26-8fff-918b2a73e6ad,kartika yusnia,3,gimana ya. kok pas lebaran bi flast g ada hilang. dompet elektronik.. juga dana.. isaku pada hilang. padahal lagi dibutuhkan banget,2025-04-02 15:30:47
560936cf-bc3d-4c6b-b1d8-a8e5c72b6d9b,Ibnu Atmi,1,mobile banking paling gak jelas .,2025-04-02 15:13:13
4808e7a8-c0f5-43ef-a38a-c93a240c04bf,maharaja maharaja,1,sistem buruk,2025-04-02 14:56:24
1829400f-81e2-4613-8b29-00586e538a95,Bedul 001,1,jakone lagi ngapa yaaaaaaa ko gak bisa transfer antara bank sih ????????????????????,2025-04-02 14:39:21
548b922b-490c-4b72-97b6-a6f73fe3788d,fauzan riza,2,"Kenapa jadi makin payah apk nya, Tidak ada transfer antar bank, tidak bisa top uo gopay,",2025-04-02 14:02:57
46b9e391-9835-46e7-b847-26ea911f872c,Muhammad johan putra,2,"balikin semula, transfer antar bank dan ke dana bisa",2025-04-02 13:52:06
9358f925-1348-43a2-b713-110440a1b052,Shirahossi,1,"ngelawak kah dki ?? gak bisa TF antar bank, gak bisa qris. ?? lagi cuti kah atmnya",2025-04-02 13:42:38
539b8641-7333-4e15-8c50-d788d063b1ce,Danu Anggara,1,Maaf bintang satu...aplikasi jakone mobile sebelumnya bisa transfer antar bang...sekarang malah ga bisa. Bukannya kemajuan malah kemunduran 😔,2025-04-02 13:35:36
56d3ddc0-8715-45b5-8b01-5439586fe83e,Siapa,1,tidak ada pilihan transfer ke bank berbeda,2025-04-02 13:30:05
4e451f8b-c2aa-43ba-801e-db0c68c57bb3,hidayat muh,1,"kok makin kesini makin ampas aja ya aplikasinya. menu transfer antar bank, pembelian pulsa, topup ewallet semua HILANG. aplikasi yg dikelola negara ga ada yg beres ampas semua.",2025-04-02 13:08:25
ff6704ba-650c-45ca-a750-b1375ba87c53,RAZU BIMA,5,cukup baik,2025-04-02 13:06:08
04afe3c1-eb8e-487a-85de-de60eeac9050,ADANY SHIDDIQ,2,"kenapa sih seringkali fitur transfer antar bank tidak muncul, apalagi momen idul Fitri ini momen penting.. kalau memang sedang ada perawatan minimal diinfokan dulu ke setiap pemilik apk ini, mohon bisa diperbaiki",2025-04-02 12:49:26
afa87d4e-85ef-4b04-9228-18e7cffe68fe,oka dwi,1,udah seminggu ga bisa transfer ke bank lain dan ambil tunai dari ATM lain,2025-04-02 12:41:11
0f2c8f8c-be35-45ef-b389-170fe405df4e,dian suci paruri,1,"sering bgt bermasalah, kacau!",2025-04-02 12:23:08
e7cd26e8-c9e5-430b-972b-0b443f32e808,Bang Satpam,1,sampah!!!,2025-04-02 12:06:34
0a45469b-f294-4cce-be02-7c9b1bf8f2ec,Untung Sinaga,2,kok nggak bisa tf ke bank lain ?,2025-04-02 11:57:21
bcf8c7af-54cc-4030-858a-ca7ef643b181,shony handoko,5,topup gopay ilang ovo ilang dana ilang shoppe pay gagal terus transfer ke bank laen ga bisa sering eror kalo tiap awal bulan harus jadi perhatian lebih lanjut,2025-04-02 11:30:09
4bcc86a8-ad84-48bf-9469-f3d06a9c2d68,Ade Bagus Pribadi,1,Gatau gajelas nih lama lama BANK DKI! Transfer ke bank lain masa gabisaa. kenapa si harus dipersulit. tolong lah...,2025-04-02 10:45:42
9fabcda9-5ae9-46c4-8cc5-ab8de3627f87,Lanny 5499,2,knp gak bisa beli pulsa/paket data di app. ini,2025-04-02 10:36:58
e87c7bd4-2ecf-4287-a738-cab8d2faf0d3,eka safitri,1,tolong di benarkan kenapa tidak bisa transfer beda bank selalu eror begini biasanya bisa kocak bener lagi buru buru malah gak bisa transfer beda bank hadehh 🙄🙄🙄,2025-04-02 10:21:56
d9e9b08d-1a01-4d15-a18d-7b5104a21b67,Omar Rowing,1,"Menyusahkan.. Transfer ke rek Bank lain, ambil tunai di ATM Bank Lain, Tidak ada.. Perbaikan sistem terlamaaaa 😄",2025-04-02 10:18:03
d25409ba-a115-4afb-926b-83f051fb2e44,Tondon Don,1,kenapa tidak bisa TF dana lgi sia sia daftar ternyata tidak bisa TF dana apk tidak berguna,2025-04-02 10:11:01
03af1bba-5f6f-419e-a9ec-5a84a0767e64,Sari Septi,1,bank nya tidak jelass menyusahkan,2025-04-02 10:04:40
440c3be4-e07f-4996-937e-f75ccff2d9b3,SUHENDRA WINANJAR SAPUTRA,1,tolong perbaiki transfer antar bank lain dan uang elektronik,2025-04-02 09:53:35
10e7133f-ba7c-4da1-9e51-19d5bd072324,Angga Saputra,1,mau lebaran terhambat gegara aplikasi burik,2025-04-02 09:50:26
c5603d72-52d0-4147-9c70-7ee4bba5b36c,Bayhaqqie Ahmad,1,"moment idul fitri tidak bisa transfer ke bank lain, dab ga bisa tarik tunai di atm , ngacoooo bank aneh LOL",2025-04-02 09:31:56
56881a9d-94b5-41c6-b697-c8dae2e6dd2c,Gina Iazhar,2,Kacauu bank DKI sering bgt erorr tdk ada kemajuan,2025-04-02 09:30:27
3d68fc0e-dee9-4088-9e29-1382a7f78e32,Fauzan Hazaroni,1,"ini apa2an? kok udah gk bsa transfer beda rekening, lalu udah gk bsa isi gopay? apakah ada konspirasi lagi nih aplikasi?? parah, katanya bank negara, kok kayak gni pelayanan nya?? bikin susah orang2 aja..",2025-04-02 09:30:10
eddf9768-8423-4e9c-af8d-5c69e24ab13c,Bang doell,1,"Kenapa ini jakone . Saya download dari play store,di bilang aplikasi tidak resmi . Aneh . Error', jakone makin lama makin parah aja.",2025-04-02 09:29:50
e43dbdc6-eb5c-4a5d-8b88-8ef0cce26cad,Dzul Mayhendra,2,payah jakone suka eror gaa jelas,2025-04-02 09:26:19
b555dc0b-60d9-4ba6-ac9c-52ec3179f4cb,abi gunawan,1,Update tapi hasilnya malah ngacokkkkk namanya BUKAN update tapi DOWNDATE,2025-04-02 09:20:06
a2e9a517-10d3-4557-aac2-317b7d15dc08,DHANI,2,"data sudah benar, tapi kenapa masih susah juga untuk digunakan, sekarang tidak bisa transfer ke bank lain, juga untuk e-walet misalnya gopay, tambah parah nih aplikasinya? bagaimana nih aplikasinya?",2025-04-02 09:15:24
52fb9067-f9af-410c-b53f-ce82588ad48b,fitho rahman,1,gabisa transfer antar bank🙃,2025-04-02 09:12:50
6e22e11e-d40a-40dd-b522-70fdc87e1743,Nadira Ufayrah,1,"tolong lah perbaikin, masa gada pilihan buat transfer ke bank lain. gada fitur buat transfer ke e-wallet. bayar pake qris juga gabisa digunain. jelek banget",2025-04-02 08:53:57
46459cd6-09fd-4f36-ba1e-8ccc9aa22f58,X Patronum,1,apaan nih skrg gak bs TF antar rekening. top up e wallet jg gak ada.. isi pulsa juga gak ada. apk sampah,2025-04-02 08:52:11
fffd30e4-adae-4d03-8e3c-d057becf0c49,Yanti Arkan,1,payah nih Bank DKI tolong donk di perbaiki supaya bisa TF antara bank 🙏🙏🙏🙏,2025-04-02 08:50:21
20b90797-c3ed-497d-9692-970dc73c7214,Tito Octoriadi,1,"tidak bisa transfer antar bank, tidak bisa isi dompet digital, bug atau sengaja agar uang nasabah mengendap?",2025-04-02 08:46:59
88a90ea0-1ac4-4d3a-8f32-67b4dc742445,Briyan Yoyakin,1,"bank gajelas, tutup aja jadiin koperasi",2025-04-02 08:45:30
bce7f2b7-1ddb-4e7f-a35f-36f6b77adf11,Firnas AlHara,1,"gaji udah masuk dari tanggal 2 april tapi dari rekening bank DKI ga bisa transfer ke bank lain, ga bisa kirim dana ke Shoppepay, aplikasi yg lainnya jg hilang. ada apa sih dengan bank DKI? segitunya sama gaji orang pake ditahan2 gitu. emangnya uang gaji sumber dananya dari bank DKI apa???? orang tuh kerja sebulan digaji, gaji juga dari pemerintah bukan uang dari bank DKI. Hak orang kok ditahan2 dan dikunci gitu. maksudnya apa sih??? orang2 lagi butuh uang buat keperluan. sadar diri aja sih.",2025-04-02 08:44:32
e6523abb-cee2-4a43-a79b-b96e4f0df8d7,Alfin Aries,1,"Aplikasi banknya payah banget, pas acara hari penting menu Transfer ke Bank lain bisa bisanya di Hilangkan. mohon dicoba beberapa saat lagi gimana. orang klaim baru bisa 8 april. ga lagi lagi nyimpen uang disini wkwkwk",2025-04-02 08:43:35
495b2cb5-637e-4bff-928f-fb657fce048e,yossi Solisa,1,gak jelas tf ke bank lain gak bisa entah apa yang di pikirin sama ni apk bukan mempermudah malah mempersulit.,2025-04-02 08:42:43
56399c6c-0e90-412c-a55a-4337787a1987,Miftah Khussalam,1,"ga bisa transfer bank lain, sekelas bank DKI kayak Bank Pasar",2025-04-02 08:39:45
eceb6ae8-0bef-4843-bda2-9fa7f6e5c66e,Giring Ninji,1,kenapa gak bisa top up dana atau gopay padahal lagi butuh,2025-04-02 08:35:48
9c089e51-819b-4777-ab69-7855dc67790f,Nasa Wiko,3,ga bisa td udah brp hari,2025-04-02 08:31:01
30c61101-994f-4119-9566-b796aece1d46,Vulpix,1,ga bsa tf antar bank ga bsa Qris ga bsa topup gopay/dana/ovo,2025-04-02 08:27:10
d7bac953-215d-438f-b556-81e4f716d6c4,FIKRI bahari,1,ada itnya ga sih bank ini liat muter muter bukan perbaikin malah di diemin . ga punya bank lain gue,2025-04-02 08:17:01
4b6a23fe-f623-4943-8c88-5f661eeac303,Wisnu Ardiansyah,1,fitur transaksi bank luar sudah tidak ada? top up untuk e wallet pun sekarang hanya tersisa untuk shoopepay. Apa emang beneran mau bersaing dengan bank swasta kalau begini caranya? mohon kerjasamanya,2025-04-02 08:13:58
1a6b1a43-0c62-4184-b701-77d2c7252c06,Fiqi Ashadi,1,"gk bs ambil doit,gk bs transfer.. mn lg butuh banget lg diluar kota..Bank sampahhhh",2025-04-02 08:11:07
ae99cb9a-48d7-475f-bae4-3905d151aea3,Izqy Yuan Andari,1,"kembalikan fitur transfer ke bank lain dan gopay. Udah coba ke syopipay malah gagal terus:). Sebelum2nya oke2 aja ini jakone, setelah di upgrade malah terjun bebas jadi JELEK.",2025-04-02 08:00:07
137f3028-c7f8-4655-8f62-228f5af2d717,Nurma Sulistyani,1,"buruk banget !! sering ga bisa di pakai untuk transfer ke lain bank, sering banget gangguan dan keluhan lainnya. Parah banget server banknya tuh. apalagi kalo di hari raya besar & libur panjang. pasti deh trouble eror terus.. terpaksa pakai bank ini",2025-04-02 07:58:11
71c9e6a4-96d1-469c-af02-f6a67330b8ee,Andy setiady,1,kenapa jd ga bs bwt TF ke bank lain padahal lg perlu bgt lg moment lebaran...ga bs jg TF ke E- wallet udh ga ada aplikasi dana nya ciloko ini tolong di update secepatnya aplikasi jakone nya jgn lama - lama,2025-04-02 07:55:55
b5facce6-a726-4153-afb1-35676289790a,Fadil Fadilaja,1,"LEMOTTT BENER BENER LEMOTTTTTTT AGHH makin males make bank dki, paling kesel kalo lagi darurat mau pake buat tf ke ewallet gabisa mulu, Benerin lah masa lemot banget",2025-04-02 07:49:35
e5eaf82b-f35c-4094-a135-322466282659,Venonum KriV,1,asli ya... lagi lebaran malah g bisa dipake apa2. jos bang!,2025-04-02 07:32:54
d32486a3-d355-4693-9850-3cd9e3e0df7c,Joni Ways,1,ga bisa kirim ke beda bank,2025-04-02 07:32:30
730d34c4-0a96-4ef5-b3cb-b36bf0d303d6,Asep Sujana,1,kacau secara pakai nama DKI tapi aplikasi gak beres kebanyakan maintenance. sering eror. yg bikin siapa sih IT nya. bukan untung malah rugi segala gala .. waktu jadi terbuang utak atik aplikasi banking dki gak beres2,2025-04-02 07:32:22
62bece25-48ad-46a4-a242-0b49ce9234b3,Nanang Waseso,5,sangat memudahkan pelayanan mbanking,2025-04-02 07:30:41
e8c4f232-2a21-4bc5-86ff-85b5238c070d,Wahyu,1,kenapa ko ga bisa transfer ke bank lain dan transfer ke ewalet kemarin kemarin bisa,2025-04-02 07:28:04
545f7b11-47aa-4e62-b6d1-0036e4b874f2,zulkifly vly,1,aplikasi sampah ga bisa tranfer antar bank lain...,2025-04-02 07:26:51
b8af911d-b157-4e66-a3b3-82b57b4c04fc,Rizki Nugraha,1,makin hari bukan makin baik aplikasinya. malah banyak fitur yang hilang dan tidak bisa dipakai seperti transfer antar bank udah kaga ada lg. cuma bank dki yg kaya gini. ganti IT nya kalo tidak mau kehilangan nasabah,2025-04-02 07:24:29
a9ce5f19-01d7-4ceb-a09f-acb8d6f1ea22,ahmd hmdl,1,"Aplikasi apaan ini,ga bs tf bi fast maupun antar beda bank, mau isi gopay or Shopee pay jg ga bs, mau pake Qris jg ga bs, lebaran gini ga bs dipake, ATM dki jauh dr rmh, ganti IT aja tingkatkan pelayanan donk,",2025-04-02 07:17:29
99e2a8a9-bad7-4e9f-afcb-a7bee362ba68,Cristo Marihot,1,"makin hancur ini aplikasi, gak bisa transfer ke bank lain, ewalet juga banyak yg hilang, plus transaksi via qris selalu gagal tp saldo ttp terpotong sementara. nanti orang ngeluhnya apa, dijawabnya silahkan coba lagi/ pastikan pin anda sudah benar, gak nyambung, nggak jelas, nggak guna, TUMBS DOWN",2025-04-02 07:07:08
d55cff27-96d7-41c1-b839-d65912f47dce,Aulia Annisa,1,"ga bisa transfer ke bank lain, gimana si?! padahal lagi libur lebaran harusnya bisa beroprasi seperti biasanya ini malah ga guna :( udahlah bank abal",2025-04-02 07:06:18
62aac32a-804a-4d15-8bdd-9cbf1dbcc91d,Wiemar Senoaji,1,"beberapa menu hilang, masa menu tranfer antar bank hilang, parah ini mah",2025-04-02 06:53:18
b143d8e5-773f-4807-b4ca-0aa6898231e3,Damar Aja,1,"percuma ada mbanking , tapi gabisa buat ngapa2in ,,, payahhhh",2025-04-02 06:36:18
d6aa6ef4-f1ae-4b60-b5b6-f4e4026cac5e,Roddrick,1,ga bisa transaksi,2025-04-02 06:22:15
438989d7-e11f-4cf9-a074-b3fb610dfad5,Aquaries,1,"Emang Ada Bank Daerah Yang Bener? Iya , Gak Ada ! Pelayanan Kureng",2025-04-02 06:19:06
b2274a6a-0797-4ce3-a4f0-1d2280785673,Akbar NotSentraVape,1,"ini bank pemerintah padahal.. gabisa apa bayar IT yg beneran??? masa ga ada menu TF ke bank lain???? isi spay gabisa, muter terus, VA jg gabisa.. terus ini aplikasi gunanya apaaaa???????",2025-04-02 06:18:11
db6cb58d-474f-471a-82f2-b50f8e15717d,Pandu Saputra,1,"setelah update malah makin BUSUK nih Apk DKI... gimana mau bersaing dengan Bank lain klo apk mobile nya ajah makin kesini makin aneh... fitur TF ke Bank Lain HILANG, fitur TF ke DANA, OVO dll HILANG... klo bukan karena payment dr kantor mah gak bakalan mau install nih apk...",2025-04-02 05:58:37
0040fd77-c595-4176-9fbb-404396e69b5c,Fauzi Zul asri,2,ini aplikasi nya kenapa sih vitur nya sering bgt di update padahal udah bagus coba dong yang konsisten gitu agar konsumen puas,2025-04-02 05:43:39
9b1d27f7-2330-48ae-abd9-1adafd5b5748,Bintang Muhammad Rafani,2,"tolong dong di aplikasi kenapa tidak transfer antar bank lain lalu uang elektronik tidak ada gopay, ovo dan Dana kenapa?",2025-04-02 05:18:29
a287e129-874b-4bbf-9b40-ead4eda3f9f2,Ibenk gaROCK,1,sekarang gak bisa untuk TF antar bank selain bank DKI nyusahin repot kalo mau transaksi ke bank selain DKI!,2025-04-02 05:15:06
1c787148-86aa-496c-9dc2-20a09144a438,Aliuniat96,1,"kenapa fitur transfer antar bank di hilangkan, aneh ?",2025-04-02 05:09:02
af8f8131-066e-44b5-8c3b-fcfe5a667d9c,Rangga,1,"waduh skrg sudah tidak bisa transfer antar bank lg, alasan nya maintenance. Terus top up e wallet jg gak bisa haha saat nya tarik semua uang dr sini, pindahin bank lain.",2025-04-02 05:05:25
5c5468b3-0f1f-4022-a5db-176bfc6055ef,Chris Sandy,3,sudah 2 hari erorr ga bisa transaksi ke bank lain,2025-04-02 05:01:20
4b806955-ca7b-43ec-9e0b-2bcb9b22d64a,Aryo Handaru,1,"Payah tiba2 menu transfer antarbank selain DKI dan topup gopay menghilang,menunggu perbaikan lama banget,tidak profesional",2025-04-02 04:59:31
25958695-d899-49bd-9561-5db9bb1f16b3,Agung 354,1,maaf ko ini fiturnya nya banyak yg hilang yaa tolong dong di perbaiki lagi 🙏🏼🙏🏼🙏🏼 klo sudah di perbaiki lagi saya kasih bintang 5,2025-04-02 04:54:31
b6a5ae48-2a02-4591-9804-b6806c36dd1e,HARIS RIZKY,3,banyak fitur yg di tiadakan,2025-04-02 04:54:18
bf12a9a5-8e68-4888-aad9-3ae85c8c5ad4,jugi suwarno,5,"kok apk transfer antar bank nggak ada, apakah hrs datang cs agar muncul lg",2025-04-02 04:54:14
580b625e-b693-4ca4-b9da-e7d7c8b8e4b5,edison sigalingging,1,"layanan fitur sebelumnya sudah praktis kenapa di update ke versi baru layanannya semakin berkurang,mau bayar layanan lain tidak bisa.",2025-04-02 04:53:42
ff0e658d-bddc-439b-a70f-287f1feb9d03,Arief Febrianto,1,kenapa tidak bisa transfer antarbank??,2025-04-02 04:50:02
f5e007c9-aea7-4a7e-9a9f-1b8d824ddee8,Hikmaning Ligaringtyas,1,"ini lagi eror atau gmn sih, knp skrg gk bisa tf ke bank lain... pdhl lagi urgent 😭😭",2025-04-02 04:45:47
5bd5db1f-990d-4420-b882-f999abbdfb54,Gilng Rmadhan,1,"jelek banget ga bisa tf ke dana, layanan nya juga lemot",2025-04-02 04:43:58
40e6e8ad-3cf9-4fe9-be42-30aa797d5ea9,Fauzan Azima,1,aplikasi nya sering eror.,2025-04-02 04:39:15
830587d0-f82b-4fd1-9abb-c424d445494d,Bara Chanel,1,payah udah gak bisa transfer ke bank lain👎🏻👎🏻👎🏻👎🏻👎🏻👎🏻👎🏻👎🏻👎🏻👎🏻👎🏻 bukannya makin maju malah kemunduran..,2025-04-02 04:33:01
087381a7-0873-48d2-8006-d8543b382a47,syarkowi zhen,1,kenapa sekarang gak bisa tf ke bank lain ?,2025-04-02 04:29:07
9b0b9da1-d62c-4b09-86f8-190babdbf97b,Syachrina_ Rina,1,"mau heran tapi gimana yaa, masa ga bisa tf ke bang lain masa sesama dki doang gilaa yaaa giliran bayar pake kartu ga bisa juga, jangan keseringan error napa nyusahin, udah sering banget tiba tiba menu transfer ke bang lain ilang ngapa sih",2025-04-02 04:14:14
f858e395-2bb5-4bb5-b554-dd27082ff131,M Rahman Ardan,1,"Aneh banget, sinyal bagus tapi ga bisa transaksi....",2025-04-02 04:10:22
7639da4c-41f6-4fbe-b8b6-f675f0c8daaa,azzahraa dan abdullah,1,makin kesini makin kesana...payah,2025-04-02 04:09:47
c9dd6a4a-0580-469d-aa10-97d0eb789764,dedy dwi,1,Tidak ada pilihan tf gopay dan ga ada pilihan juga tf ke bank lain,2025-04-02 04:04:16
357cff61-e15d-49a1-b86f-eccdb7a4257c,fikri sukma,1,"woy bnerin tuh tf beda bank nya situasi lgi lebaran malah erorr. gk d benerin"""" lagi dh 4 hari",2025-04-02 04:02:51
089e17c1-c9cd-43f7-a0e1-6f453c8ff12b,Harry Theonly,1,"kenapa setelah update malah ga jelas, ga ada transfer ke Bank lain, ga ada pengisian untuk gopay dll, malah nyusahin sekarang, update bukannya mempermudah malah mempersulit",2025-04-02 03:52:15
8cb5c036-0754-435e-b946-77be74a3fdf7,noname. name.,1,"sekarang udah ga bisa transfer ke bank lain .! gimana cerita nya ini bank DKI ? aneh bin ajaib . di era digital saat ini bukannya untuk memudahkan , malah menyulitkan .",2025-04-02 03:33:45
000a591f-7c6f-4425-83e7-bac275c3da49,R F,1,cuman bisa transfer sesama dki dan tarik tunai jadi ribet sekarang..,2025-04-02 03:20:54
2afebc82-3ea3-48a7-8fba-daa298acc3c5,Rizki Agung,1,kebiasaan buruk maintenance bank DKI di hari² besar pasti down. gak bisa melakukan transaksi apapun.,2025-04-02 03:05:09
4a4bed0a-59e4-47d3-b00b-6923e116345d,UR Marz,1,"kenapa sih ini bank DKI. bukannya tambah bagus pelayanannya malah makin buruk. gaji masuk ke bank DKI, ga bisa tsf antar bank lain, ga bisa tarik tunai, ga bisa isi ke uang elektronik. ga bisa apa apa. gimana ini. JakOne mobile loading lama. gimana ini uang ga bisa ditarik lewat ATM. dicoba tarik lewat ATM bank lain juga sama ga bisa. paraaaaah banget ini DKI...",2025-04-02 03:04:11
ce9268d6-7955-4147-9358-0fe1349b3532,Acara gw Suka-suka gw,1,tidak bisa transfer antar bank,2025-04-02 02:58:28
3d87bffd-b8cf-41d5-95f2-36ee3809cc1a,Darma Surya Desi,1,"(1) kenapa sekarang tidak bisa transfer dengan rek yg berbeda. masa harus sesama DKI aja, padahal sebelumnya bisa tf dengan No Rek yg berbeda melalui BI fast. (2) Menu PEMBELIAN skrg cma bisa pembelian listrik saja padahal sebelumnya bisa isi pulsa. tolong dong diperbaiki lagi seperti semula.",2025-04-02 02:56:39
394d06b7-f8a8-484f-b5b5-5c69361e3e70,Wisnu Family,1,sekarang sistemnya gak jelas TF kesemua bank gak ada pake m bangking gak bisa digunakan juga eror trus,2025-04-02 02:56:30
e5bbad8e-da52-4bbb-ba57-04f931d7b0ee,IzuLBLa,1,"ini kenapa ya ko malah gak bisa transfer ke bank lain kemarin"" bisa tolong dong biar di permudah masa harus transfer ke Bank DKI aja Ke Bank Lain Gak bisa Aneh",2025-04-02 02:53:23
274ee908-1cc2-41ee-aa5a-394a41ac48e4,Nia Kurniasih,1,terlalu sering maintenance. tapi gak bener2,2025-04-02 02:35:48
ebca44a0-35f8-4d70-b2aa-249e4136a05e,andrian bot7y,2,disaat penting untuk transfer bank lain malah tidak bisa dan parah nya lagi untuk pembayaran tidak bisa melalui qris yg parah lagi debit juga tidak bisa.. rusak rusak.,2025-04-02 02:21:52
1008fd28-8be8-4ea1-b9c9-ecaa86db7a23,Dedi Rahmat,4,ko gak bisa transfer ke bank lainnya sih padahal lgi di butuhkan,2025-04-02 02:17:44
0030997a-1cfa-4870-8a4a-4cb017cf459a,aselole 69,1,"makin gk jelas buat transfer dana sama tf ke bank lain di ilangin biar apa cok,bingung klo ke luar kota klo mau transaksi ,emang aplikasi nya di khususin buat warga jakarta jangan ke luar kota apa gimana sih aneh",2025-04-02 02:14:39
4eab849f-84c8-43d3-8ac1-6fcff5bb2328,Herman Hermawan,1,"aneh sama mobile DKI ini cuma bank ini yg gak bisa Transfer ke bank lain nya, di menu favorit atau history tetap aja gak bisa transfer antar bank aneh emang ini mobile DKI mungkin satu2 nya di dunia mobile banking",2025-04-02 02:07:02
c9771a49-0449-4372-bc75-889ce11768dc,khairul romdhani,1,"aplikasi bukannya berkembang makin maju malah makin mundur, gak bisa transfer ke bank lain dan gak bisa isi uang elektronik !!",2025-04-02 02:03:41
575038d8-e6f9-41d0-ade2-e84d1b2d2e37,Indra Fandela,1,"sangat tidak membantu ketika dibutuhkan malah ofline mbnking , contoh lihat dong bank lain walaupun libur tapi tetap bisa digunakan di mbnking",2025-04-02 02:01:26
e222f62c-090c-4608-87bb-f513020d4b5b,Ekofeb,1,kalau ada rating bintang nol gue kasih bintang nol dah !,2025-04-02 01:42:26
ec90e3d5-19e5-4fa7-94d7-9f19b4ede814,ummi faizah,1,Maintenance nya parah,2025-04-02 01:39:55
e569372b-a4bf-4049-8b1e-b74e7a72c4ad,Yogani Y.S,1,"ga jelas makin update, makin bobrok",2025-04-02 01:39:03
064ff0a3-3bf2-4452-aa90-ba2a0e9cda30,Abdul Khafid,2,"sekarang aplikasi nya ngaco banget, enakan jakone yang lama. transfer ke lain bank dan beli uang elektronik banyak pilihan. untuk rating saya kasih 2",2025-04-02 01:36:55
c9627ee1-dc0f-4e66-82d6-6dc95082ada0,Khanza Rachel,1,"gak bisa transfer antar bank, mana Lagi butuh buat transaksi awal bulan, trs dikampung mana ada ATM DKI. mohon segera diperbaiki, dan tolong ditanggapi komentar komentar negatifnya, jngn yg bagus doank yg ditangapin",2025-04-02 01:35:30
25d95d88-0c49-458e-aaa2-031bc7be5cb9,Evano Syahreza,2,"fitur yg lain di jek one pada kemana nih ko ga ada bosku tolong dong d kuplit lagi biar bisa d gunakan, susah kalo gini jadi nya beli itu itu ga bisa hadeuh parah nih mana kartu nya ga buda d pake lagu, rusak engga kedaluarsa kaga ni kartu tapi gak bisa di gunakan ribet ribet mana jauh lagi bank DKI parah parah",2025-04-02 01:31:27
61b32429-a8ce-45d2-9d70-ee1718cf1342,Rud Thegunners,1,"kaga ad prubahannya aplkasi banking ini malah tmbah angot app bnking apaan ini ,hari besar kaga bisa tF beli plsa kaga bisa scan Qriss kaga bisa.. mnjengkelkan.. jauh bngt prbedaannya dr bng bjb ..",2025-04-02 01:29:05
e1811163-8afb-42f6-8e64-845fd09a6c78,Aliran Cumi,5,membantu,2025-04-02 00:48:17
048cae4a-f8cb-4d00-8bc7-f5454845fd30,angga putra,1,"yg heran tuh aplikasi bank DKI ini, hari libur Sabtu Minggu atau libur hari besar aplikasi nya jugaa liburr ngga bisa transaksi apapun hanya bisa tarik tunai, pake ATM debit ajaa jg kagaa bisa transaksi",2025-04-02 00:47:12
e52bba78-7458-43b2-b5d7-1962f27dea89,Fauzan FH,2,sistem aplikasi nya sering eror tolong di perbaiki,2025-04-02 00:38:13
08259d5c-4221-44a5-97ed-a4f009b6c013,Ratman Sulistiaji,1,Kok gak bisa transfer antar bang?,2025-04-02 00:37:43
cd004f6e-1c87-4457-a50c-e81226ecec0b,Reby,1,bank DKI lagi knp sie suami w baru gajian kmrn masa gak bisa di tarik gak bisa transfer biasanya bisa transfer antar bank ini kaga bisa jadi bikin ribet org . udh nunggu lama pas mau di ambil malah gak bisa . mending pake bank sebelah aja dah,2025-04-02 00:26:45
1541b027-f80e-43b9-89fc-5f3512888fb0,Bapa Andri,1,tidak bisa transaksi,2025-04-02 00:22:02
dc0438b2-b713-4df8-bba6-7c81fe948e3a,Dedi Junaedi,2,gak bisa transfer antar bank,2025-04-02 00:16:46
de4862e2-52b5-42d7-ae0d-9b7813a175b7,Rohi Wibowo,3,kenapa jakone mobile sekarang tidak bisa buat transfer ke antar bank dan tidak bisa melakukan pemindahan uang ke dana atau gopay,2025-04-02 00:11:08
38b82da4-e046-4ac3-ada7-906471135104,Aryandira Fazri,1,anehh nihh masa transfer ke rek laen gk bisa TF ke uang elektronik cuma ada shopee doang gmn si payahh lahh,2025-04-02 00:10:14
abbb45b3-7e45-4ab3-b47b-1cb1cd4c4da2,Tropis Calm,1,"""MOMENT LEBARAN"" gabisa transaksi ""EROR""",2025-04-01 23:56:08
e4d4623f-be3a-4835-aa10-506489d9196b,MisbahuL MuniR,1,"tidak bisa tf lain bank, mana perbaikannya ini,,, tolong segera tindak lanjut...",2025-04-01 23:46:54
2bed4d79-2ea6-4c88-8217-99e0aa8341e5,muhammad arief,2,1 fitur topup gopay hilang 2 transfer ke bi fast hilang 3 pembelian paket data / kuota hilang ada apa ini ?,2025-04-01 23:33:50
716efff0-4a02-4dbe-af89-cabb1ff78cd8,Dita Ditiah,1,"lagi kenapa ini dki? g bisa tf beda bank, g bisa top up dana, ovo, gopay. mw transaksi jd g bisa",2025-04-01 23:33:00
d5b451e2-ab39-4845-a2ab-de162d65ea45,kamal udin,1,"ga bisa transfer ke bank lain, sering eror",2025-04-01 23:04:16
a43c08d1-ac51-4a0a-8ebd-4b0924779acb,Muhammad Fachri Tamami,1,"Serupa dengan ulasan dari Ika Wilis, baru-baru ini aplikasi JakOne Mobile sedang tidak ada gunanya kembali. Tolonglah diperbaiki, jangan begini terus. duit nasabah dipotong 15rb loh tiap bulan untuk ""admin"" masa gak bisa menikmati layanan yang baik. lama-lama nasabah bisa tarik tunai massal loh.",2025-04-01 22:58:44
458940df-4708-4008-8e45-94784714bd05,Schum Yati,1,apk ngk prof 3 hari di gunakan password di blokir tanpa sebab untung belum isi saldo awas kalo data gw dipakai buat pinjol oleh oknum bank dki,2025-04-01 22:47:29
34f8fb3c-5027-4112-a776-2d89e63ca382,Muhammad Dzulhaqi,1,"Tranfer bank lain gak bisa, tarik tunai dari ATM bersama gak bisa.",2025-04-01 22:44:05
add50166-f6b5-4b01-a018-5048c92c0801,Jonathan Febrianto,1,gabisa transfer selain bank DKI,2025-04-01 22:35:12
232ce692-5744-4b58-a06e-907229e06db9,aftian kharis kharis,1,lama² GK jelas nh jakone transfer ke bang lain dan virtual account tiba² tidak tersedia di aplikasi hanya bisa ke sesama DKI aja,2025-04-01 20:00:32
0ffea1d8-369f-4319-9ede-b57c67378244,Suryanto Rohto,3,apakah jakone lg eror ..??? ko gx bisa tf ke bank lain ya dr pagi ..??? sampe skrng,2025-04-01 19:28:47
d09238ad-0560-44a5-a9db-162ca61ee8b1,zatmiko hery prasetyo,1,Lebaran idul fitri tahun 2025 ini mbangking DKI tidak dapat di gunakan baik transfer dan pengambilan. sangat disayangkan,2025-04-01 19:13:20
4331e376-98b8-4623-806e-c75783f4fc68,Serj Tan Khoyan,1,"dari kemaren sampe sekarang gk bisa transaksi ke bank lain, ada apa sebenernya? gk jelas bangat",2025-04-01 19:11:55
62f3d84f-8e77-4929-ba1e-c74a8c1a1963,Fahrur Al Rozy,1,"kok jadi gabisa top up dana, transfer ke bank lain, qris juga nggak bisa, kenapa fitur2nya makin ngaco ya",2025-04-01 19:09:37
ee27f7bd-70ef-4b7c-8851-15cf10339691,Jainuddin Jai,5,ok,2025-04-01 18:32:12
01c6ab64-c674-4613-95d0-37b4d01555c7,ipeh imeh,1,"Sering error dan sekarang malah lagi gak bisa transfer antar bank, tapi gak ada pemberitahuan sedang perbaikan sistem atau gimana nya 🤬",2025-04-01 17:42:32
0379fd08-e6b8-48d6-b7e4-80c6c866d1dd,hamdan dan,3,"ko tiba-tiba menu transfer ke bank lain tiba-tiba ilang ya, kenapa nih, beda sendiri kah??",2025-04-01 17:17:16
19b3a19d-85c6-4fc6-8b04-9bb9d3f5db55,Sankis Gaming,1,banknya gak kalo gak error apa lagi,2025-04-01 17:12:15
c9e502ff-ee5f-4655-9a19-0e4f5fe9f038,kristian herdianto,1,ada masalah apa transfer ke rekening bank lain tidak bisa ? nasabah itu bayar admin loh ga gratiss !!,2025-04-01 16:54:49
0577b1c8-46c3-4263-b8cc-4acc64df4561,ade humairoh,3,kenapa skrg tidak bisa transfer ke gopay? dan transfer dari bank lain ke dki selalu sedang gangguan? tolong diperbaikiii donggg knp inii?,2025-04-01 16:10:14
bdb70e19-2a7e-4906-ab7a-274580e18f92,Rini diyas,2,kenapa abis di upgrade malah ga bisa di pake bi fast nya ya... terus utk uang elektronik juga cuma ada shoppepay aja... adakah yg sama kayak aku,2025-04-01 15:02:27
443a88dc-578c-467d-ae22-be2c60089386,Nurvahdilla Tulzikri,1,kenapa saya mau transfer ke bank lain nggak bisa sama mau top up ke dana juga sama. apa sistem nya lg gangguan?,2025-04-01 14:44:37
9864c749-c76b-49d9-a325-4a0fa5ce972c,Nanang Basofi,1,ini og gg ada transfer ke bank lain...cuma ada ke bank sesama DKI aja klu mau transfer ke bank lain gmn nie solusi nya donggg,2025-04-01 14:35:04
dd47cea7-7e1b-468c-a8c3-312248a8d329,bagas Biantara,1,kenapa jak one sekarang tidak bisa tf ke bank lain ini sangat merepotkan banget,2025-04-01 14:05:34
dc93de83-b90f-4af5-b23a-09defbba881e,samsun falakh,5,mantap,2025-04-01 13:30:41
7903c82f-cf67-4fba-b87a-9bdee1b134fe,Santi 13,1,kocak punya CS kontak gabisa dihubungi,2025-04-01 13:21:31
46ae5fe7-9369-447b-b425-5b34ac4f557f,Yudi Aditya,5,bagus,2025-04-01 13:10:35
aceca57a-e61a-4b43-8947-534146326588,Bagus Tri setiawan,3,nih ko gak bisa transfer ke laen bank.. teruss gk bisa transfer virtual jugaa.. parahh bener inj,2025-04-01 12:58:52
c965ac77-d821-48d0-b57e-d6c4adb6c184,Farhan Fahreza,3,"ini kenapa si bank DKI, suka tbtb ga ada untuk transfer ke bank lain? mohon di perbaiki",2025-04-01 12:49:01
a5cef1aa-de4d-402a-a089-b0daa31fc08f,Ridhno Elganova Marthia,2,"qris nya lg eror, tf antar bank gak bisa, bikin mlu pas blnj",2025-04-01 12:44:55
b97d2a42-bc0a-4d5c-8ca5-62ca8a2279a2,Maura Subhi,2,Sekarang kok top up jadi cuma bisa buat spay doang? terus tf juga cuma bisa antar bank? gimana sihh??!!,2025-04-01 12:31:11
15a25adb-fa56-4597-a264-d32d71cf1a2a,Rk Schemerz,1,tarik gaji ga bisa,2025-04-01 12:30:08
2e53d99c-e1f8-4588-a9d8-6a9d4b13edca,RHINO ARIF FEBRIYANTO,1,FITUR TRANSFER ANTAR BANK MENGHILANG BAIK YANG REGULER MAUPUN BI-FAST.. HANYA TERSEDIA TRANSFER KE SESAMA BANK DKI.. 👎🏼,2025-04-01 12:03:34
94e9742c-b182-4a3b-84cf-d0d64e23e6fc,ppit sapitri,2,"lagi jelek banget ga tba"" ga ada layanan tf antar bank",2025-04-01 11:56:30
92e2fc9d-211a-4de4-b9f5-13c6382da660,Harun Nasution,1,transfer antar bank mana ya,2025-04-01 11:40:50
a85e6656-b26a-4636-9398-f1442794a7f4,Mohamad Zainal Abidin,1,Gabisa buka sama sekali.. eror 1 minggu,2025-04-01 11:37:28
901cb89a-c8ca-43a1-9f64-e1c71abb590c,Ahmad Maulana,5,Kenapa ga bisa Transfer ke Bank lain ya masa harus ke sesama DKI?,2025-04-01 11:35:25
a454c4ce-d5e5-4909-ac8f-76932d05fde8,Vico Yosua,1,transaksi per 1 April errorr baik transfer antar bank tidak bisa masih nyangkut,2025-04-01 11:33:34
d2b3f1d6-6efc-47bd-81cf-b3c9ad6550c0,kalam miswar,3,Ko di Aplikasi mbanking sy gak bisa transfer ke Bank lain ya....? dan uang elektroniknya Dana. ovo dan lainnya gak ada,2025-04-01 11:27:05
900ca365-5bc8-4dc3-a138-4b62b3c8a599,BAHRUDIN,1,"Tolong segera di perbaiki aplikasinya,Menu Transfer ke bank lain gak ada,transfer ke Dana gak ada,tarik tunai di ATM bersama juga gak bisa.. Ini gimana saya mw ambil Uang saya???? Jangan bisanya potong biaya Admin tapi setiap orang pd gajian Aplikasi maupun ATMnya sering Error.. Pelayanan di Utamain jgn bisanya promo² tp pelayanan makin bobrok",2025-04-01 11:22:15
265430af-821c-42da-b686-f226f18482bd,Khairul Rn,1,apk tf antar banknya suka hilang,2025-04-01 11:08:02
146bf6aa-96e7-4b00-9718-0419a2732246,Rizki Wicaksono,1,"bintang satu dulu soalnya eror gabisa tf antar bank lain dan menu dana,gopay,dll nya hilang.",2025-04-01 11:07:42
6b0a1e7f-8bcb-4c38-9907-1a63ef50db32,Nur Wicaksono,2,"saya lihat di mobile banking DKI di tanggal 1 April 2025 kenapa menu transfer antar bank lain kok tidak ada dan menu uang elektronik untuk dana tidak ada , mohon petunjuk dan kejelasan bank DKI",2025-04-01 11:03:06
ac47f3ea-e891-49bf-a7a8-08b4f9be54f1,hari riadi,2,"Mohon Layanan Jakone dikembangkan dan dipermudah lagi karena masih banyak kekurangan dalam layanan jankone. sekarang saja saya ga bisa Transfer ke Bank Lain hanyak ke Bank DKI saja, tadi sy coba Transfer melalui ATM DKI, tidak bisa jg untuk Transfer ke Bank Lain. Mohon Segera di TL untuk Kenyamanan Nasabah Terimakasih",2025-04-01 10:48:40
cfd7ee88-f206-4d8c-8287-6ad1077ddbc5,Andi Aminnulloh,1,"nh kenapa transfer ke bank lain gbs,tolong kembalikan seperti semula",2025-04-01 10:48:08
b7a5371c-336f-4f38-8446-b08c03417705,Irma Heryana,5,layanan tf ke lain bank ko udah gak ada ya uang elektronik juga ilang semua 🤦‍♀️,2025-04-01 10:34:21
d6ed9705-7be3-468a-b57b-9b0bee88a543,Pramono,2,"kok layanan transfer ke bang lain sama ewalet kok ga ada si,gmna ini. tlong di perbaiki",2025-04-01 10:29:56
e41b8b6e-7a8b-4054-b6c1-93bedb2f06e4,Bonzay Kartoen,4,kenapa dr td pagi jak one gak bisa transfer ke bank lain,2025-04-01 10:21:28
0a83075e-d174-4d93-8aea-f7ab46f6f68b,Sokissa Evident,1,01 April 2025 m bangking DKI error ya. masa GK bisa transfer dan qris. tolong diperbaiki secepatnya. makasih,2025-04-01 10:10:17
9ad929f0-a624-49d8-a0e3-dabc7f57939a,ROMMY_028,2,knapa sekrang tidak bisa transfer ke antr bank ga jelas banget dah Bank DKI,2025-04-01 10:07:30
2f688bea-6270-46ac-b6da-dc3ee6232231,Ira Dwi Hertiwi,2,mohon maaf saya kasih bintang 2 karena pelayanan transfer cuma bisa ke sesama DKI dan klo top up e-wallet cuma jakonepay sama jakcard jadi kurang fleksibel,2025-04-01 10:06:06
35388253-954d-428a-a744-8a3e7e7ab526,Rasyid Indradjaya,1,"kenapa fitur transfer antar banknya menghilang dan kartu atmnya tidak bisa untuk dijadikan pembayaran di pom bensin, supermarket lalu juga tidak bisa menarik uang di ATM lain. Mohon di Perbaiki segera 🙏",2025-04-01 10:06:03
a0fb95b6-8f34-4d47-950a-04bc66ff013e,Adi Utomo Nugroho,1,"Saldo hilang. Aplikasinya kenapa sih?. Transfer antar bank selain DKI gk bisa, topup dana gk bisa, beli pulsa gk bisa. Ini aplikasi maunya gmna? Saya coba beli pulsa 100rbu, saldo udh kepotong, bahkan smpe 3 kali, artinya 300rbu saldo saya hilang, tapi pulsa tdk masuk sama skali.",2025-04-01 09:59:43
95ba7e34-e7fc-42c3-953a-99ef97ea7b54,Afky Kawe,1,Mesin ATM dan M-Banking selalu offline. Sungguh kecewa dengan Bank DKI yang tidak maksimal dalam pelayanan.,2025-04-01 09:57:59
399a4046-11f9-471a-a429-95d30bd4a3a2,Tiwung Kardi,1,"ini kenapa makin ke sini ini bank kaga bisa apa² dahh. TF k bank lain skrg udh kaga bisa, top up e wallet GK bisa, mending tutup dah",2025-04-01 09:50:55
843ebdbb-7a35-4c9f-a474-11a55795b1d3,muhamad rayan,3,min perbaiki menu tuk transfe ke bank lain,2025-04-01 09:50:53
c007d976-5d51-4090-b937-4756bf1ec65a,Lajoya Permata,5,mantApppp,2025-04-01 09:50:33
ffadda3b-8fc3-4909-803f-28c399476b7a,Ade Firman,1,"gimana nih feature transfer ke bank lain gak bisa di m banking Jack one , klw lagi maintenance kasih tau dong,",2025-04-01 09:46:44
9d9001c8-d08e-40d4-b952-db7b32c07c06,Mamah Nene,5,membantu untuk pengisian top up,2025-04-01 09:37:55
b992487d-9104-44e6-bd67-18f50c84d3c1,MUNAWAR,1,"aduh ko untuk transfer bank lain tidak di temukan, dan topup ke gopay, dana tidak muncul dan tidak bisa kenapa ya tolong di perbaiki lagi agar bisa transfer ke gopay dll",2025-04-01 09:24:35
56ac33e1-b687-4833-b9d0-178246d06c6b,Gea Geol,1,tampilan yang terbaru oke gpp yang di permasalahin kenpa ga ada di menu ( TRANSFER KE BANK LAIN )KENAPA CUMA ADA VIRTUAL DOANG SAMA KE DKI SAJA TERIMAKASIH????????????????????,2025-04-01 09:21:13
e047f1e6-d607-481f-b988-db1a7656079a,Linna Hidayanti,1,"sumpah nyesel nabung di DKI hari raya idul fitri transaksi antar bank tdk berfungsi tarik uang tidak bisa ,,percuma py uang di bank DKI tdk bisa ngapa ngapain , serasa tdk py uang,,,selesai lebaran pindahan semua uang dari bank DKI banyak masalah",2025-04-01 09:08:48
740f40e1-cad5-44d8-bfa4-e4b2ec3c621e,Naufal Ichvanda,1,"aplikasi broken, mau transaksi apa aja gabisa, bubarin aja",2025-04-01 09:05:44
58c0f27d-8852-499f-8c69-9fd0e0253da9,Haz Nie,2,"diupgrade malah gak bisa buat ngisi gopay, gak bisa buat TF ke bank lain juga hadeh",2025-04-01 09:05:02
acce5d80-3af9-4663-a77b-febc8aa6ff1b,agus saja,1,tidak bisa transfer antar BANK lainnya mohon diperbaiki secepatnya,2025-04-01 08:38:58
3ca38208-9171-4b97-8f14-ae9efeb26ed3,Barles Sinaga,2,"saya baru kali ini kecewa,biasanya bisa transfer ke bank lain tapi kali ini gak bisa tf,cuma bisa ke sesama bank dki😇",2025-04-01 08:28:38
76471d73-f4bf-4dba-8bae-5b9cfe4254a1,ikik,1,ga bisa transfer ke bank lain. tadi pagi masi bisa kirim uang lewat dana. sekarang udah ga bisa. ga jelas,2025-04-01 08:22:06
408a0414-39bd-44b7-ac2d-874850067c53,Reni Indriyanti,2,kenapa sekarang tidak bisa transfer ke antar bank lain dan tidak bisa isi ovo maupun gopay,2025-04-01 08:20:45
69bc499b-fa30-40be-8e7a-6d0b20f54a9e,Johan Abdul mutholib,1,"jelek amat. gak bisa isi shopeepay, transfer beda bank. ATM juga dikit. ribet amat",2025-04-01 08:13:44
b64b16f7-2de1-4998-ac9c-f054699047d3,Ikay Street,1,ga jelas mbanking fitur transfer antar bank lain lok ga ada,2025-04-01 08:11:28
618da2c1-029c-4518-8718-ba843580c1c2,Doma Rizki Yandi,2,udah potongan gede layanan buruk banget,2025-04-01 08:10:09
f75200cf-18cf-4274-acf5-34fd371747b0,Rendy Prasetyo,1,transfer antar bank dan isi Ovo serta gopay tidak ada,2025-04-01 08:07:52
7b1b5f64-68df-4c3a-ab32-8123c96f7ae9,Deandra Annisa Putri,4,okee,2025-04-01 08:06:04
575e7628-fd9a-4c1c-90b4-c4c463f88591,Suryo Nugroho,4,Tidak bisa transfer antar bank,2025-04-01 08:05:24
25b1fc65-f018-4377-ab56-2f2247a13384,vinta Indriati,2,apk makin kesini jadi ga jelas transfer ke bank lain ga bisa uang elektroniknya jg ga ada gopay dan dana atau ovo koq jadi bikin customer ga nyaman pakai jakone tolong dong kembalikan apk jakone seperti dulu makin kesini bukan memudahkan malah tambah susah,2025-04-01 07:36:24
c411562e-66df-4c9f-b6b4-06195e88db57,Maizar Agus,3,mengapa menu transfer uang elektronik ke Ovo atau dana tidak muncul?,2025-04-01 07:36:11
a899b877-e7b6-44ad-a3b2-41b7e472f695,Khan,1,"Tolong segera di perbaiki aplikasinya sering banget erorr, menu transfer adanya sesama dki dan virtualacount, transfer ke lain bank tidak ada, tidak bisa di buka melalui jalur Wifi bisanya paket data kartu.",2025-04-01 07:34:57
18ebbac6-2430-4244-91c6-a89ec0722836,Surya Rizkia Kamila,1,"Ada mobile tapi berasa gak ada, transaksi sulit, ganguan hari raya tapi yang lain tidak",2025-04-01 07:32:22
b20e3edf-fbe2-4977-ad98-1e96dc4a9638,RoMaN RaMaDhaN,1,"payah, sdh tdk bisa transfer ke bank lain.",2025-04-01 07:30:21
e9bb2265-f847-457b-930f-80b3e57229f3,Diyah Wahyu,3,kenapa transfer ke rekening lain g bisa ya???,2025-04-01 07:23:04
b382348b-80f5-4cec-9417-f9dcc2374d66,Karnoto Oto,1,"Bank aneh ini, idul Fitri, TF antar bank gak bisa malah hilang di aplikasi nya, TF ke Ewallet juga hilang, di ATM juga gak bisa, entah ini bank apa,",2025-04-01 07:15:42
43f995bc-ab9c-40d3-bf3c-546b914efd12,Ahyad Rifki Ritaudin,4,"menu transfer ke bank lain tidak ada, adanya transfer ke sesama bank DKI dan virtual account. 1 bulan yg lalu ada knp skrg tidak ada. apakah ada perubahan? di aplikasi pun tdk diminta utk pembaharuannya.!",2025-04-01 06:43:35
ebabeca1-f5c3-4452-9814-8382608576dc,Ofik Hidayat,5,"Minta Tolong untuk uang elektronik nya di adakan lagi seperti fitur lama misalnya (OVO, dana dll) karena setelah update malah tidak ada. Terimakasih",2025-04-01 06:25:13
0a3232f8-6a92-40ec-9bdc-a70b994fa051,Hamdhani al amin,1,halo JakOne Mobile. saya kecewa fitur top up e-wallet ke Gopay & Shoppee dihilangkan. tidak bisa transfer ke bank lain juga ! mohon agar segera diperbaiki !,2025-04-01 06:24:16
9da83a78-450f-4363-84d4-0c167d3f0c5b,Gunanto,1,"knapa fitur transfer ke bank lain kok dihapus,,, juga soppie pay juga dihapus. gak bisa transfer ke bank lain. gimana ini,,, kok jadi mundur.",2025-04-01 06:19:33
48a3c70f-f134-4323-a63c-37d2b26c6a9d,Farrel Dewantara,3,menu transfer antarbank suka tiba2 ilang. transfer bifast sering error gagal transfer.,2025-04-01 06:18:04
e83e4859-fe94-44a1-9fe4-05cbbd018378,G. Bekti Riyanto,1,Maret 2025 : Transfer ke bank lain tidak bisa.,2025-04-01 06:01:48
59555e1a-761f-49a4-a030-eb1ac6ea57ec,Mimin Rukmintarsih,1,"Tolong untuk menu BI Fast diadakan kembali. saya mau transfer ke bank lain gabisa sama sekali. jangankan transfer beda bank, bayar bpjs pun gabisa. Memang sedang libur lebaran, tapi kita butuh bertransaksi dengan aman dan nyaman.",2025-04-01 05:53:13
1f14229c-f196-4479-a8ce-6d0c61efd883,hizt_live official,5,bagus banget,2025-04-01 05:39:49
18f71987-3e24-41c9-98bf-82ecc198017c,Depta Anjar,1,kenapa tidak bisa untuk menTransfer ke rekening lain? tolong untuk di TL!,2025-04-01 05:36:05
47eafcc8-e161-4b1c-b92c-12cab8f945cd,alvian “iyan” mahardhany,3,LG gabisa transfer beda bank yah?atau ada cara lainnya yg saya tidak mengetahuinya? terimakasih,2025-04-01 05:33:11
d7438658-f5bf-4f0e-88ba-c4483e9a5fae,DinJay ID,1,sering banget error. sekarang malah gak bisa tf ke bank lain,2025-04-01 05:28:27
f6f8c67f-c358-4c23-8f46-1a9a1a10fae6,Bangun Suripto,1,gw mau TF susah banget,2025-04-01 05:11:01
9538f69d-eae9-4d84-9b50-b85755447487,Vevi Darwati,1,Kenapa hari ini tidak bisa transfer ke bank lain / transfer antar bank (tidak ada fitur transfer antar bank) ???,2025-04-01 04:53:24
9899264f-1566-4197-8f4a-2d78ba6bf27f,Setia Istu,1,"kenapa sih ni aplikasi sering eror, masa ga ada transfer ke bank lain, cuma bisa transfer ke sesama Dki",2025-04-01 04:32:04
3d9ae576-0069-420c-88ab-efce62ae340e,Linda Cute,4,kenapa yaa untuk tf ke bank lain ko ga muncul,2025-04-01 04:29:40
a8d931aa-9869-4717-ae90-4ac4aefb4f46,Wastino88,5,saya tidak bisa transfer ke bank lain,2025-04-01 04:13:47
84720687-63a0-46f8-acda-62664b3182e6,Ayu Puspa Lestiyadi,2,"ada masalah apa ya? atm juga kadang gak bisa di gunakan lalu jack one yg tiba2 menu tf ke bank lain gak bisa. lalu uang eletronik yang td nya ada fitur buat isi gopay, shope pay jd ilang jg.. sering eror juga.. 😔 kalau bukan krn dr tempat kerja. udh pindah bank.. 🙏🏻🙏🏻",2025-04-01 03:59:02
bbac8516-b444-4faf-be2b-0d852811245c,slamet purwanto,5,kenapa ya tidak bisa lagi transfer ke bank lain,2025-04-01 03:57:59
ede2a462-9e5a-488a-98b9-0d6785c0c3eb,Rheny Raya,1,ini jakOne mobile kenapa tidak ada pilihan transfer bank lain??,2025-04-01 03:56:52
6e47a9aa-b298-4d44-90e0-7d574c2c7f20,Bisnis Berkah,1,"kapan di perbaiki ini ,sudah 4 hari gak bisa transfer ke Bank lain... hei bank plat merah nyusahin hari lebaran",2025-04-01 03:17:22
e7ad9dfb-89df-4704-b981-2078518b54c3,Erwin erwin,4,"saat ini mbankin DKI ga bisa buat transfer ke bank lain,aplikasi payah",2025-04-01 03:12:39
51bb1071-bb95-4be6-ab5a-239c62ed3055,Rafizky Hidayat,5,ko fitur tf ke bank lain nya ngga ada ya semenjak tgl 30 maret 2025???,2025-04-01 03:11:47
0dc69813-b19d-4648-a6e7-e389e2493812,Zockkowh Wae,1,kok ngk bisa tranfer antar bank sekarang,2025-04-01 02:40:51
181c7bca-92c5-4c92-93e2-3d30f1eef307,Nur Laila,2,ini kenapa ya mau top up uang elektronik tidak bisa?? mau transfer juga fitur bank lain tidak ada... mohon perbaikannya,2025-04-01 02:33:40
de961925-970a-474d-b666-ece99a5b5a76,Yudi Kuncoro,3,transaksi antar bank gak muncul min,2025-04-01 02:24:50
7a84b9e7-cd11-4cc3-9d06-d674de090e4f,Adijumadi Jumadi,1,ini parah aplikasi nya ga bisa buat TF ke bank lain tolong pihak bank DKI kembali kan ke aplikasi yg lama biar bisa TF ke bank lain terimakasih,2025-04-01 02:22:39
002fcc58-9169-4cc6-9efb-5f63c8038911,Sigit Pangestu,1,"aplikasi kgk jelas, suka eror mulu",2025-04-01 01:53:03
01b9c937-1bcd-4888-86ca-0ea923292701,Vicki Raditya,1,aplikasi kocak,2025-04-01 01:47:42
5fe3a6eb-988a-4c68-b033-81996fc3bd65,Dahlan Turnip02,3,kenapa semenjak Update tidak bisa Transfer kelain bank ya?,2025-04-01 01:39:02
3bc859c8-de19-4428-97fb-18502372292c,Andri Dhesi,2,makin bingung tidak bisa transfer ke bank lain,2025-04-01 01:37:29
ef05741f-7d68-49d2-b252-6c35749582b6,Ronni Koesnandar,1,GAK BISA TRANSFER KE BANK LAIN BANK BUMD PALING BURUK,2025-04-01 01:24:56
4828db36-a21a-4422-ac25-890d300cfd1d,Sandi Ozora,3,"Jadi bingung abis di Update... Gopay gk ada di eWallet, menu transfer antar bank nyarinya ribet",2025-04-01 01:21:21
f34dce73-7de5-4a8e-91c2-43c46d111f76,Dimas Ranu,5,"sudah diselesaikan beberap masalah transaksi, tetapi masih ada trouble di beberapa aplikasi Transfer QRIS dan Virtual Account",2025-04-01 00:10:20
0c50294a-e231-4bf5-ab6c-057f806d8714,Melinda Putriana,3,kenapa gak ada menu transfer ke lain bank ya?,2025-03-31 23:43:33
c165b8a6-d443-48e3-8213-0db6d8cd4454,darwin sanjaya,1,sangat buruk,2025-03-31 23:36:17
ed941ed0-ede8-4600-ad83-b19544f575d6,Syamsuddin BA,2,"Halo, ini jakonenya kok banyak fitur yg hilang ya? seperti tidak bisa transfer antar bank lagi, terus fitur pembelian uang elektronik ke ovo, Shopee pay, dan gopay tidak ada lagi. Tolong dong diperbaiki dan dikembalikan fitur-fitur nya seperti dulu lagi. Kalo dihilangkan menyusahkan kami yg suka pakai aplikasi jakone.",2025-03-31 23:29:28
a7574140-afdb-409c-a577-18bb712e8532,Novi Ariqah,2,"saya mau daftarin KJP anak saya ternyata harus buka rekening reguler,sedang di tutor bisa lsg pilih e-wallet saja, bingung saya,maaf blm bisa ⭐5",2025-03-31 23:26:45
868f51f9-76fc-4357-9eb8-b3f9b18cf3fa,SUPER ADMIN,5,sangat bagus,2025-03-31 21:19:28
d881af46-2f94-4391-8784-ea42ffd6a44f,indra permana,1,masa aplikasi erro dari tgl 30 sampai saat ini ga bisa di. buka,2025-03-31 19:31:25
947e3b17-d957-4b0e-a68c-af0de5e0762b,Indra Indra,1,tidak bisa transfer kebank lain... biasanya bisa tapi hari ini tgl 1 April 2025 saya tidak bisa transfer kebank lain hanya bisa transfer kesesama bank DKI...,2025-03-31 17:38:47
b934fdc7-5ed9-44a2-8f8a-8bd36c485980,Yahya Abdul Aziz,1,"ribet, mudik pengen bagi-bagi duit malah pinjem duit karena gak bisa tarik tunai diluar jakarta, payah ❌ sayang aja gak bisa posting klo gak kasih bintang",2025-03-31 14:50:08
f33305a9-6474-4652-940d-7fbda6ac81bc,tangan kanan,1,"Bisa²nya lebaran jakone gak bisa transfer ke bank lain, konyol",2025-03-31 14:43:52
e3be704f-3f40-4b7f-b5b0-decccc0d30b3,almar s,2,gangguan trs ya dari siang sampai malam juga,2025-03-31 12:40:43
75918547-ff39-4a45-af12-a5b325521bc3,rahmat hidayat,1,jual Jaklingko bank DKI paling susah. top up pas lebaran ga bisa. disuruhjadi nasabah dulu. buruk banget,2025-03-31 12:30:47
d9032378-420f-4187-bb78-6fc84375e525,Runi Hutami,3,"Saya ingin mengeluhkan mengenai fitur transfer ke bank lain saat ini tidak ada, jadi hanya transfer antar bank dki saja dan virtual account. Ini sangat merepotkan proses transaksi transfer. Mohon penjelasannya dan perbaikannya ditunggu.",2025-03-31 12:11:33
a6debf10-64ce-4f81-8f8a-d54a87163fca,Afif Akbar,2,jakone saya tidak ada menu transfer bi fast,2025-03-31 11:39:40
db32b54c-c3d6-48ab-b60e-d8a512b8ad74,Muhammad Rafi Fadli,1,"Kacau banget pas lebaran gini, service ancur. Gak bisa TF ke rekening lain, gak bisa tarik tunai, gak bisa tf gopay.",2025-03-31 10:17:27
856544cc-7387-499d-bcfb-0a49e5e27262,Eni Eviyanti,2,Ini ada apa sama JackOne ya kenapa gak bisa transfer ke bank lain sama menu isi gopay sama ovonya g da...terus gimna mau pake aplikasi gojek atau grab...mana g punya rekening lain selain DKI lagi,2025-03-31 10:07:18
386ad481-29ce-4453-9dcf-5714968cd042,mina hasa,1,kenapa sering eror kalau mau tf,2025-03-31 09:52:22
951a45f3-9b76-436c-91e7-ce1faedd7df1,Khuzaimah Himmah,5,mantap,2025-03-31 09:31:26
a63c9724-3f57-4588-8483-f05a5cd0fc78,raka putra,2,kenapa sekarang di aplikasi jak one mobile sudah tidak bisa transfer ke lain bank pengisian uang elektronik juga sudah tidak tersedia penarikan tunai juga hanya bisa di ATM DKI saja mohon konformasinya ini sifatnya permanent atau sementara saja ??,2025-03-31 09:06:05
4dcdabaa-8b90-48e6-9905-5a3bb3c07b72,uchiha tirta,1,"di hari raya 2025 malah down servernya gmn sih,",2025-03-31 08:26:17
8cde8c2a-3404-4b90-9201-d50db71ed628,Soneka Wungkul,4,kok ga bisa TF antar bank,2025-03-31 05:36:03
cef1c6da-fa14-4362-aac0-4dd94a1f63ff,V for Vendetta,1,"tidak bisa pakai bi fast, koneksi sering terputus padahal saya pakai wifi dan paket data yg jaringan nya bagus",2025-03-31 05:05:08
1a4b638e-7213-4437-a704-66ed3b039779,AFR RODI,1,kenapa bank dki kalau setiap akhir bulan sering error.padahal akhir bulan pada dibutuhkan.tolong ditindak lanjut dengan segera.soal mempersulit orang kalau lagi butuh.terima kasih terutama jak one mobile,2025-03-31 03:44:09
ae341d39-f4db-4bfa-b35e-6393921f667d,Heri Fitrianto,1,Menu transfer antar bank nya emang ga ada ya? Saya ubek ubek kok ga nemu,2025-03-31 02:49:45
69b6141a-df16-4d7d-a1bb-45900b586a7f,kisworo bin carman,5,senantiasa menuju kemudahan,2025-03-31 02:33:05
5dce77be-dbdb-4cac-901e-9dcd68fe4bc6,Heru gb,5,terimakasih sudah sangat membantu,2025-03-31 02:30:50
c4ab7cf7-e864-4036-9f29-4358480a6705,Andy S,1,Server down Tidak bisa melakukan transaksi baik Online ataupun Offline hubungi Call Center tidak ada kepastian kapan selesai perbaikan Piyeee iki urusanne....,2025-03-31 02:24:18
a932dfee-5704-48b4-bbd0-1f8906e45fd4,Afriza Wuriaci,1,Sejak 2 hari yg lalu Banking dan ATM tdk bisa di Akses hanya bisa sesama Bank DKI.,2025-03-31 01:00:49
5bb988a5-1128-4ac0-9585-7ddc4446932c,Cahya Maula Shidiq,3,"maaf, tapi lagi dan lagi ga bisa transfer ke bank lain karena opsi nya tidak ada. bagaimana ini? sering banget kek gini. sekarang gopay pun ga bisa, parah banget ih.",2025-03-31 00:00:20
a55e80c1-577f-4960-8157-4b814a16f3bb,Aisyafrina Murti,2,"sekarang udh ga bisa transfer ke bank lain, ovo juga ga bisa kenapa ya",2025-03-30 23:21:30
aa87d5cc-ac9c-49d5-b2e5-e8d07e427daf,Haerunnissa Fitrianti,1,"aplikasi buruk, setelah update fitur transfer antar bank dihapus",2025-03-30 22:42:21
2eecb04d-7bdb-4220-a5c1-f791af13dd39,Magfhira Duhe,1,"APLIKASI BUSUK, UDAH PEMBELIAN DI APK DIMARK UP, LOGIN KENDALA KYK PAKE APK JAMAN BATU. MAINTENANCE SAMPE 3 HARI. KOCAK BANGET DEH. TOLONG DIPERBAIKI SISTEMNYA. JANGAN MAU ENAKNYA AJA. LOGIN KAGAK BISA, TOP UP DIPERSULIT, KWH DIPANGKAS... YG JELAS DONG... SISTEM MEMPERSULIT HIDUP INI NAMANYA!!!!",2025-03-30 18:42:21
db2c616a-0c12-4cd0-8c71-a0b4776ad933,Zuhry kaher,5,mbuh priwen,2025-03-30 18:08:21
e9be33d7-5175-403d-9813-84af02ec13b1,farik banirosadi,1,apa apaan bank dki setiap malam takbiran selalu ada masalah transfer antara bank lain...gimana kami pengguna bisa ngirim untuk keluarga dan keperluan yang lain... tolong dong profesional dan lebih ditingkatkan lagi pelayanan nya.,2025-03-30 15:34:54
845f06e5-8e90-4311-96da-6bdeeb66d8f9,Sugiharto 229,2,"kenapa si aplikasi nya , gada fiture transfer ke bank lain ini ? buset dah",2025-03-30 12:13:28
e32f3011-4378-4447-858c-3a0fbd51bfda,Ahmad Farchan,2,update berapa lama waktunya aplikasi ini? mau transaksi gabisa. menu transaksi hilang . hanya transaksi sesama DKI saja,2025-03-30 12:03:44
8e040a0a-5fd2-48ba-b098-f61901464a53,anonim man,5,Kok gak jelas kini menunya sulit jadinya,2025-03-30 11:54:51
9bb773bc-e781-4696-ade0-7a0e3b890ef6,Mario Cahya,1,"bayar pake qris gagal 3×, pembayaran gagal tetapi saldo kepotong. Mohon untuk solusinya nii, masa mau gini terus sih pelayanan nya? uang saya jadi hilang kalo begini payah banget sihhh",2025-03-30 10:40:31
249be6b4-5aa0-4fcc-8ee3-6ee733341400,Aman Jaya Lase,1,"Mengapa hari ini tdk bs trfer antar Bank??!!, pdhal mlm takbiran, mau trfer ke bbrp saudara. Duhh kecewa bngettt!!!!",2025-03-30 10:34:02
a40bc97d-cd27-43b1-953f-ad987ae2edc0,Satriyo Suhardito,3,kenapa ko udah 1 minggu ini aplikasi jakone saya tidak bisa bayar pake qris dan tf ke bank lain padahal udah update,2025-03-30 10:18:32
b9324e80-9180-43c3-a2a3-9d99fc15ef47,Zulfiana fauzia Andi mamala,1,oi bisa bisa CS libur sedangkan APK lu bermasalah😂 bodong bgt....gak usah kerja sama sama rusun kalo apk lu bobrokkkk,2025-03-30 10:10:36
0cea1604-64b2-4a9b-ba42-0c239f6835bc,Yuniasari,3,"Qris sering bngt error jelas2 dikasih notif klo pembayaran gagal, tpi pas liat mutasi saldo nya ke ambil😭",2025-03-30 09:49:27
f91e6db9-10a9-4561-8276-d97e90123cf3,farhan vareza,1,"kacau, transaksi Qris gagal tapi saldo tetep kepotong. Di Edc tidak terdeteksi transaksi berhasil",2025-03-30 09:45:21
e6af5fe3-f6c8-455d-9c75-6869c6c6fe11,Spei,1,menu tranfer antar banknya jangan di umpetin lah di cari susah banget,2025-03-30 08:51:57
b9b99bf8-2e03-4853-862e-b691e83350e5,Yan Emmanuel Gomies,5,kenapa fitur transfer antar bank hilang dari jakone?,2025-03-30 08:50:27
5b51afc2-196c-470a-b4ba-6fa5db586562,Iman Poca,1,gokil,2025-03-30 08:41:17
78635f8f-3ff7-445c-9b53-522bffaa25c1,Asep Adhari,1,menu transfer antar bank sering hilang!!!!,2025-03-30 07:48:57
db0cba52-c6f5-4810-ba65-05b9b4e9c5a6,Naufal Ahmad,1,"abis update malah lemot, gimana dah? Agak lucu tapi, gimana yak. komplen juga ujungnya panjang, mohon cepat diperbaiki!!",2025-03-30 07:31:51
bd41373e-ce3f-47a9-b312-4dedfa977ef6,Ega Rafi Zaini,1,ngga bisa masuk ke jakone mobile karena data tidak sesuai padahal di KTP agama Islam pas di apk agama lainnya,2025-03-30 07:22:39
49ab2b51-a75b-4933-a3de-af13730c5701,Haudan Alfi Pratama,1,"aplikasi busuk banget, per hari 30 Maret 2025 transfer antar bank gaada live. chat call center juga gaada yang nyambungin, awalnya ditunggu 10 menit an karena kata bot-nya bakal di sambungkan eh ternyata sampe 5 jam atau sekarang, gaada admin yang nyambung. minta pelayanan di DM Instagram resmi bank dki juga ga responsif gaada tanggapan, mau Qris juga gabisa dengan ""kode tidak di kenali"", kalo ga karena pekerjaan gabakal pake bank ini!!!",2025-03-30 06:51:50
22fc26b6-54ab-4bfe-8144-9aef0a12026f,adi julianto,1,aplikasi belum bisa di gunakan sdh siap meluncur tapi belum bisa di gunakan aplikasi sampah menu buat transfer bank lain aja tidak ada. kalau belum sempurna updatean jangan di luncurkan parah asli nya,2025-03-30 06:51:21
fbb6bd3b-c227-494a-aea8-7cb524e45fa2,Ahmad Mutu Whardana,1,"transaksi menggunakan Q Ris gagal, tetapi saldo terpotong... mestinya kalo gagal ya ga usah di potong saldonya ... semoga kembali secara otomatis. ga perlu telfon cs",2025-03-30 06:35:55
e53aa7f4-ef4d-45cd-b6d4-bb9a5871e032,Hayya Ningsih,4,"sejauh ini saya pake aman2 aja cuma pas hari ini baru engeh kalo menu bi fast hilang, trus kalo mau tf ke lain bank pake apa?",2025-03-30 06:11:30
b6038121-d704-4104-a265-850948249b7e,Intan Wahyuningsih,1,"Eror mulu mobile bankingnya, meresahkan banget sih, jadi sulit transaksi",2025-03-30 05:56:51
df160a02-e810-4457-878a-7cee329e235b,Tarmidzi AFM,1,"Tolong diupgrade lagi aplikasinya, enakan yang versi lama. Soalnya yang terbaru tidak bisa transfer ke bank lain. hanya bisa sesama bank DKI saja. TOLONG KEMBALIKAN FITUR TRANSFER KE BANK LAIN🙏.",2025-03-30 05:56:44
6a221027-2b9b-4fc1-8b9b-960162e52398,Zaeni Azhar,1,"Satu-satunya bank yg sering maintenance, aplg mendekati hari libur atau penting. Sering sudah TF ke bank lain, saldo sudah berkurang tp dana belum terkirim. Sangat mengecewakan",2025-03-30 05:38:40
79d72186-4fc0-4fdf-b87a-f2d386698e1e,ucok lambok,1,ndak bs transaksi padahal ada dananya... koq jd parah aplikasi perbankannya...!,2025-03-30 05:20:35
818ce476-5f94-4a28-adb2-d41fa478a09a,Aidina Lukman,1,"dana kepotong 5x ga bisa hubungi CS, dana wajib kembali sih ini,",2025-03-30 05:10:40
5182528c-cd9b-4fa4-b9f8-78c03e2c3ddf,Rizkiah Yahya,3,jakone mobile knp y? g bs dgunakan,2025-03-30 04:47:40
5ba54ba3-0fe6-4284-b32e-a9d58b639bdc,fery Fredericus,3,mohon pencerahan menu transfer ke bank lain di mobile banking say kok hilang ya,2025-03-30 04:02:23
aa32daae-1634-403c-a7e9-8e5126007858,Akhmad Naufaldi,1,ini gak bisa pakai qr dan gak bisa transfer ke bank lain. kenapa?,2025-03-30 04:00:27
de5acd05-85fa-476a-bd55-85c9d7cd2fc2,Ama Siringoringo,1,"Top up e money dki lenyap gk ada masuk ke kartu saldo udah hilang, giliran topup di tokped aja masuk. transaksi pakai qris udah masukin pw gk bisa2 loading terus padahal jaringan lancar. udah coba 3 kali eh ternyata udah kepotong 3 transaksi. kacau dah mending jngn pakai apk ini habis duit kalian. bisa bilang pnipuan gk sih? kocak kocak duit sering hilang",2025-03-30 03:43:07
f1175484-4017-4a21-a863-72969fa44d3e,suworo suworo,5,ok,2025-03-30 03:15:33
bff303e6-03c8-4422-a014-a8f6daf6ced2,Siti Mukhariyah,5,bagus,2025-03-30 03:10:43
193fe7b4-93e1-4060-9a57-3b1cc3ce1c41,febry arta bayu pratama,1,jelek banget parah. beli pulsa belom masuk udah dipotong.. bayar QR belom kebayar udah dipotong. telvon cs yang tulisannya 24 jam ditelvon sibuk terus... sedang melayani nasabah bla bla bla bla sampe ditelvon 1 jam secara berturut turut dari malem tetep begitu... besoknya ditelvon tetep sama.. emang kaga tau apa yak butuh bener itu uang..,2025-03-30 02:54:25
3f4f3924-a789-4083-9059-fe4cb911e37d,Nur Hayati,1,"g bisa tf antar bank, padahal baru pembaharuan",2025-03-30 02:53:31
b2b3b6df-80ed-4c87-acf0-0168f597c842,Tiani Sabrina,1,aplikasi maupun callcenter samasama tidak responsif cepat. pelayanannya samakin buruk.,2025-03-30 02:38:20
5064a7c8-06d3-4218-a99f-8a21ff040b44,Cahyo Wantoro,4,"untuk layanan tranfer beda bank nya kok ga ada yaa min, yg ada hny transfer sesama Bank DKI dan virtual account di aplikasi, biasanya ada layanan transfer beda bank nya",2025-03-30 02:37:29
149f4600-6c3d-41f5-9f12-31a5b31fee14,garuda didadaqu,1,parah mau daftar saja susah banget giliran mau selesai malah error karena sesi berakhir tapi nomer sudah terdaftar akun id g punya,2025-03-30 01:05:16
97296669-2ad8-48e7-8537-dc42868650e9,Agus Dwi prm,1,"ko abis update, malah gabisa transfer ke bank lain ya, anehhh",2025-03-30 00:59:24
69a9296e-d234-4bff-a06e-8623240c6c29,Topan Supriadi,5,mantap,2025-03-30 00:43:48
c796ef8b-5e46-4c87-991f-1a5a213f9a95,Hadli08. DRTfriends,1,"Apk gak jelas, opsi transfer cuma antar bank DKI, transaksi scan QRIS gagal tapi saldo kepotong, aneh...Cs dihub sibuk terus, sangat merugikan",2025-03-29 22:43:27
28dc9601-3839-4c14-abf2-d6bece3f2c02,Su Gito,5,pelayanan transfer kok cuma sesama dki saja,2025-03-29 22:31:58
bd9e4f47-a19e-4229-84b9-083013e20b5e,Anak medsos Terkini,2,"Tolong tim develop Jakone, kalau mau maintanance jangan di waktu nasabah sangat membutuhkan !! hampir semua layanan OFFLINE, Qris, transfer antar bank lain semua ga bisa di gunakan, udah di depan kasir mau bayar malah eror, 2 hari mau lebaran ini bung, malah perawatan layanan, hadeeh bukan beri layanan prima malah bikin emosi.",2025-03-29 22:26:24
16ba7720-6abc-4a64-a6b5-4b2b562301da,Poni Ardian,1,"transaksi gagal, di mutasi tertulis uang di potong, di QR riwayat tidak ada transaksi tapi uang di tabungan tetap terpotong?? kenapa bisa??",2025-03-29 21:56:58
c4440065-693f-4b80-a26a-a21354d6677f,Ikhsan Zaki,1,lemot error Mulu 3x transaksi saldo udah ke potong TPI transaksi blom masuk bikin susah orang aja mna transfer hanya ke sesama dki doang ke bank lain gak bisa,2025-03-29 21:50:41
6e150985-a6df-4664-a3a1-2106d14d39c7,agus frsyh17,1,"setiap transfer gagal transaksi ,saldo hilang payah nih dki nunggu 2hari baru balik kocak !!!!",2025-03-29 19:44:40
b53a8501-79b4-4b51-b404-82de2f0e168d,Yogi Cahya,1,transaksi qris gagal tapi saldo tetap terpotong dan di cek di riwayat transaksi tidak ada di cek mutasi pun sama saja,2025-03-29 18:18:59
d07646fa-6af1-49ac-825d-95191877ebfa,dwi prio,5,ko saat ini menu TF beda bang ga ada ??,2025-03-29 15:24:45
e0250ed6-e7d7-4ee4-bfff-a328a855c695,hendry fam,1,kacau ga bisa transaksi antar bank,2025-03-29 14:54:54
1409333d-1c41-40bc-9bc1-1b5253aa44cc,Dhui Agust,4,"oh iya yang terbaru, gak bisa transfer antar bank yah ? hanya bisa sesama DKI sajakah ? kenapa ?",2025-03-29 14:52:37
337f5f1e-af66-4119-8399-dcdfd5b5d156,SaffaRD Channel,1,"makin parah masa gk bisa tf sama bank lain,,,, aneh",2025-03-29 14:49:35
240243ed-25be-4d97-8920-238205e58815,andriyanto saputra,1,sering sekali qris gagal transaksi. saldo terpotong tapi tidak masuk.. PAYAH. PENGEMBALIAN NYA GIMANA,2025-03-29 13:44:32
f351882c-ac82-473f-911b-b4bf298255cc,ali tambayong,4,tolong untuk menu transfer ke bank lain tiba tiba hilang.... mohon segera diperbaiki agar aktifitas perbankan lancar,2025-03-29 13:00:46
0487ee84-b281-416d-9cbf-e00ac2300088,Luthfi,1,"bank sering error, saat saya melakukan pembayaran qris sudah tersedot 2x tapi transaksi tidak berhasil, cs di telfon selalu tidak ada jawaban dan alhasil duit saya hilang 300k",2025-03-29 12:51:35
aa03cb31-61f4-4505-a7bc-4d4e88ad2c25,Syafei Salbini,5,top,2025-03-29 11:56:33
c4cfdb4f-fb7f-4e8e-8343-c92b1d48f69f,Hendri Mulyadi,1,"tolong diperbaiki jangan dikit-dikit gangguan dikit-dikit gangguan utamakan kenyamanan costumer saat akan ingin menggunakan transaksi, ""TOLONG DIPERBAIKI""",2025-03-29 10:48:34
38c6c190-133a-486a-a2d5-4b62cd159337,Budi Azi,5,mantap,2025-03-29 09:57:41
dedb2586-cca2-4db5-affa-3dda36303237,Indra Hermawan,1,sering service offline,2025-03-29 09:29:18
0acd26d2-23ee-4cc3-a301-a39125b32b3d,Nicky Pasha Wiratna,1,GABISA TRANSAKSI PARAHHHH,2025-03-29 09:19:48
92a01e85-a422-4714-ad89-1d967257f30f,warsilah hadi,2,"Maintenance di H-1 menjelang lebaran, saat orang orang banyak yg membutuhkan transaksi, semoga kedepan lebih baik kagi",2025-03-29 09:09:18
34039c5c-794e-44de-958a-ef64b77ef99f,Ahmad Fahrie,2,"Lama"" ga bagus pelayanannya...sering trouble, mau transaksi sm penarikan aja susah apalagi gunain QRIS, bikin kecewa nasabah !!",2025-03-29 09:06:38
3c884833-1091-45db-8990-3a3a9c062e07,Moch Ardy,1,eror mulu,2025-03-29 08:57:56
1981f186-0779-48d3-ab17-ee7af79e43f7,Fachry Syahputra,5,kecewa Sih Sama JakOne Ini Sudah Melakukan Pembayaran qiris 2x Status Gagal Cuma Saldo ke potong dan Kaga Masuk Ke rek qiris Penerima. udh coba Nelfon CS nya Bertele tele di bikin lama Dan di buat Abis Pulsa,2025-03-29 08:51:41
e84acdb9-b789-4b08-98c0-3292c4807420,Yan.,1,"Aplikasi busuk bisa-bisanya transaksi online ada yg gagal dan saldo tak dikembalikan otomatis emnknya ini masih zaman batu, hello ? CS dihubungi berulang kali gx ada yg siap melayani panggilan. Mau kalian apa toh ?",2025-03-29 08:50:38
743dcf82-6800-466c-aec6-1a61bb68fcb1,wiradhika yudha,1,"gangguan mulu sih, orang lagi urgent malah gangguan. heran dari dulu ga pernah bener",2025-03-29 08:37:39
15252957-04f5-44ce-98af-1ec88f883e05,Deni juliansyah,1,"kenapa jadi ngga ada menu transfer ke bank lain si, ngga jelas",2025-03-29 08:17:18
70f4e55b-18ce-49a8-863b-11a9b7f3149c,Istiyani Wulan,1,aplikasinya aneh ga seperti biasanya ga bisa tfr beda bank,2025-03-29 08:11:34
24c5ea4d-9137-4d57-a5f4-3d3c8294c058,Merry Susanti,1,error aja trussss,2025-03-29 06:07:38
557376ee-82c7-4821-8335-e02e830f72d9,Tunang Zainudin,1,"apk makin ga jelas,msa gabisa tf si cek saldo ja gbsa gmna si",2025-03-29 05:36:51
744b8b53-66be-4eaf-9e52-2cc6c7b1a366,Maryati ati,1,"aplikasi jelek, ga berguna.",2025-03-29 05:30:12
5681de79-01f0-4e93-aa3a-86acfc6f59e9,Sigit Lasmithank,1,sangat mengecewakan sering transaksi saldo sudah kepotong tp gagal...,2025-03-29 01:24:55
40f909d2-6881-480c-9194-b9d761c27357,Suryanto,1,"saldo tiba2 ngilang,dalam proses tp lama sekali,saldo hilang dluan,gimana itu",2025-03-29 00:14:48
015afcad-d4ad-4a1f-9145-5f016570f150,Fadillah Junior,5,ok,2025-03-28 15:58:39
98424677-784a-4f9e-a570-34ecf299fae7,Risminto Muhamad Riyadi,5,Aku sih Yeesss,2025-03-28 04:05:02
84b0af9a-ceb7-4a4d-b2bc-925b13e833c1,"Salam Super, Ph.D",5,oke,2025-03-27 13:53:50
dcd85e08-fcbf-4b31-89e3-3d240e746045,Suroso Roso,5,mantap jakone mobile,2025-03-27 10:23:08
95c9ed85-42be-4614-8e6e-b52cd3630a7d,Jendi Kurniawan,2,delay bikin transaksi jadi 2x,2025-03-27 09:50:11
b2264dce-0ae3-413e-8b82-8a429e844caf,nawin lee,5,pelayanan m banking lg kurang bagus,2025-03-27 09:14:12
fa46b94a-6bb2-4335-98be-a169c3064bd5,Gery Sens,1,"Buat Login Lelet, Tolong diperbaiki. Bank Pemda Kok begitu",2025-03-27 08:19:34
a1a3b479-ef1a-42eb-993e-5d1f1abe64ad,Garnia Adzra,5,gud,2025-03-27 08:15:37
fe6b44ff-de8a-4aac-aef1-c1456e185a3c,Sudirman Khoerul Latip,2,lemoot sama gangguan trus,2025-03-27 06:59:20
baf31bf7-751d-4e9c-a5b1-0d388a78e293,Muhamad Riansyah,5,good,2025-03-27 01:03:27
277507ee-c604-49cc-97a6-c72b9e534654,Nahru Darwin,5,Bermanfaat,2025-03-26 13:24:07
57ee66ac-bf0d-4e64-823d-2f30a5b35b1c,firman scoopy,1,error mulu,2025-03-26 09:08:14
fcb296d6-6ed9-40f8-8be2-17beb324991e,Budi Endang,1,"APK nya lemot, gak pernah ada evaluasi apk apa ya bank dki",2025-03-26 08:48:04
b53cae3a-f0eb-4f42-a11a-d4d4953be092,Nurnedi nurnedi,5,oke,2025-03-26 08:41:11
cee00642-399b-4315-8a83-ac708a353b12,linggar dwi,3,"aplikasi eror terus, padahal indikator sinyal bagus, mohon utk diperbaiki",2025-03-26 07:48:05
c5343c3c-a51f-4fe7-98bf-8fd1050bfa57,Firman Syah,1,"untuk ke sekian kali ni app down lagi, akhir ini parah bgt, kalah sama gojek grab",2025-03-26 07:43:16
f56ecc66-258c-45da-950f-95d56397f588,No Name,1,mo hubungin ke KJP malah diarahin buka rekening baru terus,2025-03-25 14:01:06
6ecd4d19-f645-46ea-9427-a0c40d5f74f6,ADE Supriyatna,3,seharian nyoba buka jakone ga bisa bisa. udah di uninstall - install ulang tetep ga bisa,2025-03-25 13:19:39
e59bdd72-239b-43f0-a179-5572920a8486,Ray Arvel,1,gajelas,2025-03-25 11:26:37
ca4f24cb-7a39-4ada-86ba-f5f504a4f40f,Nopan Irawan,5,sangat membantu,2025-03-25 08:51:17
13cd0328-fa27-4a22-b973-988a77a1b952,Cahaya,2,parah kode otp gak terkirim2 udah 4 no hp gak bisa pada ada pulsanya semua tolobg jelasin,2025-03-25 04:20:02
fea26826-3979-4e7e-946a-debce40a5d43,Rudi Yanto,4,kenapa gak bisa TF ke rekening baru dan beli pulsa listrik ya? udah uninstall tetep gak bisa,2025-03-24 06:43:28
ace657cb-c993-4df7-afe6-4b59cfa56f77,Sugita,3,"Kenapa tidak bisa daftar untuk rekening KJP? hrs scan KTP, beda caranya dgn yg ada di video tutorialnya..",2025-03-23 15:23:04
77f373df-7ea4-402c-b097-af18cbceb174,Padi Gemuk,1,"APK ini cuma bisa di gunakan sekali atau gmna sih ? pasword udah bener, udah ganti juga ttp aja gak bisa masuk dengan alasan pasword telah di blokir padahal udah ganti password loh kok bisa sih ? padahal baru buat akun tapi Skrang udah gak bisa login tolong dong masalah ini lebih di perhatikan lagi error atau gmna, kasih kejelasan dong",2025-03-23 08:29:36
b0600a4c-f759-4202-be7c-b321ffa2c1ef,Achmad Irfan,1,sudah datang ke bank untuk pengkinian data tapi sampai saat ini tidak bisa di gunakan juga untuk aplikasi jak one ny. harus gimana lagi coba verfikasi data di jak one sudah bnr tapi keterangan ny tidak sesuai juga. sangat buruk sistem ny,2025-03-23 05:58:03
68223f0f-54bb-4c2f-ae6a-90cc01a48800,Adam Sjach,1,saya mau membuat rekening lalu ngestuck di bagian kode otp sudah di tunggu berkali kali tetap tidak ke kirim ke SMS saya otp nya,2025-03-23 05:55:07
496b0585-393a-4a1a-a10a-fca01e561986,Aminudin,1,ga bisa kebuka aplikasi ga jelas,2025-03-23 05:42:57
50558cf4-742a-478e-b6aa-1880e769a065,Nursini Prikasih,5,sangat mudah dan memuaskan,2025-03-23 05:15:53
69cc2ea0-4689-4529-9c11-e0b101a22534,Rhyo Reta,1,Mau buka rekening tapi selalu error aplikasi dan data kependudukan nya belum update ada beberapa kabupaten yang tidak ada Mengecewakan,2025-03-23 05:01:44
0b0b10d2-ac70-496b-879c-25b938384a7a,Nina Purwandari,5,baik,2025-03-23 02:20:13
41dcda53-acd7-48b4-85c1-aa8e49dedc57,hani hastika,1,"KALO BELUM SIAP PUNYA APK JANGAN Di LAUNCHINg.apk BUSUK. di buka susah, di uninstall dan login lagi malah di minta data dari awal. setelah isi data tulisan sudah terdaftar. Hubungi CS via email suruh telp, setelah di telp suruh ke kantor, setelah ke kantor kendala eror. Ga ada solusi sama sekali. Pake DKI karena permintaan dr kantor aja, klo ga amit2 ga akan download.",2025-03-23 00:51:47
9c275d13-228c-49f9-a1ca-39ada7643c0f,Abu bakar baladona,5,ok mantap,2025-03-22 21:55:44
3699605b-c6fe-4913-93d0-d77d9a1dcd63,SMP 47JAKARTA,5,Halo.... Aplikasi jakone kenapa ya? Sudah seminggu lebih saya tidak bisa akses. Aplikasi selalu freeze.. Mohon solusinya Terimakasih,2025-03-22 14:13:08
d4fe63a9-d902-4cd8-945d-f37b62d81c6e,Rizki Suryatna,3,"Aplikasinya kaga jelas, kemarin ngajuin kartu fisik kaga bisa aktivasi mana yg dateng nomor kartunya beda. skrng cicilan rumah udh autodebit kepotong di rekening tp di status kpr msh blom masuk. nih lama² kaga beres juga, jgn sampe kudu ngelapor ke kantor pusat dh soal beginian.",2025-03-22 03:36:36
c76a4899-8480-4454-9b40-aa23f1b94023,m. Arifin,5,sangat membantu,2025-03-21 13:48:33
f85eb247-c7d3-4627-8c0d-12a67ad056c5,Fay2016 Nur,1,server sangat lemah dan lemot.,2025-03-21 09:03:43
61207b1e-4a47-4a33-bf8e-b9f073c95756,Johan Saputra,5,mantap,2025-03-21 08:04:47
407e6610-8c62-4bad-b5e8-637ce967c3ea,obokobok CHANELL,5,senang,2025-03-21 06:42:33
1451c7a2-4fd1-4050-aefe-9060cbaf337d,Taufiek Bintoro,3,apakah ini sedang dalam maintenance ??,2025-03-21 01:41:19
46702ab6-ad65-4e07-903d-2beb024d4329,Hulia Husein Aulia,4,qris agak susah.,2025-03-20 23:52:47
8b8b18b1-7fe3-4543-bc74-09932c8a83a9,Ali Mustaqim,1,"saya belum pernah daftar mbanking kenapa sudah tertera terus kenapa sulit sekali memulai masuk nya kembali selalu gagal, sedangkan saya klik lupa kata sandi sulit sekali daftarnya",2025-03-20 11:56:24
bb439123-0a47-44d6-9758-ffbe1c4bfe34,Bunda Nabila,2,saya mau daftar untuk kjp knp harus buka rekening. memangnya knp tidak bs tanpa buka rekening? sdg lihat dari tutorial yg di youtub bisa tanpa buka rekening,2025-03-20 10:45:09
892009b8-ee3a-4e55-b0b1-f5dacaec6992,Dewi Sada,5,bagus,2025-03-20 10:25:18
711b3c6e-c35b-4396-9606-2e38920656e5,suhendar sandri,2,"kalo gasiap barcode jgn gunain dlu, eror terus",2025-03-20 09:55:50
a0f694ae-9318-4cbb-aa7d-9c730aecf80c,Mahesa Jnr,3,kenapa setelah update pasword saya terblokir?,2025-03-19 19:04:06
7515ad27-4a2c-4bfc-9cc1-7b5d893ea4d9,Fadil Muhammad,1,udah 2 indentitas saya daftar kan gak nyampe 24 jam langsung tidak bisa di gunakan Setelah buka rekening keterangan nya nanti password terblokir atau user terkunci.padahal masukin password bener tapi gak bisa login,2025-03-19 14:56:28
279b8b91-3073-46f5-8799-089c12b326c9,muhammad raymon,5,Ga jelas co duit gua ga bisa di ambil mana banyak banget lagi kayanya duitnya di korupsi dah dan tiba tiba akun ke kunci sendiri padahal sandi udah bener,2025-03-19 11:01:14
4edf4734-4536-4bea-b3c7-d9f3a1cad538,henny fcc,1,ga bisa di buka,2025-03-19 10:47:29
e6842920-4e5e-4771-91d4-a5861d9a19ad,Nila Sophia,4,good,2025-03-19 08:59:24
b7f99e2f-72f0-4ce7-9d32-d8f861d72c73,sapta eggi,1,"mau daftar aja susah banget, belum punya rekening, tapi di kolom pendaftaran harus masukan nomor rekening",2025-03-19 07:54:43
250f545d-e508-417f-af4f-0e72baed6a7e,Yoga yulian,1,sering banget bermasalah ketika login.. user id dan pasword udah benar tapi tetep ngga bisa akses.. tolong lebih di tingkatkan lagi..,2025-03-19 03:52:14
710e0036-db42-4a34-bea8-799032a3e2aa,Vella Ajin,4,BI Fest sering hilang,2025-03-19 02:58:41
973d7a3f-a643-4526-b48b-3a7fd1c088f5,zan bar _99 Ocan 71,1,"apk gk guna, kode otp gk dikirim"" mending dihapus aja lah",2025-03-19 02:08:41
06d521fa-6225-4015-a20a-35b9d8e7dc77,Hendra Hidayat,5,"Praktis ,aman ,cepat,semoga tambah sukses selalu",2025-03-19 00:01:53
84c82efd-56b1-4a3c-b27e-ce56c5d7a14f,Ferlin Aritonang,5,saya gak bisa login dari hp,2025-03-18 19:49:27
7d82bc50-bcfc-4596-9531-4b0440e8c517,Toxic Gaming1516,2,"aplikasi apa ini Baru juga masukin no hp gabisa terus payah lah ada bacaan ""silakan coba kembali (91)"" gimana sih",2025-03-18 19:05:17
cd4ed4dd-83c6-4cf4-91c8-0c8cd1c8a7d1,Suniti,4,saya gk tau mo ngeck saldo tapi udh perifikasi tp g bs buat cek saldo,2025-03-18 15:53:40
e92765a1-93c5-4ae6-82b6-df8a96c6fd3e,Wahyudin,5,Mantul,2025-03-18 14:25:34
ad85ba1e-950a-4ffd-88ee-b0706635cfdf,Hendra Yana,4,kenapa jakone g bisa virtual akun ke apk dana y,2025-03-18 14:06:42
9f4cedd8-b93d-4946-be3c-84b1ba6b500e,Virzi Wahyudhi,5,Bsgus,2025-03-18 14:03:04
34d4d07c-a286-49b3-9830-4f07215783fa,Mulyajih,2,"payah, id password nomer telpon sesuai. tapi gak bisa masuk, harus ngisi data ulang giliran di isi gak bisa juga",2025-03-18 12:58:55
324a4048-513b-44d8-b653-7888d86acf9a,Dian Iqlima,1,"Aplikasi sampah!!! Hari gini msh minta OTP lewat SMS, udh gitu harus ada pulsa nya lg!! Kampungan banget yang bikin nih aplikasi",2025-03-18 09:18:27
8e1c4fb4-15f2-4aaa-9b60-30ecca402408,Yatsu,5,Terimakasih atas responnya dan semoga bisa terus berkembang lebih jauh lebih baik dari tahun-tahun sebelumnya,2025-03-18 09:01:00
782b9398-d272-41c7-9ef4-de13d07fd8a8,Ilham Syah,5,mantap,2025-03-18 07:49:16
989aba0f-1c04-439f-8d37-0e3adb829adb,Bumble Bee,4,Aplikasi sering error'... Kalo di Tegal muda pasti loading lama...,2025-03-18 07:15:28
6f9f52e9-0d52-434a-8d2d-b310c77fef55,Sonny Sondhot,5,Bermanfaat,2025-03-18 06:35:00
d83b7454-6688-47b1-8eb4-0e95e580aa0e,Tatin Ummi AMeNU,3,Sering banget update😣😩,2025-03-18 06:11:29
8b970543-996b-4c3b-871b-94dde31d33af,Salman Rasikah,2,"saya ingin membuka rekening lewat aplikasi namun kenapa selalu tidak bisa saat ingin meminta kode otp sudah saya coba hapus kemudian install lagi, ini menyusahkan namanya",2025-03-17 19:55:47
7144550a-3496-4706-b886-0b036912fb80,Suheri Heri,5,Semakin oke,2025-03-17 16:06:36
a6d5acac-cacd-49a7-a815-a8efe91fc311,Ida Fadillah,1,update ajaa lama pol apusin 2 aplikasi,2025-03-17 14:54:45
53dd1ebd-b373-4ec0-979c-875d5cf788bf,Hendi Naswari,1,Error mulu,2025-03-17 11:03:59
f69cf441-62c4-4a1a-ae0b-5ca21bea1552,Arief Rahman,5,Great,2025-03-17 10:30:30
c8a00225-94a8-46c0-a23f-02872334faeb,patih dayak,5,Sangat bagus dan mudah untuk mewujudkan harapan,2025-03-17 10:18:59
864eec13-a621-4592-aa91-0ae7db2e94dd,John Paul,5,Top,2025-03-17 09:09:30
f4f4d8a5-6354-486a-b9ea-c8140d089324,Ahmad Fuadi,5,aplikasi yang bikin urusan keuangan jadi mudah dan lancar....jangan ngaku pegawai pemda DKI kalau ga punya aplikasi ini..,2025-03-17 08:10:26
f2855faf-afa3-4cce-bc64-08bce2199c2c,Soleh Sa'adah,5,sangat membantu,2025-03-17 07:16:55
b8ea994c-0c4a-4213-b5b0-5d27d3acf439,Bang mifta,5,Ok pokok nya Jak,2025-03-17 05:28:19
acd47df5-8351-4d30-b199-c50001dd6d0c,Hadi aja,5,"Bagus pelayanannya, oks",2025-03-17 04:03:54
ca9f4450-fe98-435b-8723-adcfa56b2ac8,tugi man,5,Ok,2025-03-17 03:45:08
878fc563-2b3b-4649-a5f6-c5b6061af072,Andere Wang,5,Sejauh ini sudah ada peningkatan dalam hal kecepatan pelayanan online-nya. Semoga terus meningkat. Bravo Bank DKI !,2025-03-17 03:14:06
8d2e5318-143d-4cac-ab18-6b7c2da87efc,dadi hilux,5,mantul,2025-03-17 02:30:04
1a8fe517-9a1e-4ce9-bb11-e691e3f7cf92,Wahyusa Saputra,5,wow,2025-03-17 02:02:03
262578f3-446e-4db5-bc7a-6a586b8e8e54,Iko Bangun Purwanto,5,Sejuk dan nyaman...... Serta banyak cewekbya,2025-03-17 01:38:10
7a8f8634-9d7d-40d0-985c-4778b4215446,dahyar iyang,5,"Selama ini pelayanannya bagus, semoga Bank DKI Semakin sukses",2025-03-17 01:25:39
7d3003ce-d45c-4135-b5be-38928daa0d00,sugie pemadam,5,Good joob Bank DKI Is the best,2025-03-17 01:08:08
4e9116d9-4f1f-446b-9c98-3fdc3150c9ab,idah sony,5,"semoga bank DKI selalu amanah,aman dan karyawannya ramah ramah,baik,sopan dan tanggung jawab",2025-03-16 23:31:25
16d6a9fc-190e-456e-a1df-893e982fc335,Marta Lusarda,5,Bank terbaik untuk kami,2025-03-16 23:25:56
bca96136-66aa-47fc-8d63-42ee81c071fa,M Dhanu a n cholil,5,mudah dan sangat membantu,2025-03-16 22:47:00
eaf535ca-0eb2-4407-94cf-ada900ed0e04,sri mulyani,5,Sangat membantu dan mempermudah informasi mengenai transaksi keuangan saya,2025-03-16 21:54:26
456e2034-2eb9-4e98-bf9f-dc928572a043,Abdul Ajiz,5,memudahkan transaksi,2025-03-16 21:15:34
9e7d2ea5-b564-46aa-84cd-be7fa56223bb,nur khalifa,1,aplikasi jelek GAK MODERN ... masa mau cetak Mutasi cuma sebulan kebelakang ga bisa setahun kebelkang lah minimal,2025-03-16 15:24:11
25e6c945-6ca2-4159-95be-082b7c5459c2,djohan syah,5,good and best always make better,2025-03-16 14:57:07
938b0bbe-eddb-45e7-b8d4-d148fe57a675,Agus Soek,5,sangat bagus membantu lebih mudah,2025-03-16 14:34:03
bf0327e8-93ff-4ff7-a88e-cff9ba89b2b4,Desy Trianti,5,"sangat membantu saya dalam bertransaksi kebutuhan sehari-hari dan mempermudah pembayaran, juga mempercepat proses ternsfer atara bank, Terimkasih Jakone Mobile yang selalu mempermudah proses apapun.",2025-03-16 14:25:22
df143a61-6de2-42b9-b9a1-92e818ef1376,Robiah Yaya,5,Aplikasi ini bermanfaat,2025-03-16 11:11:54
8ff25076-2c25-4425-89c9-a8899cc7e9ca,Majid Abdul,5,Sangat membantu disaat mem membayar kebutuhan sehari hari secara cepat,2025-03-16 10:57:25
b13473e4-10cf-41bb-8c07-fa95d4d1e8ea,Bambang Usman,4,sejauh ini cukup praktis,2025-03-16 10:07:10
aa1b0d6a-38d8-4bcb-ab40-a86096e934c5,ERWIN PAZA,5,"Aplikasi belakangan ini lelet banget ,padahal jaringan bagus ,aplikasi lain dibuka lancar ,ntah kenapa nih aplikasi jakone lemot banget",2025-03-16 09:22:47
47a62b3f-cb09-4cc5-8819-a929b200a503,Dian Pratama,5,"Terima kasih sdh diperbaiki, saya lebih senang layanan transfer yg RTO drpd BI Fast... Krn BI Fast serkng error...",2025-03-16 09:22:23
4f850185-068f-4a27-8bfe-d563b668e31b,Pitri Widyowati,5,aplikasi ceoat tepat,2025-03-16 09:20:24
b18bd841-e156-4e1b-bfc8-81ed4b1a2291,Indah khoerun Nisa,4,"Aplikasi udah nyaman, praktis bisa bi-fast untuk sesama dki, bisa isi saldo spay, dana e-comerce lain, tapi makin sini update2 mulu🥲 apalagi musim thr, semoga makin meningkat kualitas apl nya",2025-03-16 08:23:21
74d262f6-32fd-4424-8426-41ca356596d3,Laraska Music,5,memudahkan untuk transaksi dimana pun,2025-03-16 08:20:37
c10b065e-1f03-480a-9953-a655ed0bd717,Thamrin Husni,5,mantabs...semoga lebih mudah & bagus lagi,2025-03-16 07:43:05
cc9d49b7-445c-455f-8483-40ad01bcc820,lili lesmanawati,5,"mudah, cepat",2025-03-16 07:25:11
c0b1453f-2e19-4ab7-b328-69d9923c7688,Lutfi Irawan,1,Lemooot aplikasinya,2025-03-16 07:15:57
e8c3d303-453f-4508-8ede-e0560f61e6e7,Sitti Maryam,5,"Menggunakan JakOne sangat baik buat saya, bisa segera nyampe apabila mengirim atau menerima transferan uang ke sana saudara Trims JakOne.",2025-03-16 06:48:48
b8b05830-ce0d-48c3-af59-993cb1e76909,Emilia Lia,5,baik,2025-03-16 05:49:06
98bee47a-4505-47d5-a5f1-c8d1dc4887ef,Yulianto Wibowo,5,Sangat membantu saya dalam transaksi. Dan lebih cepat. Makasih bank DKI.,2025-03-16 05:44:46
5a6cda49-0cd2-4e1c-9bd7-ce091a48c0ce,Nurhayati 1971,5,Makasih sangat membantu& lebih mudah di gunakan,2025-03-16 05:20:00
3a17b700-9a33-43c7-8dcb-2f99c76edd99,Nurwendah Widiatmi,5,Memudahkan transaksi perbank an.,2025-03-16 04:26:00
05af31a7-5bc9-4ef5-be92-30653b358b67,Bang Bhotak,5,Kenapa abis di upgrade malah ga bisa kebuka,2025-03-16 03:56:14
05a01f88-d47d-4d88-97d4-37a73f088d23,Rhendy Leonardo,5,mantap,2025-03-16 03:27:02
f2fb4326-4641-4ad8-a6c5-4c0b4b762a9e,Widodo Tuntejang,5,"keren, user friendly",2025-03-16 03:24:13
bfb3bafb-1445-47af-9cec-e0a708a5eb28,Ernawati Saimun,5,Bank DKI udah baik banyak fitur2 yg ada,2025-03-16 02:27:21
74262644-9140-449f-94e4-225dca79b099,Mis yan,5,Mantap bosku,2025-03-16 00:48:12
94ea8684-74bf-44e3-b2b9-10668e957bd6,Croissant D'Indo,5,great deal app,2025-03-16 00:29:31
3f5c6c6d-613f-4cce-aa2a-1e6f7084388f,Hery Chairul,4,cukup baik dan sangat membantu,2025-03-16 00:01:24
7066a9ad-798e-4ae3-9027-79a58bf0b39b,ati maswati26,5,baik,2025-03-15 23:48:21
084c172b-7a17-45de-80ab-0370b86f89a5,Mäs Nizam Zauhair Ramadan,5,Cukup kah 5 bintang,2025-03-15 23:08:35
c6368194-1b5d-4d90-adff-e13bf744c363,Reniza F,5,Fitur makin banyak dan mudah dimengerti,2025-03-15 21:53:00
cb90f109-5b99-4915-97d8-648f60803ea8,Marry 2003,5,lancar dan baik,2025-03-15 20:12:12
c1103925-0999-449b-8c01-a31b22f35051,AJI The Great Company,5,So far so good,2025-03-15 18:40:19
647604cc-5ecc-4393-b755-3327dadf7bbb,Andes Darmawan,5,Bagus,2025-03-15 18:32:56
27415dcf-e816-4807-b132-156e2204ac83,Fais Fais,5,keren sangat membantu,2025-03-15 18:18:40
f324d41a-e114-4490-bce1-9df4df9966bf,Sandi Crash,5,Ijin Mimin saya baru buat akun Jakone tapi ID sama password-nya saya lupa gimana cara ngatasinnya terimakasih.,2025-03-15 07:46:49
fa2a8213-51cf-4720-bc72-b6e9f5bb3d40,Reja Farika,1,"apk macam apa ini?! setiap transfer kepotong nulu, tapi uangnya ga pernah masuk! heran bngt sama ni apk. mana bnyk error lagi. kecewa bngt sumpah.",2025-03-14 22:01:23
3ee7d8b9-5679-46e9-936f-efdfacebde62,Sekar Wening,1,Kenapa saya mau daftar ATM kjp anak saya malah diarahin ke buka rekening baru sih ??? Ini gimana sebernernya buat daftar jakone KJP ????,2025-03-14 21:32:56
3e0b5c48-b8bb-4314-a3ee-c8413e077ba5,bhq _okeh,5,Muter muter mulu buseeh,2025-03-14 07:34:12
2fb814a9-fedb-4370-8e9b-4638b9aa177c,M LUTFI,1,"Sering banget kalo transfer pasti nyangkut, udab beberapa kali pasti gitu",2025-03-14 05:55:47
fde63450-e930-40eb-83e3-cb8dfc886b73,Safril afriandi,3,Bisa liat mutasi tapi ga bisa liat struknya haduhhh,2025-03-14 00:23:14
b8996fa1-e26a-4ef5-ad4e-1cd4487608d6,Steve Lasut,1,Aplikasi selalu bermasalah. IT nya abal2.,2025-03-13 13:18:22
d2233d85-5078-4f57-b982-9e81343bdcd9,x Devure,1,Aplikasi tolol orng transfer ke debit mulu,2025-03-13 10:38:13
052927e5-184c-40f8-a333-10d1c603200b,Razor Hyuga,1,"aplikasi paling rajin bermasalah ketika dapet duit tkd cair, setiap mau di tf ke bank lain pasti nyangkut & lebih biadabnya kita harus tlp ke call center yang ngabisin pulsa buat validasi yang lama banget seperti di sengajain lama banget ujungnya no tiket pengaduan ga ada. sudah nyangkut uangnya mau beli pulsa ga bisa gara2 saldo sudah terpotong. menyulitkan orang sekali kalian ini ya. klo bukan karena kerjaan saya najis pake aplikasi & bank ini, nanti pasti ketika dapet thr begitu juga.!!",2025-03-13 08:30:09
a4854cb9-cf32-473a-bf7f-327cedeb28de,Dewi Nurhayati,1,payah nih. saya udah 2x transfer ke BCA terus gagal tapi anehnya saldo udah kepotong dan di mutasi dki muncul tapi malah di BCA nya saldo belum masuk. capek bgt kalau harus hubungi call center terus. mohon lah diperbaiki layanannya. jangan sampe duitnya nyangkut entah dimana,2025-03-13 08:24:19
e16bd0cc-b2b1-4cff-99dc-341d10dde271,TARJONO,5,"Aplikasi yang mudah, untuk kebutuan apa aja",2025-03-13 02:07:47
a7ecbece-ed71-4ce5-bbb0-77ce96699680,Ade Wibowo,5,Bagus,2025-03-13 00:31:12
58a17312-2b7e-4ad1-b86f-fe1e069c95cd,Siti Humairah,2,"ini gimana cara login ya, padahal nomor hp udah bener, masih bisa ngirim kode otp juga, tapi pas login di apk ini gaada kode otp masuk",2025-03-12 16:14:03
4858b24a-59a0-4832-970f-b308ca53cbf2,Reni Nuraeni,1,"Sudah kesekian kalinya transfer uangnya nyangkut, terakhir Jum'at sore Minggu kemarin 3x telepon call center, uangnya belum kembali katanya maksimal 5 hari kerja tidak termasuk weekend, saya datang ke bank pikir saya uang saya bisa segera kembali ternyata sama saja CS nya malah menyalahkan BI fast Krn transfer nya pakai BI fast, padahal ini uang sendiri kenapa harus kayak ngemis2 biar uangnya kembali, ternyata banyak yang spt sy, perbaiki layanan dan sistemnya",2025-03-12 05:41:30
3f08f924-5ee2-47b2-8b67-ee37b38d6fb7,Afif Fuhrokim,1,"ini tombol login nya mana, udah milih punya rekening tabungan malah disuruh milih tabungan bukan masukin no rek",2025-03-12 02:38:08
